Iso3,CountryTerritoryArea,WHORegionName,Year,Specimen,PathogenName,AbTargets,TotalSpecimenIsolates,InterpretableAST,Resistant,PercentResistant,CalculatedPercentResistant,PercentDifference,valid_record
AFG,Afghanistan,Eastern Mediterranean Region,2019,Urine,Escherichia coli,Cefotaxime,28,12,8,66.6666666666667,66.66666666666666,4.263256414560601e-14,True
AFG,Afghanistan,Eastern Mediterranean Region,2019,Urine,Escherichia coli,Ceftazidime,28,14,3,21.4285714285714,21.428571428571427,-2.842170943040401e-14,True
AFG,Afghanistan,Eastern Mediterranean Region,2019,Urine,Escherichia coli,Ceftriaxone,28,27,19,70.3703703703704,70.37037037037037,2.842170943040401e-14,True
AFG,Afghanistan,Eastern Mediterranean Region,2019,Urine,Escherichia coli,Trimethoprim/sulfamethoxazole,28,16,11,68.75,68.75,0.0,True
ARE,United Arab Emirates,Eastern Mediterranean Region,2017,Blood,Acinetobacter,Amikacin,1982,29,6,20.6896551724138,20.689655172413794,7.105427357601002e-15,True
ARE,United Arab Emirates,Eastern Mediterranean Region,2017,Blood,Acinetobacter,Colistin,1982,24,2,8.33333333333333,8.333333333333332,-1.7763568394002505e-15,True
ARE,United Arab Emirates,Eastern Mediterranean Region,2017,Blood,Acinetobacter,Gentamicin,1982,67,27,40.2985074626866,40.298507462686565,3.552713678800501e-14,True
ARE,United Arab Emirates,Eastern Mediterranean Region,2017,Blood,Acinetobacter,Imipenem,1982,65,29,44.6153846153846,44.61538461538462,-2.1316282072803006e-14,True
ARE,United Arab Emirates,Eastern Mediterranean Region,2017,Blood,Acinetobacter,Meropenem,1982,68,29,42.6470588235294,42.64705882352941,-1.4210854715202004e-14,True
ARE,United Arab Emirates,Eastern Mediterranean Region,2017,Blood,Acinetobacter,Minocycline,1982,35,7,20.0,20.0,0.0,True
ARE,United Arab Emirates,Eastern Mediterranean Region,2017,Blood,Escherichia coli,Ampicillin,1982,623,477,76.5650080256822,76.56500802568218,2.842170943040401e-14,True
ARE,United Arab Emirates,Eastern Mediterranean Region,2017,Blood,Escherichia coli,Cefepime,1982,457,98,21.4442013129103,21.444201312910284,1.7763568394002505e-14,True
ARE,United Arab Emirates,Eastern Mediterranean Region,2017,Blood,Escherichia coli,Cefotaxime,1982,532,254,47.7443609022556,47.744360902255636,-3.552713678800501e-14,True
ARE,United Arab Emirates,Eastern Mediterranean Region,2017,Blood,Escherichia coli,Ceftazidime,1982,633,201,31.7535545023697,31.753554502369667,3.197442310920451e-14,True
ARE,United Arab Emirates,Eastern Mediterranean Region,2017,Blood,Escherichia coli,Ceftriaxone,1982,136,71,52.2058823529412,52.20588235294118,2.1316282072803006e-14,True
ARE,United Arab Emirates,Eastern Mediterranean Region,2017,Blood,Escherichia coli,Ciprofloxacin,1982,628,304,48.4076433121019,48.40764331210191,-1.4210854715202004e-14,True
ARE,United Arab Emirates,Eastern Mediterranean Region,2017,Blood,Escherichia coli,Colistin,1982,31,0,0.0,0.0,0.0,True
ARE,United Arab Emirates,Eastern Mediterranean Region,2017,Blood,Escherichia coli,Ertapenem,1982,357,11,3.0812324929972,3.081232492997199,8.881784197001252e-16,True
ARE,United Arab Emirates,Eastern Mediterranean Region,2017,Blood,Escherichia coli,Imipenem,1982,620,9,1.45161290322581,1.4516129032258065,3.552713678800501e-15,True
ARE,United Arab Emirates,Eastern Mediterranean Region,2017,Blood,Escherichia coli,Levofloxacin,1982,31,9,29.0322580645161,29.03225806451613,-3.197442310920451e-14,True
ARE,United Arab Emirates,Eastern Mediterranean Region,2017,Blood,Escherichia coli,Meropenem,1982,639,10,1.56494522691706,1.5649452269170578,2.220446049250313e-15,True
ARE,United Arab Emirates,Eastern Mediterranean Region,2017,Blood,Escherichia coli,Tinidazole,1982,136,71,52.2058823529412,52.20588235294118,2.1316282072803006e-14,True
ARE,United Arab Emirates,Eastern Mediterranean Region,2017,Blood,Escherichia coli,Trimethoprim/sulfamethoxazole,1982,634,342,53.9432176656151,53.94321766561514,-3.552713678800501e-14,True
ARE,United Arab Emirates,Eastern Mediterranean Region,2017,Blood,Klebsiella pneumoniae,Cefepime,1982,353,81,22.9461756373938,22.946175637393768,3.197442310920451e-14,True
ARE,United Arab Emirates,Eastern Mediterranean Region,2017,Blood,Klebsiella pneumoniae,Cefotaxime,1982,396,125,31.5656565656566,31.565656565656564,3.552713678800501e-14,True
ARE,United Arab Emirates,Eastern Mediterranean Region,2017,Blood,Klebsiella pneumoniae,Ceftazidime,1982,495,140,28.2828282828283,28.28282828282828,2.1316282072803006e-14,True
ARE,United Arab Emirates,Eastern Mediterranean Region,2017,Blood,Klebsiella pneumoniae,Ceftriaxone,1982,119,57,47.8991596638655,47.89915966386555,-4.973799150320701e-14,True
ARE,United Arab Emirates,Eastern Mediterranean Region,2017,Blood,Klebsiella pneumoniae,Ciprofloxacin,1982,486,116,23.8683127572016,23.868312757201647,-4.618527782440651e-14,True
ARE,United Arab Emirates,Eastern Mediterranean Region,2017,Blood,Klebsiella pneumoniae,Ertapenem,1982,259,29,11.1969111969112,11.196911196911197,3.552713678800501e-15,True
ARE,United Arab Emirates,Eastern Mediterranean Region,2017,Blood,Klebsiella pneumoniae,Imipenem,1982,476,47,9.87394957983193,9.873949579831933,-3.552713678800501e-15,True
ARE,United Arab Emirates,Eastern Mediterranean Region,2017,Blood,Klebsiella pneumoniae,Levofloxacin,1982,32,13,40.625,40.625,0.0,True
ARE,United Arab Emirates,Eastern Mediterranean Region,2017,Blood,Klebsiella pneumoniae,Meropenem,1982,495,63,12.7272727272727,12.727272727272727,-2.6645352591003757e-14,True
ARE,United Arab Emirates,Eastern Mediterranean Region,2017,Blood,Klebsiella pneumoniae,Trimethoprim/sulfamethoxazole,1982,496,162,32.6612903225806,32.66129032258064,-4.263256414560601e-14,True
ARE,United Arab Emirates,Eastern Mediterranean Region,2017,Blood,Salmonella,Cefotaxime,1982,59,1,1.69491525423729,1.694915254237288,1.9984014443252818e-15,True
ARE,United Arab Emirates,Eastern Mediterranean Region,2017,Blood,Salmonella,Ceftazidime,1982,67,0,0.0,0.0,0.0,True
ARE,United Arab Emirates,Eastern Mediterranean Region,2017,Blood,Salmonella,Ceftriaxone,1982,40,1,2.5,2.5,0.0,True
ARE,United Arab Emirates,Eastern Mediterranean Region,2017,Blood,Salmonella,Ciprofloxacin,1982,69,26,37.6811594202899,37.68115942028986,4.263256414560601e-14,True
ARE,United Arab Emirates,Eastern Mediterranean Region,2017,Blood,Salmonella,Ertapenem,1982,41,0,0.0,0.0,0.0,True
ARE,United Arab Emirates,Eastern Mediterranean Region,2017,Blood,Salmonella,Imipenem,1982,66,0,0.0,0.0,0.0,True
ARE,United Arab Emirates,Eastern Mediterranean Region,2017,Blood,Salmonella,Levofloxacin,1982,14,9,64.2857142857143,64.28571428571429,1.4210854715202004e-14,True
ARE,United Arab Emirates,Eastern Mediterranean Region,2017,Blood,Salmonella,Meropenem,1982,71,0,0.0,0.0,0.0,True
ARE,United Arab Emirates,Eastern Mediterranean Region,2017,Blood,Staphylococcus aureus,Meticillin,1982,364,124,34.0659340659341,34.065934065934066,3.552713678800501e-14,True
ARE,United Arab Emirates,Eastern Mediterranean Region,2017,Blood,Streptococcus pneumoniae,Benzylpenicillin,1982,66,20,30.3030303030303,30.303030303030305,-3.552713678800501e-15,True
ARE,United Arab Emirates,Eastern Mediterranean Region,2017,Blood,Streptococcus pneumoniae,Cefotaxime,1982,29,1,3.44827586206897,3.4482758620689653,4.884981308350689e-15,True
ARE,United Arab Emirates,Eastern Mediterranean Region,2017,Blood,Streptococcus pneumoniae,Ceftriaxone,1982,80,0,0.0,0.0,0.0,True
ARE,United Arab Emirates,Eastern Mediterranean Region,2017,Blood,Streptococcus pneumoniae,Trimethoprim/sulfamethoxazole,1982,59,12,20.3389830508475,20.33898305084746,3.907985046680551e-14,True
ARE,United Arab Emirates,Eastern Mediterranean Region,2017,Stool,Salmonella,Cefotaxime,653,278,11,3.9568345323741,3.9568345323741005,-4.440892098500626e-16,True
ARE,United Arab Emirates,Eastern Mediterranean Region,2017,Stool,Salmonella,Ceftazidime,653,334,10,2.9940119760479,2.9940119760479043,-4.440892098500626e-15,True
ARE,United Arab Emirates,Eastern Mediterranean Region,2017,Stool,Salmonella,Ceftriaxone,653,227,4,1.76211453744493,1.762114537444934,-3.9968028886505635e-15,True
ARE,United Arab Emirates,Eastern Mediterranean Region,2017,Stool,Salmonella,Ciprofloxacin,653,468,45,9.61538461538462,9.615384615384617,3.552713678800501e-15,True
ARE,United Arab Emirates,Eastern Mediterranean Region,2017,Stool,Salmonella,Ertapenem,653,265,0,0.0,0.0,0.0,True
ARE,United Arab Emirates,Eastern Mediterranean Region,2017,Stool,Salmonella,Imipenem,653,322,0,0.0,0.0,0.0,True
ARE,United Arab Emirates,Eastern Mediterranean Region,2017,Stool,Salmonella,Levofloxacin,653,40,3,7.5,7.5,0.0,True
ARE,United Arab Emirates,Eastern Mediterranean Region,2017,Stool,Salmonella,Meropenem,653,334,0,0.0,0.0,0.0,True
ARE,United Arab Emirates,Eastern Mediterranean Region,2017,Stool,Shigella,Cefotaxime,653,23,8,34.7826086956522,34.78260869565217,2.842170943040401e-14,True
ARE,United Arab Emirates,Eastern Mediterranean Region,2017,Stool,Shigella,Ceftazidime,653,32,2,6.25,6.25,0.0,True
ARE,United Arab Emirates,Eastern Mediterranean Region,2017,Stool,Shigella,Ceftriaxone,653,37,10,27.027027027027,27.027027027027028,-2.842170943040401e-14,True
ARE,United Arab Emirates,Eastern Mediterranean Region,2017,Stool,Shigella,Ciprofloxacin,653,58,8,13.7931034482759,13.793103448275861,3.907985046680551e-14,True
ARE,United Arab Emirates,Eastern Mediterranean Region,2017,Urine,Escherichia coli,Ampicillin,13558,8982,5869,65.3417947005121,65.34179470051214,-4.263256414560601e-14,True
ARE,United Arab Emirates,Eastern Mediterranean Region,2017,Urine,Escherichia coli,Cefepime,13558,6533,752,11.5107913669065,11.510791366906476,2.3092638912203256e-14,True
ARE,United Arab Emirates,Eastern Mediterranean Region,2017,Urine,Escherichia coli,Cefotaxime,13558,6524,2086,31.9742489270386,31.97424892703863,-2.842170943040401e-14,True
ARE,United Arab Emirates,Eastern Mediterranean Region,2017,Urine,Escherichia coli,Ceftazidime,13558,8798,1643,18.6746987951807,18.67469879518072,-2.1316282072803006e-14,True
ARE,United Arab Emirates,Eastern Mediterranean Region,2017,Urine,Escherichia coli,Ceftriaxone,13558,2477,832,33.589018974566,33.58901897456601,-7.105427357601002e-15,True
ARE,United Arab Emirates,Eastern Mediterranean Region,2017,Urine,Escherichia coli,Ciprofloxacin,13558,9554,3189,33.3786895541135,33.378689554113464,3.552713678800501e-14,True
ARE,United Arab Emirates,Eastern Mediterranean Region,2017,Urine,Escherichia coli,Colistin,13558,59,0,0.0,0.0,0.0,True
ARE,United Arab Emirates,Eastern Mediterranean Region,2017,Urine,Escherichia coli,Ertapenem,13558,4476,35,0.781948168007149,0.7819481680071492,-2.220446049250313e-16,True
ARE,United Arab Emirates,Eastern Mediterranean Region,2017,Urine,Escherichia coli,Imipenem,13558,8670,44,0.507497116493656,0.5074971164936563,-2.220446049250313e-16,True
ARE,United Arab Emirates,Eastern Mediterranean Region,2017,Urine,Escherichia coli,Levofloxacin,13558,790,201,25.4430379746835,25.44303797468355,-4.973799150320701e-14,True
ARE,United Arab Emirates,Eastern Mediterranean Region,2017,Urine,Escherichia coli,Meropenem,13558,9075,46,0.506887052341598,0.5068870523415978,2.220446049250313e-16,True
ARE,United Arab Emirates,Eastern Mediterranean Region,2017,Urine,Escherichia coli,Trimethoprim/sulfamethoxazole,13558,9950,4101,41.21608040201,41.21608040201005,-4.973799150320701e-14,True
ARE,United Arab Emirates,Eastern Mediterranean Region,2017,Urine,Klebsiella pneumoniae,Cefepime,13558,1965,273,13.8931297709924,13.893129770992365,3.552713678800501e-14,True
ARE,United Arab Emirates,Eastern Mediterranean Region,2017,Urine,Klebsiella pneumoniae,Cefotaxime,13558,1976,568,28.7449392712551,28.74493927125506,3.907985046680551e-14,True
ARE,United Arab Emirates,Eastern Mediterranean Region,2017,Urine,Klebsiella pneumoniae,Ceftazidime,13558,2653,549,20.6935544666415,20.693554466641537,-3.552713678800501e-14,True
ARE,United Arab Emirates,Eastern Mediterranean Region,2017,Urine,Klebsiella pneumoniae,Ceftriaxone,13558,724,226,31.2154696132597,31.215469613259668,3.197442310920451e-14,True
ARE,United Arab Emirates,Eastern Mediterranean Region,2017,Urine,Klebsiella pneumoniae,Ciprofloxacin,13558,2829,428,15.1290208554259,15.129020855425946,-4.618527782440651e-14,True
ARE,United Arab Emirates,Eastern Mediterranean Region,2017,Urine,Klebsiella pneumoniae,Colistin,13558,82,14,17.0731707317073,17.073170731707318,-1.7763568394002505e-14,True
ARE,United Arab Emirates,Eastern Mediterranean Region,2017,Urine,Klebsiella pneumoniae,Ertapenem,13558,1340,66,4.92537313432836,4.925373134328359,1.7763568394002505e-15,True
ARE,United Arab Emirates,Eastern Mediterranean Region,2017,Urine,Klebsiella pneumoniae,Imipenem,13558,2615,136,5.20076481835564,5.2007648183556405,-8.881784197001252e-16,True
ARE,United Arab Emirates,Eastern Mediterranean Region,2017,Urine,Klebsiella pneumoniae,Levofloxacin,13558,193,19,9.84455958549223,9.844559585492227,1.7763568394002505e-15,True
ARE,United Arab Emirates,Eastern Mediterranean Region,2017,Urine,Klebsiella pneumoniae,Meropenem,13558,2714,164,6.04274134119381,6.0427413411938105,-8.881784197001252e-16,True
ARE,United Arab Emirates,Eastern Mediterranean Region,2017,Urine,Klebsiella pneumoniae,Trimethoprim/sulfamethoxazole,13558,2938,856,29.1354663036079,29.1354663036079,0.0,True
ARE,United Arab Emirates,Eastern Mediterranean Region,2018,Blood,Acinetobacter,Amikacin,2452,17,3,17.6470588235294,17.647058823529413,-1.4210854715202004e-14,True
ARE,United Arab Emirates,Eastern Mediterranean Region,2018,Blood,Acinetobacter,Colistin,2452,22,1,4.54545454545455,4.545454545454546,4.440892098500626e-15,True
ARE,United Arab Emirates,Eastern Mediterranean Region,2018,Blood,Acinetobacter,Gentamicin,2452,103,46,44.6601941747573,44.66019417475729,1.4210854715202004e-14,True
ARE,United Arab Emirates,Eastern Mediterranean Region,2018,Blood,Acinetobacter,Imipenem,2452,98,46,46.9387755102041,46.93877551020408,2.1316282072803006e-14,True
ARE,United Arab Emirates,Eastern Mediterranean Region,2018,Blood,Acinetobacter,Meropenem,2452,99,46,46.4646464646465,46.464646464646464,3.552713678800501e-14,True
ARE,United Arab Emirates,Eastern Mediterranean Region,2018,Blood,Acinetobacter,Minocycline,2452,43,12,27.906976744186,27.906976744186046,-4.618527782440651e-14,True
ARE,United Arab Emirates,Eastern Mediterranean Region,2018,Blood,Escherichia coli,Ampicillin,2452,787,600,76.2388818297332,76.23888182973316,4.263256414560601e-14,True
ARE,United Arab Emirates,Eastern Mediterranean Region,2018,Blood,Escherichia coli,Cefepime,2452,607,113,18.6161449752883,18.616144975288304,-3.552713678800501e-15,True
ARE,United Arab Emirates,Eastern Mediterranean Region,2018,Blood,Escherichia coli,Cefotaxime,2452,584,280,47.945205479452,47.94520547945205,-4.973799150320701e-14,True
ARE,United Arab Emirates,Eastern Mediterranean Region,2018,Blood,Escherichia coli,Ceftazidime,2452,783,216,27.5862068965517,27.586206896551722,-2.1316282072803006e-14,True
ARE,United Arab Emirates,Eastern Mediterranean Region,2018,Blood,Escherichia coli,Ceftriaxone,2452,209,100,47.8468899521531,47.84688995215311,-1.4210854715202004e-14,True
ARE,United Arab Emirates,Eastern Mediterranean Region,2018,Blood,Escherichia coli,Ciprofloxacin,2452,791,431,54.48798988622,54.48798988621998,2.1316282072803006e-14,True
ARE,United Arab Emirates,Eastern Mediterranean Region,2018,Blood,Escherichia coli,Colistin,2452,19,0,0.0,0.0,0.0,True
ARE,United Arab Emirates,Eastern Mediterranean Region,2018,Blood,Escherichia coli,Ertapenem,2452,391,10,2.55754475703325,2.557544757033248,1.7763568394002505e-15,True
ARE,United Arab Emirates,Eastern Mediterranean Region,2018,Blood,Escherichia coli,Imipenem,2452,762,10,1.31233595800525,1.3123359580052494,6.661338147750939e-16,True
ARE,United Arab Emirates,Eastern Mediterranean Region,2018,Blood,Escherichia coli,Levofloxacin,2452,41,20,48.780487804878,48.78048780487805,-4.973799150320701e-14,True
ARE,United Arab Emirates,Eastern Mediterranean Region,2018,Blood,Escherichia coli,Meropenem,2452,787,11,1.39771283354511,1.3977128335451081,1.7763568394002505e-15,True
ARE,United Arab Emirates,Eastern Mediterranean Region,2018,Blood,Escherichia coli,Tinidazole,2452,584,280,47.945205479452,47.94520547945205,-4.973799150320701e-14,True
ARE,United Arab Emirates,Eastern Mediterranean Region,2018,Blood,Escherichia coli,Trimethoprim/sulfamethoxazole,2452,791,411,51.9595448798989,51.959544879898864,3.552713678800501e-14,True
ARE,United Arab Emirates,Eastern Mediterranean Region,2018,Blood,Klebsiella pneumoniae,Cefepime,2452,428,100,23.3644859813084,23.364485981308412,-1.4210854715202004e-14,True
ARE,United Arab Emirates,Eastern Mediterranean Region,2018,Blood,Klebsiella pneumoniae,Cefotaxime,2452,418,136,32.5358851674641,32.535885167464116,-1.4210854715202004e-14,True
ARE,United Arab Emirates,Eastern Mediterranean Region,2018,Blood,Klebsiella pneumoniae,Ceftazidime,2452,560,165,29.4642857142857,29.464285714285715,-1.4210854715202004e-14,True
ARE,United Arab Emirates,Eastern Mediterranean Region,2018,Blood,Klebsiella pneumoniae,Ceftriaxone,2452,150,80,53.3333333333333,53.333333333333336,-3.552713678800501e-14,True
ARE,United Arab Emirates,Eastern Mediterranean Region,2018,Blood,Klebsiella pneumoniae,Ciprofloxacin,2452,567,234,41.2698412698413,41.269841269841265,3.552713678800501e-14,True
ARE,United Arab Emirates,Eastern Mediterranean Region,2018,Blood,Klebsiella pneumoniae,Ertapenem,2452,262,31,11.8320610687023,11.83206106870229,1.0658141036401503e-14,True
ARE,United Arab Emirates,Eastern Mediterranean Region,2018,Blood,Klebsiella pneumoniae,Imipenem,2452,545,47,8.62385321100918,8.623853211009175,5.329070518200751e-15,True
ARE,United Arab Emirates,Eastern Mediterranean Region,2018,Blood,Klebsiella pneumoniae,Levofloxacin,2452,17,7,41.1764705882353,41.17647058823529,7.105427357601002e-15,True
ARE,United Arab Emirates,Eastern Mediterranean Region,2018,Blood,Klebsiella pneumoniae,Meropenem,2452,563,71,12.6110124333925,12.61101243339254,-4.085620730620576e-14,True
ARE,United Arab Emirates,Eastern Mediterranean Region,2018,Blood,Klebsiella pneumoniae,Trimethoprim/sulfamethoxazole,2452,564,215,38.1205673758865,38.12056737588653,-2.842170943040401e-14,True
ARE,United Arab Emirates,Eastern Mediterranean Region,2018,Blood,Salmonella,Cefotaxime,2452,67,4,5.97014925373134,5.970149253731343,-2.6645352591003757e-15,True
ARE,United Arab Emirates,Eastern Mediterranean Region,2018,Blood,Salmonella,Ceftazidime,2452,106,11,10.377358490566,10.377358490566039,-3.907985046680551e-14,True
ARE,United Arab Emirates,Eastern Mediterranean Region,2018,Blood,Salmonella,Ceftriaxone,2452,46,8,17.3913043478261,17.391304347826086,1.4210854715202004e-14,True
ARE,United Arab Emirates,Eastern Mediterranean Region,2018,Blood,Salmonella,Ciprofloxacin,2452,92,36,39.1304347826087,39.130434782608695,7.105427357601002e-15,True
ARE,United Arab Emirates,Eastern Mediterranean Region,2018,Blood,Salmonella,Ertapenem,2452,55,1,1.81818181818182,1.8181818181818181,1.7763568394002505e-15,True
ARE,United Arab Emirates,Eastern Mediterranean Region,2018,Blood,Salmonella,Imipenem,2452,104,0,0.0,0.0,0.0,True
ARE,United Arab Emirates,Eastern Mediterranean Region,2018,Blood,Salmonella,Levofloxacin,2452,22,3,13.6363636363636,13.636363636363635,-3.552713678800501e-14,True
ARE,United Arab Emirates,Eastern Mediterranean Region,2018,Blood,Salmonella,Meropenem,2452,106,0,0.0,0.0,0.0,True
ARE,United Arab Emirates,Eastern Mediterranean Region,2018,Blood,Staphylococcus aureus,Meticillin,2452,447,123,27.5167785234899,27.516778523489933,-3.197442310920451e-14,True
ARE,United Arab Emirates,Eastern Mediterranean Region,2018,Blood,Streptococcus pneumoniae,Benzylpenicillin,2452,67,26,38.8059701492537,38.80597014925373,-2.842170943040401e-14,True
ARE,United Arab Emirates,Eastern Mediterranean Region,2018,Blood,Streptococcus pneumoniae,Cefotaxime,2452,41,1,2.4390243902439,2.4390243902439024,-2.220446049250313e-15,True
ARE,United Arab Emirates,Eastern Mediterranean Region,2018,Blood,Streptococcus pneumoniae,Ceftriaxone,2452,72,0,0.0,0.0,0.0,True
ARE,United Arab Emirates,Eastern Mediterranean Region,2018,Blood,Streptococcus pneumoniae,Trimethoprim/sulfamethoxazole,2452,84,20,23.8095238095238,23.809523809523807,-7.105427357601002e-15,True
ARE,United Arab Emirates,Eastern Mediterranean Region,2018,Stool,Salmonella,Cefotaxime,818,245,10,4.08163265306122,4.081632653061225,-4.440892098500626e-15,True
ARE,United Arab Emirates,Eastern Mediterranean Region,2018,Stool,Salmonella,Ceftazidime,818,445,15,3.37078651685393,3.3707865168539324,-2.220446049250313e-15,True
ARE,United Arab Emirates,Eastern Mediterranean Region,2018,Stool,Salmonella,Ceftriaxone,818,240,11,4.58333333333333,4.583333333333333,-2.6645352591003757e-15,True
ARE,United Arab Emirates,Eastern Mediterranean Region,2018,Stool,Salmonella,Ciprofloxacin,818,305,37,12.1311475409836,12.131147540983607,-7.105427357601002e-15,True
ARE,United Arab Emirates,Eastern Mediterranean Region,2018,Stool,Salmonella,Ertapenem,818,230,0,0.0,0.0,0.0,True
ARE,United Arab Emirates,Eastern Mediterranean Region,2018,Stool,Salmonella,Imipenem,818,443,0,0.0,0.0,0.0,True
ARE,United Arab Emirates,Eastern Mediterranean Region,2018,Stool,Salmonella,Levofloxacin,818,73,8,10.958904109589,10.95890410958904,-4.085620730620576e-14,True
ARE,United Arab Emirates,Eastern Mediterranean Region,2018,Stool,Salmonella,Meropenem,818,446,0,0.0,0.0,0.0,True
ARE,United Arab Emirates,Eastern Mediterranean Region,2018,Stool,Shigella,Cefotaxime,818,33,10,30.3030303030303,30.303030303030305,-3.552713678800501e-15,True
ARE,United Arab Emirates,Eastern Mediterranean Region,2018,Stool,Shigella,Ceftazidime,818,75,2,2.66666666666667,2.666666666666667,3.1086244689504383e-15,True
ARE,United Arab Emirates,Eastern Mediterranean Region,2018,Stool,Shigella,Ceftriaxone,818,44,15,34.0909090909091,34.090909090909086,1.4210854715202004e-14,True
ARE,United Arab Emirates,Eastern Mediterranean Region,2018,Stool,Shigella,Ciprofloxacin,818,86,35,40.6976744186046,40.69767441860465,-4.973799150320701e-14,True
ARE,United Arab Emirates,Eastern Mediterranean Region,2018,Urine,Escherichia coli,Ampicillin,22331,15083,9677,64.1583239408606,64.15832394086057,2.842170943040401e-14,True
ARE,United Arab Emirates,Eastern Mediterranean Region,2018,Urine,Escherichia coli,Cefepime,22331,12251,1656,13.5172638968247,13.51726389682475,-4.973799150320701e-14,True
ARE,United Arab Emirates,Eastern Mediterranean Region,2018,Urine,Escherichia coli,Cefotaxime,22331,8280,2869,34.6497584541063,34.649758454106276,2.1316282072803006e-14,True
ARE,United Arab Emirates,Eastern Mediterranean Region,2018,Urine,Escherichia coli,Ceftazidime,22331,14764,2726,18.4638309401246,18.46383094012463,-3.197442310920451e-14,True
ARE,United Arab Emirates,Eastern Mediterranean Region,2018,Urine,Escherichia coli,Ceftriaxone,22331,6649,2008,30.2000300797112,30.200030079711237,-3.552713678800501e-14,True
ARE,United Arab Emirates,Eastern Mediterranean Region,2018,Urine,Escherichia coli,Ciprofloxacin,22331,15063,5788,38.4252804886145,38.42528048861449,7.105427357601002e-15,True
ARE,United Arab Emirates,Eastern Mediterranean Region,2018,Urine,Escherichia coli,Colistin,22331,1836,38,2.06971677559913,2.0697167755991286,1.3322676295501878e-15,True
ARE,United Arab Emirates,Eastern Mediterranean Region,2018,Urine,Escherichia coli,Ertapenem,22331,8035,135,1.68014934660859,1.6801493466085875,2.4424906541753444e-15,True
ARE,United Arab Emirates,Eastern Mediterranean Region,2018,Urine,Escherichia coli,Imipenem,22331,14071,73,0.518797526828228,0.5187975268282283,-3.3306690738754696e-16,True
ARE,United Arab Emirates,Eastern Mediterranean Region,2018,Urine,Escherichia coli,Levofloxacin,22331,2986,864,28.9350301406564,28.935030140656398,3.552713678800501e-15,True
ARE,United Arab Emirates,Eastern Mediterranean Region,2018,Urine,Escherichia coli,Meropenem,22331,14727,114,0.774088409044612,0.774088409044612,0.0,True
ARE,United Arab Emirates,Eastern Mediterranean Region,2018,Urine,Escherichia coli,Trimethoprim/sulfamethoxazole,22331,15056,6207,41.2260892667375,41.22608926673752,-1.4210854715202004e-14,True
ARE,United Arab Emirates,Eastern Mediterranean Region,2018,Urine,Klebsiella pneumoniae,Cefepime,22331,3641,594,16.3141993957704,16.314199395770395,7.105427357601002e-15,True
ARE,United Arab Emirates,Eastern Mediterranean Region,2018,Urine,Klebsiella pneumoniae,Cefotaxime,22331,2568,807,31.4252336448598,31.425233644859812,-1.0658141036401503e-14,True
ARE,United Arab Emirates,Eastern Mediterranean Region,2018,Urine,Klebsiella pneumoniae,Ceftazidime,22331,4355,1020,23.4213547646383,23.421354764638348,-4.973799150320701e-14,True
ARE,United Arab Emirates,Eastern Mediterranean Region,2018,Urine,Klebsiella pneumoniae,Ceftriaxone,22331,1829,562,30.7271733187534,30.727173318753415,-1.4210854715202004e-14,True
ARE,United Arab Emirates,Eastern Mediterranean Region,2018,Urine,Klebsiella pneumoniae,Ciprofloxacin,22331,4443,1320,29.7096556380824,29.709655638082378,2.1316282072803006e-14,True
ARE,United Arab Emirates,Eastern Mediterranean Region,2018,Urine,Klebsiella pneumoniae,Colistin,22331,453,13,2.86975717439294,2.869757174392936,3.9968028886505635e-15,True
ARE,United Arab Emirates,Eastern Mediterranean Region,2018,Urine,Klebsiella pneumoniae,Ertapenem,22331,2381,176,7.39185216295674,7.3918521629567415,-1.7763568394002505e-15,True
ARE,United Arab Emirates,Eastern Mediterranean Region,2018,Urine,Klebsiella pneumoniae,Imipenem,22331,4050,218,5.38271604938272,5.382716049382716,4.440892098500626e-15,True
ARE,United Arab Emirates,Eastern Mediterranean Region,2018,Urine,Klebsiella pneumoniae,Levofloxacin,22331,662,86,12.9909365558912,12.990936555891238,-3.907985046680551e-14,True
ARE,United Arab Emirates,Eastern Mediterranean Region,2018,Urine,Klebsiella pneumoniae,Meropenem,22331,4336,271,6.25,6.25,0.0,True
ARE,United Arab Emirates,Eastern Mediterranean Region,2018,Urine,Klebsiella pneumoniae,Trimethoprim/sulfamethoxazole,22331,4442,1349,30.3692030616839,30.369203061683926,-2.4868995751603507e-14,True
ARE,United Arab Emirates,Eastern Mediterranean Region,2019,Blood,Acinetobacter,Amikacin,2464,15,5,33.3333333333333,33.33333333333333,-2.842170943040401e-14,True
ARE,United Arab Emirates,Eastern Mediterranean Region,2019,Blood,Acinetobacter,Colistin,2464,23,1,4.34782608695652,4.3478260869565215,-1.7763568394002505e-15,True
ARE,United Arab Emirates,Eastern Mediterranean Region,2019,Blood,Acinetobacter,Gentamicin,2464,97,35,36.0824742268041,36.08247422680412,-2.1316282072803006e-14,True
ARE,United Arab Emirates,Eastern Mediterranean Region,2019,Blood,Acinetobacter,Imipenem,2464,95,40,42.1052631578947,42.10526315789473,-3.552713678800501e-14,True
ARE,United Arab Emirates,Eastern Mediterranean Region,2019,Blood,Acinetobacter,Meropenem,2464,96,40,41.6666666666667,41.66666666666667,2.842170943040401e-14,True
ARE,United Arab Emirates,Eastern Mediterranean Region,2019,Blood,Acinetobacter,Minocycline,2464,44,3,6.81818181818182,6.8181818181818175,2.6645352591003757e-15,True
ARE,United Arab Emirates,Eastern Mediterranean Region,2019,Blood,Escherichia coli,Ampicillin,2464,721,529,73.370319001387,73.37031900138696,4.263256414560601e-14,True
ARE,United Arab Emirates,Eastern Mediterranean Region,2019,Blood,Escherichia coli,Cefepime,2464,512,76,14.84375,14.84375,0.0,True
ARE,United Arab Emirates,Eastern Mediterranean Region,2019,Blood,Escherichia coli,Cefotaxime,2464,528,228,43.1818181818182,43.18181818181818,2.1316282072803006e-14,True
ARE,United Arab Emirates,Eastern Mediterranean Region,2019,Blood,Escherichia coli,Ceftazidime,2464,742,186,25.0673854447439,25.067385444743934,-3.552713678800501e-14,True
ARE,United Arab Emirates,Eastern Mediterranean Region,2019,Blood,Escherichia coli,Ceftriaxone,2464,293,135,46.0750853242321,46.075085324232084,1.4210854715202004e-14,True
ARE,United Arab Emirates,Eastern Mediterranean Region,2019,Blood,Escherichia coli,Ciprofloxacin,2464,759,372,49.0118577075099,49.01185770750988,1.4210854715202004e-14,True
ARE,United Arab Emirates,Eastern Mediterranean Region,2019,Blood,Escherichia coli,Colistin,2464,36,0,0.0,0.0,0.0,True
ARE,United Arab Emirates,Eastern Mediterranean Region,2019,Blood,Escherichia coli,Ertapenem,2464,381,9,2.36220472440945,2.3622047244094486,1.3322676295501878e-15,True
ARE,United Arab Emirates,Eastern Mediterranean Region,2019,Blood,Escherichia coli,Imipenem,2464,716,6,0.837988826815642,0.8379888268156425,-4.440892098500626e-16,True
ARE,United Arab Emirates,Eastern Mediterranean Region,2019,Blood,Escherichia coli,Levofloxacin,2464,42,20,47.6190476190476,47.61904761904761,-1.4210854715202004e-14,True
ARE,United Arab Emirates,Eastern Mediterranean Region,2019,Blood,Escherichia coli,Meropenem,2464,741,7,0.944669365721997,0.9446693657219973,-3.3306690738754696e-16,True
ARE,United Arab Emirates,Eastern Mediterranean Region,2019,Blood,Escherichia coli,Tinidazole,2464,293,135,46.0750853242321,46.075085324232084,1.4210854715202004e-14,True
ARE,United Arab Emirates,Eastern Mediterranean Region,2019,Blood,Escherichia coli,Trimethoprim/sulfamethoxazole,2464,729,352,48.2853223593964,48.28532235939643,-2.842170943040401e-14,True
ARE,United Arab Emirates,Eastern Mediterranean Region,2019,Blood,Klebsiella pneumoniae,Cefepime,2464,391,97,24.8081841432225,24.808184143222505,-3.552713678800501e-15,True
ARE,United Arab Emirates,Eastern Mediterranean Region,2019,Blood,Klebsiella pneumoniae,Cefotaxime,2464,376,144,38.2978723404255,38.297872340425535,-3.552713678800501e-14,True
ARE,United Arab Emirates,Eastern Mediterranean Region,2019,Blood,Klebsiella pneumoniae,Ceftazidime,2464,519,158,30.4431599229287,30.443159922928707,-7.105427357601002e-15,True
ARE,United Arab Emirates,Eastern Mediterranean Region,2019,Blood,Klebsiella pneumoniae,Ceftriaxone,2464,209,88,42.1052631578947,42.10526315789473,-3.552713678800501e-14,True
ARE,United Arab Emirates,Eastern Mediterranean Region,2019,Blood,Klebsiella pneumoniae,Ciprofloxacin,2464,528,212,40.1515151515151,40.15151515151515,-4.973799150320701e-14,True
ARE,United Arab Emirates,Eastern Mediterranean Region,2019,Blood,Klebsiella pneumoniae,Colistin,2464,24,5,20.8333333333333,20.833333333333336,-3.552713678800501e-14,True
ARE,United Arab Emirates,Eastern Mediterranean Region,2019,Blood,Klebsiella pneumoniae,Ertapenem,2464,291,30,10.3092783505155,10.309278350515463,3.730349362740526e-14,True
ARE,United Arab Emirates,Eastern Mediterranean Region,2019,Blood,Klebsiella pneumoniae,Imipenem,2464,504,37,7.34126984126984,7.341269841269842,-1.7763568394002505e-15,True
ARE,United Arab Emirates,Eastern Mediterranean Region,2019,Blood,Klebsiella pneumoniae,Levofloxacin,2464,27,5,18.5185185185185,18.51851851851852,-1.7763568394002505e-14,True
ARE,United Arab Emirates,Eastern Mediterranean Region,2019,Blood,Klebsiella pneumoniae,Meropenem,2464,520,57,10.9615384615385,10.961538461538462,3.907985046680551e-14,True
ARE,United Arab Emirates,Eastern Mediterranean Region,2019,Blood,Klebsiella pneumoniae,Trimethoprim/sulfamethoxazole,2464,511,176,34.4422700587084,34.44227005870842,-1.4210854715202004e-14,True
ARE,United Arab Emirates,Eastern Mediterranean Region,2019,Blood,Salmonella,Cefotaxime,2464,93,15,16.1290322580645,16.129032258064516,-1.7763568394002505e-14,True
ARE,United Arab Emirates,Eastern Mediterranean Region,2019,Blood,Salmonella,Ceftazidime,2464,130,19,14.6153846153846,14.615384615384617,-1.5987211554602254e-14,True
ARE,United Arab Emirates,Eastern Mediterranean Region,2019,Blood,Salmonella,Ceftriaxone,2464,62,9,14.5161290322581,14.516129032258066,3.375077994860476e-14,True
ARE,United Arab Emirates,Eastern Mediterranean Region,2019,Blood,Salmonella,Ciprofloxacin,2464,107,53,49.5327102803738,49.532710280373834,-3.552713678800501e-14,True
ARE,United Arab Emirates,Eastern Mediterranean Region,2019,Blood,Salmonella,Ertapenem,2464,71,0,0.0,0.0,0.0,True
ARE,United Arab Emirates,Eastern Mediterranean Region,2019,Blood,Salmonella,Imipenem,2464,129,0,0.0,0.0,0.0,True
ARE,United Arab Emirates,Eastern Mediterranean Region,2019,Blood,Salmonella,Levofloxacin,2464,15,6,40.0,40.0,0.0,True
ARE,United Arab Emirates,Eastern Mediterranean Region,2019,Blood,Salmonella,Meropenem,2464,130,0,0.0,0.0,0.0,True
ARE,United Arab Emirates,Eastern Mediterranean Region,2019,Blood,Staphylococcus aureus,Cefoxitin,2464,207,75,36.231884057971,36.231884057971016,-1.4210854715202004e-14,True
ARE,United Arab Emirates,Eastern Mediterranean Region,2019,Blood,Staphylococcus aureus,Meticillin,2464,207,75,36.231884057971,36.231884057971016,-1.4210854715202004e-14,True
ARE,United Arab Emirates,Eastern Mediterranean Region,2019,Blood,Staphylococcus aureus,Oxacillin,2464,446,156,34.9775784753363,34.97757847533632,-2.1316282072803006e-14,True
ARE,United Arab Emirates,Eastern Mediterranean Region,2019,Blood,Streptococcus pneumoniae,Benzylpenicillin,2464,98,36,36.734693877551,36.734693877551024,-2.1316282072803006e-14,True
ARE,United Arab Emirates,Eastern Mediterranean Region,2019,Blood,Streptococcus pneumoniae,Cefotaxime,2464,68,1,1.47058823529412,1.4705882352941175,2.4424906541753444e-15,True
ARE,United Arab Emirates,Eastern Mediterranean Region,2019,Blood,Streptococcus pneumoniae,Ceftriaxone,2464,100,1,1.0,1.0,0.0,True
ARE,United Arab Emirates,Eastern Mediterranean Region,2019,Blood,Streptococcus pneumoniae,Trimethoprim/sulfamethoxazole,2464,105,29,27.6190476190476,27.61904761904762,-2.1316282072803006e-14,True
ARE,United Arab Emirates,Eastern Mediterranean Region,2019,Genital,Neisseria gonorrhoeae,Ceftriaxone,180,111,12,10.8108108108108,10.81081081081081,-1.0658141036401503e-14,True
ARE,United Arab Emirates,Eastern Mediterranean Region,2019,Stool,Salmonella,Cefotaxime,1005,412,19,4.61165048543689,4.611650485436893,-3.552713678800501e-15,True
ARE,United Arab Emirates,Eastern Mediterranean Region,2019,Stool,Salmonella,Ceftazidime,1005,605,26,4.29752066115702,4.297520661157025,-4.440892098500626e-15,True
ARE,United Arab Emirates,Eastern Mediterranean Region,2019,Stool,Salmonella,Ceftriaxone,1005,396,21,5.3030303030303,5.303030303030303,-2.6645352591003757e-15,True
ARE,United Arab Emirates,Eastern Mediterranean Region,2019,Stool,Salmonella,Ciprofloxacin,1005,416,48,11.5384615384615,11.538461538461538,-3.907985046680551e-14,True
ARE,United Arab Emirates,Eastern Mediterranean Region,2019,Stool,Salmonella,Ertapenem,1005,419,2,0.477326968973747,0.47732696897374705,-5.551115123125783e-17,True
ARE,United Arab Emirates,Eastern Mediterranean Region,2019,Stool,Salmonella,Imipenem,1005,599,3,0.500834724540901,0.5008347245409015,-4.440892098500626e-16,True
ARE,United Arab Emirates,Eastern Mediterranean Region,2019,Stool,Salmonella,Levofloxacin,1005,139,6,4.31654676258993,4.316546762589928,1.7763568394002505e-15,True
ARE,United Arab Emirates,Eastern Mediterranean Region,2019,Stool,Salmonella,Meropenem,1005,599,0,0.0,0.0,0.0,True
ARE,United Arab Emirates,Eastern Mediterranean Region,2019,Stool,Shigella,Cefotaxime,1005,39,18,46.1538461538462,46.15384615384615,4.973799150320701e-14,True
ARE,United Arab Emirates,Eastern Mediterranean Region,2019,Stool,Shigella,Ceftazidime,1005,50,1,2.0,2.0,0.0,True
ARE,United Arab Emirates,Eastern Mediterranean Region,2019,Stool,Shigella,Ceftriaxone,1005,45,17,37.7777777777778,37.77777777777778,2.1316282072803006e-14,True
ARE,United Arab Emirates,Eastern Mediterranean Region,2019,Stool,Shigella,Ciprofloxacin,1005,50,18,36.0,36.0,0.0,True
ARE,United Arab Emirates,Eastern Mediterranean Region,2019,Urine,Escherichia coli,Ampicillin,27055,17771,11021,62.0167688931405,62.01676889314051,-7.105427357601002e-15,True
ARE,United Arab Emirates,Eastern Mediterranean Region,2019,Urine,Escherichia coli,Cefepime,27055,14385,2042,14.1953423705249,14.195342370524852,4.796163466380676e-14,True
ARE,United Arab Emirates,Eastern Mediterranean Region,2019,Urine,Escherichia coli,Cefotaxime,27055,13370,4122,30.8302169035153,30.830216903515336,-3.552713678800501e-14,True
ARE,United Arab Emirates,Eastern Mediterranean Region,2019,Urine,Escherichia coli,Ceftazidime,27055,17712,3244,18.3152664859982,18.315266485998194,7.105427357601002e-15,True
ARE,United Arab Emirates,Eastern Mediterranean Region,2019,Urine,Escherichia coli,Ceftriaxone,27055,8314,2252,27.0868414722155,27.08684147221554,-3.907985046680551e-14,True
ARE,United Arab Emirates,Eastern Mediterranean Region,2019,Urine,Escherichia coli,Ciprofloxacin,27055,17801,7521,42.2504353687995,42.25043536879951,-7.105427357601002e-15,True
ARE,United Arab Emirates,Eastern Mediterranean Region,2019,Urine,Escherichia coli,Colistin,27055,2744,26,0.947521865889213,0.9475218658892128,2.220446049250313e-16,True
ARE,United Arab Emirates,Eastern Mediterranean Region,2019,Urine,Escherichia coli,Ertapenem,27055,12848,115,0.895080946450809,0.8950809464508094,-3.3306690738754696e-16,True
ARE,United Arab Emirates,Eastern Mediterranean Region,2019,Urine,Escherichia coli,Imipenem,27055,15406,73,0.473841360508893,0.47384136050889264,3.3306690738754696e-16,True
ARE,United Arab Emirates,Eastern Mediterranean Region,2019,Urine,Escherichia coli,Levofloxacin,27055,6296,2984,47.3951715374841,47.39517153748412,-1.4210854715202004e-14,True
ARE,United Arab Emirates,Eastern Mediterranean Region,2019,Urine,Escherichia coli,Meropenem,27055,17690,88,0.497456189937818,0.49745618993781804,-5.551115123125783e-17,True
ARE,United Arab Emirates,Eastern Mediterranean Region,2019,Urine,Escherichia coli,Trimethoprim/sulfamethoxazole,27055,17843,6939,38.8892002465953,38.8892002465953,0.0,True
ARE,United Arab Emirates,Eastern Mediterranean Region,2019,Urine,Klebsiella pneumoniae,Cefepime,27055,4496,642,14.279359430605,14.279359430604982,1.7763568394002505e-14,True
ARE,United Arab Emirates,Eastern Mediterranean Region,2019,Urine,Klebsiella pneumoniae,Cefotaxime,27055,4129,1123,27.1978687333495,27.197868733349477,2.4868995751603507e-14,True
ARE,United Arab Emirates,Eastern Mediterranean Region,2019,Urine,Klebsiella pneumoniae,Ceftazidime,27055,5453,1161,21.2910324591968,21.291032459196774,2.4868995751603507e-14,True
ARE,United Arab Emirates,Eastern Mediterranean Region,2019,Urine,Klebsiella pneumoniae,Ceftriaxone,27055,2325,519,22.3225806451613,22.322580645161292,7.105427357601002e-15,True
ARE,United Arab Emirates,Eastern Mediterranean Region,2019,Urine,Klebsiella pneumoniae,Ciprofloxacin,27055,5468,1805,33.0102414045355,33.01024140453548,2.1316282072803006e-14,True
ARE,United Arab Emirates,Eastern Mediterranean Region,2019,Urine,Klebsiella pneumoniae,Colistin,27055,763,14,1.8348623853211,1.834862385321101,-1.1102230246251565e-15,True
ARE,United Arab Emirates,Eastern Mediterranean Region,2019,Urine,Klebsiella pneumoniae,Ertapenem,27055,3981,197,4.9485054006531,4.948505400653102,-1.7763568394002505e-15,True
ARE,United Arab Emirates,Eastern Mediterranean Region,2019,Urine,Klebsiella pneumoniae,Imipenem,27055,4737,170,3.58876926324678,3.5887692632467805,-4.440892098500626e-16,True
ARE,United Arab Emirates,Eastern Mediterranean Region,2019,Urine,Klebsiella pneumoniae,Levofloxacin,27055,1632,639,39.1544117647059,39.154411764705884,1.4210854715202004e-14,True
ARE,United Arab Emirates,Eastern Mediterranean Region,2019,Urine,Klebsiella pneumoniae,Meropenem,27055,5418,213,3.93133997785161,3.9313399778516054,4.440892098500626e-15,True
ARE,United Arab Emirates,Eastern Mediterranean Region,2019,Urine,Klebsiella pneumoniae,Trimethoprim/sulfamethoxazole,27055,5480,1406,25.6569343065693,25.656934306569347,-4.618527782440651e-14,True
ARE,United Arab Emirates,Eastern Mediterranean Region,2020,Blood,Acinetobacter,Amikacin,2925,42,4,9.52380952380952,9.523809523809524,-3.552713678800501e-15,True
ARE,United Arab Emirates,Eastern Mediterranean Region,2020,Blood,Acinetobacter,Colistin,2925,25,0,0.0,0.0,0.0,True
ARE,United Arab Emirates,Eastern Mediterranean Region,2020,Blood,Acinetobacter,Gentamicin,2925,122,59,48.3606557377049,48.36065573770492,-1.4210854715202004e-14,True
ARE,United Arab Emirates,Eastern Mediterranean Region,2020,Blood,Acinetobacter,Imipenem,2925,115,58,50.4347826086956,50.43478260869565,-4.973799150320701e-14,True
ARE,United Arab Emirates,Eastern Mediterranean Region,2020,Blood,Acinetobacter,Meropenem,2925,124,61,49.1935483870968,49.193548387096776,2.1316282072803006e-14,True
ARE,United Arab Emirates,Eastern Mediterranean Region,2020,Blood,Acinetobacter,Minocycline,2925,41,6,14.6341463414634,14.634146341463413,-1.4210854715202004e-14,True
ARE,United Arab Emirates,Eastern Mediterranean Region,2020,Blood,Escherichia coli,Ampicillin,2925,750,548,73.0666666666667,73.06666666666666,4.263256414560601e-14,True
ARE,United Arab Emirates,Eastern Mediterranean Region,2020,Blood,Escherichia coli,Cefepime,2925,580,101,17.4137931034483,17.413793103448274,2.4868995751603507e-14,True
ARE,United Arab Emirates,Eastern Mediterranean Region,2020,Blood,Escherichia coli,Cefotaxime,2925,522,251,48.0842911877395,48.08429118773947,3.552713678800501e-14,True
ARE,United Arab Emirates,Eastern Mediterranean Region,2020,Blood,Escherichia coli,Ceftazidime,2925,767,239,31.1603650586701,31.16036505867014,-4.263256414560601e-14,True
ARE,United Arab Emirates,Eastern Mediterranean Region,2020,Blood,Escherichia coli,Ceftriaxone,2925,392,212,54.0816326530612,54.08163265306123,-2.842170943040401e-14,True
ARE,United Arab Emirates,Eastern Mediterranean Region,2020,Blood,Escherichia coli,Ciprofloxacin,2925,775,411,53.0322580645161,53.03225806451613,-2.842170943040401e-14,True
ARE,United Arab Emirates,Eastern Mediterranean Region,2020,Blood,Escherichia coli,Colistin,2925,32,0,0.0,0.0,0.0,True
ARE,United Arab Emirates,Eastern Mediterranean Region,2020,Blood,Escherichia coli,Ertapenem,2925,449,8,1.78173719376392,1.7817371937639197,2.220446049250313e-16,True
ARE,United Arab Emirates,Eastern Mediterranean Region,2020,Blood,Escherichia coli,Imipenem,2925,741,15,2.02429149797571,2.0242914979757085,1.3322676295501878e-15,True
ARE,United Arab Emirates,Eastern Mediterranean Region,2020,Blood,Escherichia coli,Levofloxacin,2925,125,52,41.6,41.6,0.0,True
ARE,United Arab Emirates,Eastern Mediterranean Region,2020,Blood,Escherichia coli,Meropenem,2925,767,18,2.34680573663625,2.346805736636245,4.884981308350689e-15,True
ARE,United Arab Emirates,Eastern Mediterranean Region,2020,Blood,Escherichia coli,Tinidazole,2925,392,212,54.0816326530612,54.08163265306123,-2.842170943040401e-14,True
ARE,United Arab Emirates,Eastern Mediterranean Region,2020,Blood,Escherichia coli,Trimethoprim/sulfamethoxazole,2925,754,384,50.9283819628647,50.92838196286472,-2.1316282072803006e-14,True
ARE,United Arab Emirates,Eastern Mediterranean Region,2020,Blood,Klebsiella pneumoniae,Cefepime,2925,470,128,27.2340425531915,27.23404255319149,1.0658141036401503e-14,True
ARE,United Arab Emirates,Eastern Mediterranean Region,2020,Blood,Klebsiella pneumoniae,Cefotaxime,2925,441,144,32.6530612244898,32.6530612244898,0.0,True
ARE,United Arab Emirates,Eastern Mediterranean Region,2020,Blood,Klebsiella pneumoniae,Ceftazidime,2925,621,228,36.7149758454106,36.71497584541063,-2.842170943040401e-14,True
ARE,United Arab Emirates,Eastern Mediterranean Region,2020,Blood,Klebsiella pneumoniae,Ceftriaxone,2925,300,165,55.0,55.00000000000001,-7.105427357601002e-15,True
ARE,United Arab Emirates,Eastern Mediterranean Region,2020,Blood,Klebsiella pneumoniae,Ciprofloxacin,2925,638,254,39.8119122257053,39.811912225705335,-3.552713678800501e-14,True
ARE,United Arab Emirates,Eastern Mediterranean Region,2020,Blood,Klebsiella pneumoniae,Ertapenem,2925,327,32,9.78593272171254,9.785932721712538,1.7763568394002505e-15,True
ARE,United Arab Emirates,Eastern Mediterranean Region,2020,Blood,Klebsiella pneumoniae,Imipenem,2925,599,75,12.5208681135225,12.520868113522537,-3.730349362740526e-14,True
ARE,United Arab Emirates,Eastern Mediterranean Region,2020,Blood,Klebsiella pneumoniae,Levofloxacin,2925,81,21,25.9259259259259,25.925925925925924,-2.4868995751603507e-14,True
ARE,United Arab Emirates,Eastern Mediterranean Region,2020,Blood,Klebsiella pneumoniae,Meropenem,2925,623,96,15.4093097913323,15.409309791332262,3.730349362740526e-14,True
ARE,United Arab Emirates,Eastern Mediterranean Region,2020,Blood,Klebsiella pneumoniae,Trimethoprim/sulfamethoxazole,2925,618,228,36.8932038834951,36.89320388349515,-4.973799150320701e-14,True
ARE,United Arab Emirates,Eastern Mediterranean Region,2020,Blood,Salmonella,Cefotaxime,2925,70,12,17.1428571428571,17.142857142857142,-4.263256414560601e-14,True
ARE,United Arab Emirates,Eastern Mediterranean Region,2020,Blood,Salmonella,Ceftazidime,2925,90,15,16.6666666666667,16.666666666666664,3.552713678800501e-14,True
ARE,United Arab Emirates,Eastern Mediterranean Region,2020,Blood,Salmonella,Ceftriaxone,2925,62,11,17.741935483871,17.741935483870968,3.197442310920451e-14,True
ARE,United Arab Emirates,Eastern Mediterranean Region,2020,Blood,Salmonella,Ciprofloxacin,2925,96,30,31.25,31.25,0.0,True
ARE,United Arab Emirates,Eastern Mediterranean Region,2020,Blood,Salmonella,Ertapenem,2925,56,1,1.78571428571429,1.7857142857142856,4.440892098500626e-15,True
ARE,United Arab Emirates,Eastern Mediterranean Region,2020,Blood,Salmonella,Imipenem,2925,87,0,0.0,0.0,0.0,True
ARE,United Arab Emirates,Eastern Mediterranean Region,2020,Blood,Salmonella,Levofloxacin,2925,21,7,33.3333333333333,33.33333333333333,-2.842170943040401e-14,True
ARE,United Arab Emirates,Eastern Mediterranean Region,2020,Blood,Salmonella,Meropenem,2925,89,0,0.0,0.0,0.0,True
ARE,United Arab Emirates,Eastern Mediterranean Region,2020,Blood,Staphylococcus aureus,Meticillin,2925,555,236,42.5225225225225,42.52252252252252,-2.1316282072803006e-14,True
ARE,United Arab Emirates,Eastern Mediterranean Region,2020,Blood,Streptococcus pneumoniae,Benzylpenicillin,2925,52,12,23.0769230769231,23.076923076923077,2.4868995751603507e-14,True
ARE,United Arab Emirates,Eastern Mediterranean Region,2020,Blood,Streptococcus pneumoniae,Cefotaxime,2925,29,0,0.0,0.0,0.0,True
ARE,United Arab Emirates,Eastern Mediterranean Region,2020,Blood,Streptococcus pneumoniae,Ceftriaxone,2925,45,1,2.22222222222222,2.2222222222222223,-2.220446049250313e-15,True
ARE,United Arab Emirates,Eastern Mediterranean Region,2020,Blood,Streptococcus pneumoniae,Trimethoprim/sulfamethoxazole,2925,50,13,26.0,26.0,0.0,True
ARE,United Arab Emirates,Eastern Mediterranean Region,2020,Stool,Salmonella,Cefotaxime,1068,468,10,2.13675213675214,2.1367521367521367,3.1086244689504383e-15,True
ARE,United Arab Emirates,Eastern Mediterranean Region,2020,Stool,Salmonella,Ceftazidime,1068,688,16,2.32558139534884,2.3255813953488373,2.6645352591003757e-15,True
ARE,United Arab Emirates,Eastern Mediterranean Region,2020,Stool,Salmonella,Ceftriaxone,1068,418,15,3.58851674641148,3.588516746411483,-3.1086244689504383e-15,True
ARE,United Arab Emirates,Eastern Mediterranean Region,2020,Stool,Salmonella,Ciprofloxacin,1068,776,52,6.70103092783505,6.701030927835052,-1.7763568394002505e-15,True
ARE,United Arab Emirates,Eastern Mediterranean Region,2020,Stool,Salmonella,Ertapenem,1068,393,3,0.763358778625954,0.7633587786259541,-1.1102230246251565e-16,True
ARE,United Arab Emirates,Eastern Mediterranean Region,2020,Stool,Salmonella,Imipenem,1068,596,3,0.503355704697987,0.5033557046979865,4.440892098500626e-16,True
ARE,United Arab Emirates,Eastern Mediterranean Region,2020,Stool,Salmonella,Levofloxacin,1068,146,10,6.84931506849315,6.8493150684931505,-8.881784197001252e-16,True
ARE,United Arab Emirates,Eastern Mediterranean Region,2020,Stool,Salmonella,Meropenem,1068,590,0,0.0,0.0,0.0,True
ARE,United Arab Emirates,Eastern Mediterranean Region,2020,Stool,Shigella,Cefotaxime,1068,12,6,50.0,50.0,0.0,True
ARE,United Arab Emirates,Eastern Mediterranean Region,2020,Stool,Shigella,Ceftazidime,1068,18,1,5.55555555555556,5.555555555555555,4.440892098500626e-15,True
ARE,United Arab Emirates,Eastern Mediterranean Region,2020,Stool,Shigella,Ceftriaxone,1068,32,15,46.875,46.875,0.0,True
ARE,United Arab Emirates,Eastern Mediterranean Region,2020,Stool,Shigella,Ciprofloxacin,1068,34,6,17.6470588235294,17.647058823529413,-1.4210854715202004e-14,True
ARE,United Arab Emirates,Eastern Mediterranean Region,2020,Urine,Escherichia coli,Ampicillin,29681,19840,11754,59.2439516129032,59.243951612903224,-2.1316282072803006e-14,True
ARE,United Arab Emirates,Eastern Mediterranean Region,2020,Urine,Escherichia coli,Cefepime,29681,15487,2168,13.9988377348744,13.998837734874412,-1.2434497875801753e-14,True
ARE,United Arab Emirates,Eastern Mediterranean Region,2020,Urine,Escherichia coli,Cefotaxime,29681,14354,4241,29.545771213599,29.545771213598996,3.552713678800501e-15,True
ARE,United Arab Emirates,Eastern Mediterranean Region,2020,Urine,Escherichia coli,Ceftazidime,29681,19782,3579,18.0922050348802,18.092205034880195,7.105427357601002e-15,True
ARE,United Arab Emirates,Eastern Mediterranean Region,2020,Urine,Escherichia coli,Ceftriaxone,29681,6870,1959,28.5152838427948,28.51528384279476,4.263256414560601e-14,True
ARE,United Arab Emirates,Eastern Mediterranean Region,2020,Urine,Escherichia coli,Ciprofloxacin,29681,20156,6429,31.89620956539,31.89620956538996,3.907985046680551e-14,True
ARE,United Arab Emirates,Eastern Mediterranean Region,2020,Urine,Escherichia coli,Colistin,29681,1618,13,0.803461063040791,0.8034610630407911,-1.1102230246251565e-16,True
ARE,United Arab Emirates,Eastern Mediterranean Region,2020,Urine,Escherichia coli,Ertapenem,29681,16101,200,1.24215887211974,1.242158872119744,-3.9968028886505635e-15,True
ARE,United Arab Emirates,Eastern Mediterranean Region,2020,Urine,Escherichia coli,Imipenem,29681,18875,91,0.482119205298013,0.4821192052980133,-2.7755575615628914e-16,True
ARE,United Arab Emirates,Eastern Mediterranean Region,2020,Urine,Escherichia coli,Levofloxacin,29681,6686,1769,26.4582710140592,26.458271014059225,-2.4868995751603507e-14,True
ARE,United Arab Emirates,Eastern Mediterranean Region,2020,Urine,Escherichia coli,Meropenem,29681,19240,130,0.675675675675676,0.6756756756756757,3.3306690738754696e-16,True
ARE,United Arab Emirates,Eastern Mediterranean Region,2020,Urine,Escherichia coli,Trimethoprim/sulfamethoxazole,29681,20193,7260,35.9530530381816,35.95305303818155,4.973799150320701e-14,True
ARE,United Arab Emirates,Eastern Mediterranean Region,2020,Urine,Klebsiella pneumoniae,Cefepime,29681,4849,667,13.755413487317,13.755413487316973,2.6645352591003757e-14,True
ARE,United Arab Emirates,Eastern Mediterranean Region,2020,Urine,Klebsiella pneumoniae,Cefotaxime,29681,4453,1117,25.0842128901864,25.084212890186393,7.105427357601002e-15,True
ARE,United Arab Emirates,Eastern Mediterranean Region,2020,Urine,Klebsiella pneumoniae,Ceftazidime,29681,6034,1236,20.48392442824,20.483924428239973,2.842170943040401e-14,True
ARE,United Arab Emirates,Eastern Mediterranean Region,2020,Urine,Klebsiella pneumoniae,Ceftriaxone,29681,1916,493,25.7306889352818,25.730688935281837,-3.552713678800501e-14,True
ARE,United Arab Emirates,Eastern Mediterranean Region,2020,Urine,Klebsiella pneumoniae,Ciprofloxacin,29681,6129,1427,23.2827541197585,23.282754119758525,-2.4868995751603507e-14,True
ARE,United Arab Emirates,Eastern Mediterranean Region,2020,Urine,Klebsiella pneumoniae,Colistin,29681,528,19,3.59848484848485,3.5984848484848486,1.3322676295501878e-15,True
ARE,United Arab Emirates,Eastern Mediterranean Region,2020,Urine,Klebsiella pneumoniae,Ertapenem,29681,4887,249,5.0951503990178,5.095150399017802,-1.7763568394002505e-15,True
ARE,United Arab Emirates,Eastern Mediterranean Region,2020,Urine,Klebsiella pneumoniae,Imipenem,29681,5694,183,3.21390937829294,3.21390937829294,0.0,True
ARE,United Arab Emirates,Eastern Mediterranean Region,2020,Urine,Klebsiella pneumoniae,Levofloxacin,29681,1674,170,10.1553166069295,10.15531660692951,-1.0658141036401503e-14,True
ARE,United Arab Emirates,Eastern Mediterranean Region,2020,Urine,Klebsiella pneumoniae,Meropenem,29681,5882,244,4.1482488949337,4.148248894933696,4.440892098500626e-15,True
ARE,United Arab Emirates,Eastern Mediterranean Region,2020,Urine,Klebsiella pneumoniae,Trimethoprim/sulfamethoxazole,29681,6143,1530,24.9063975256389,24.906397525638937,-3.552713678800501e-14,True
ARG,Argentina,Region of the Americas,2017,Blood,Acinetobacter,Amikacin,6657,322,67,20.8074534161491,20.80745341614907,3.197442310920451e-14,True
ARG,Argentina,Region of the Americas,2017,Blood,Acinetobacter,Colistin,6657,360,4,1.11111111111111,1.1111111111111112,-1.1102230246251565e-15,True
ARG,Argentina,Region of the Americas,2017,Blood,Acinetobacter,Gentamicin,6657,366,225,61.4754098360656,61.47540983606557,2.842170943040401e-14,True
ARG,Argentina,Region of the Americas,2017,Blood,Acinetobacter,Imipenem,6657,370,279,75.4054054054054,75.4054054054054,0.0,True
ARG,Argentina,Region of the Americas,2017,Blood,Acinetobacter,Meropenem,6657,369,278,75.3387533875339,75.33875338753387,2.842170943040401e-14,True
ARG,Argentina,Region of the Americas,2017,Blood,Acinetobacter,Minocycline,6657,219,10,4.5662100456621,4.5662100456621,0.0,True
ARG,Argentina,Region of the Americas,2017,Blood,Escherichia coli,Ampicillin,6657,1731,1256,72.5592143269786,72.55921432697863,-2.842170943040401e-14,True
ARG,Argentina,Region of the Americas,2017,Blood,Escherichia coli,Cefepime,6657,1649,293,17.7683444511825,17.768344451182536,-3.552713678800501e-14,True
ARG,Argentina,Region of the Americas,2017,Blood,Escherichia coli,Cefotaxime,6657,1358,281,20.6921944035346,20.692194403534607,-7.105427357601002e-15,True
ARG,Argentina,Region of the Americas,2017,Blood,Escherichia coli,Ceftazidime,6657,1789,318,17.7752934600335,17.775293460033538,-3.907985046680551e-14,True
ARG,Argentina,Region of the Americas,2017,Blood,Escherichia coli,Ciprofloxacin,6657,1803,590,32.7232390460344,32.72323904603439,1.4210854715202004e-14,True
ARG,Argentina,Region of the Americas,2017,Blood,Escherichia coli,Colistin,6657,1718,18,1.0477299185099,1.0477299185098952,4.884981308350689e-15,True
ARG,Argentina,Region of the Americas,2017,Blood,Escherichia coli,Ertapenem,6657,1379,14,1.01522842639594,1.015228426395939,8.881784197001252e-16,True
ARG,Argentina,Region of the Americas,2017,Blood,Escherichia coli,Imipenem,6657,1806,7,0.387596899224806,0.3875968992248062,-2.220446049250313e-16,True
ARG,Argentina,Region of the Americas,2017,Blood,Escherichia coli,Meropenem,6657,1790,8,0.446927374301676,0.44692737430167595,5.551115123125783e-17,True
ARG,Argentina,Region of the Americas,2017,Blood,Escherichia coli,Tinidazole,6657,1358,281,20.6921944035346,20.692194403534607,-7.105427357601002e-15,True
ARG,Argentina,Region of the Americas,2017,Blood,Escherichia coli,Trimethoprim/sulfamethoxazole,6657,1753,840,47.9178551055334,47.91785510553337,2.842170943040401e-14,True
ARG,Argentina,Region of the Americas,2017,Blood,Klebsiella pneumoniae,Cefepime,6657,1251,635,50.7593924860112,50.75939248601119,1.4210854715202004e-14,True
ARG,Argentina,Region of the Americas,2017,Blood,Klebsiella pneumoniae,Ceftazidime,6657,1320,743,56.2878787878788,56.28787878787879,1.4210854715202004e-14,True
ARG,Argentina,Region of the Americas,2017,Blood,Klebsiella pneumoniae,Ciprofloxacin,6657,1326,564,42.5339366515837,42.53393665158371,-7.105427357601002e-15,True
ARG,Argentina,Region of the Americas,2017,Blood,Klebsiella pneumoniae,Colistin,6657,1272,100,7.86163522012579,7.861635220125786,4.440892098500626e-15,True
ARG,Argentina,Region of the Americas,2017,Blood,Klebsiella pneumoniae,Ertapenem,6657,1023,241,23.5581622678397,23.558162267839688,1.0658141036401503e-14,True
ARG,Argentina,Region of the Americas,2017,Blood,Klebsiella pneumoniae,Imipenem,6657,1332,247,18.5435435435435,18.543543543543546,-4.618527782440651e-14,True
ARG,Argentina,Region of the Americas,2017,Blood,Klebsiella pneumoniae,Meropenem,6657,1330,244,18.3458646616541,18.345864661654137,-3.552713678800501e-14,True
ARG,Argentina,Region of the Americas,2017,Blood,Klebsiella pneumoniae,Trimethoprim/sulfamethoxazole,6657,1286,702,54.5878693623639,54.58786936236392,-2.1316282072803006e-14,True
ARG,Argentina,Region of the Americas,2017,Blood,Salmonella,Cefotaxime,6657,31,0,0.0,0.0,0.0,True
ARG,Argentina,Region of the Americas,2017,Blood,Salmonella,Ceftazidime,6657,37,0,0.0,0.0,0.0,True
ARG,Argentina,Region of the Americas,2017,Blood,Salmonella,Ciprofloxacin,6657,40,3,7.5,7.5,0.0,True
ARG,Argentina,Region of the Americas,2017,Blood,Salmonella,Imipenem,6657,31,0,0.0,0.0,0.0,True
ARG,Argentina,Region of the Americas,2017,Blood,Salmonella,Meropenem,6657,31,0,0.0,0.0,0.0,True
ARG,Argentina,Region of the Americas,2017,Blood,Staphylococcus aureus,Meticillin,6657,1593,784,49.2153170119272,49.215317011927176,2.1316282072803006e-14,True
ARG,Argentina,Region of the Americas,2017,Blood,Streptococcus pneumoniae,Benzylpenicillin,6657,259,68,26.2548262548263,26.254826254826252,4.618527782440651e-14,True
ARG,Argentina,Region of the Americas,2017,Blood,Streptococcus pneumoniae,Cefotaxime,6657,148,3,2.02702702702703,2.027027027027027,2.6645352591003757e-15,True
ARG,Argentina,Region of the Americas,2017,Blood,Streptococcus pneumoniae,Trimethoprim/sulfamethoxazole,6657,386,71,18.3937823834197,18.393782383419687,1.4210854715202004e-14,True
ARG,Argentina,Region of the Americas,2017,Stool,Salmonella,Cefotaxime,3022,148,15,10.1351351351351,10.135135135135135,-3.552713678800501e-14,True
ARG,Argentina,Region of the Americas,2017,Stool,Salmonella,Ceftazidime,3022,207,8,3.86473429951691,3.864734299516908,1.7763568394002505e-15,True
ARG,Argentina,Region of the Americas,2017,Stool,Salmonella,Ciprofloxacin,3022,446,19,4.26008968609865,4.260089686098654,-4.440892098500626e-15,True
ARG,Argentina,Region of the Americas,2017,Stool,Salmonella,Imipenem,3022,191,2,1.04712041884817,1.0471204188481675,2.4424906541753444e-15,True
ARG,Argentina,Region of the Americas,2017,Stool,Salmonella,Meropenem,3022,189,1,0.529100529100529,0.5291005291005291,-1.1102230246251565e-16,True
ARG,Argentina,Region of the Americas,2017,Stool,Shigella,Azithromycin,3022,782,19,2.42966751918159,2.4296675191815855,4.440892098500626e-15,True
ARG,Argentina,Region of the Americas,2017,Stool,Shigella,Cefotaxime,3022,717,11,1.53417015341702,1.5341701534170153,4.6629367034256575e-15,True
ARG,Argentina,Region of the Americas,2017,Stool,Shigella,Ceftazidime,3022,960,1,0.104166666666667,0.10416666666666667,3.3306690738754696e-16,True
ARG,Argentina,Region of the Americas,2017,Stool,Shigella,Ciprofloxacin,3022,2446,3,0.122649223221586,0.12264922322158626,-2.636779683484747e-16,True
ARG,Argentina,Region of the Americas,2017,Urine,Escherichia coli,Ampicillin,39782,33316,21298,63.9272421659263,63.92724216592628,2.1316282072803006e-14,True
ARG,Argentina,Region of the Americas,2017,Urine,Escherichia coli,Cefepime,39782,19133,2055,10.740605237025,10.740605237025035,-3.552713678800501e-14,True
ARG,Argentina,Region of the Americas,2017,Urine,Escherichia coli,Cefotaxime,39782,16506,2528,15.3156427965588,15.315642796558826,-2.6645352591003757e-14,True
ARG,Argentina,Region of the Americas,2017,Urine,Escherichia coli,Ceftazidime,39782,20885,2364,11.3191285611683,11.319128561168302,-1.7763568394002505e-15,True
ARG,Argentina,Region of the Americas,2017,Urine,Escherichia coli,Ciprofloxacin,39782,33330,6911,20.7350735073507,20.735073507350734,-3.197442310920451e-14,True
ARG,Argentina,Region of the Americas,2017,Urine,Escherichia coli,Colistin,39782,27174,138,0.5078383749172,0.5078383749172003,-3.3306690738754696e-16,True
ARG,Argentina,Region of the Americas,2017,Urine,Escherichia coli,Imipenem,39782,19806,31,0.15651822679996,0.1565182267999596,3.885780586188048e-16,True
ARG,Argentina,Region of the Americas,2017,Urine,Escherichia coli,Meropenem,39782,19802,44,0.222199777800222,0.2221997778002222,-2.220446049250313e-16,True
ARG,Argentina,Region of the Americas,2017,Urine,Escherichia coli,Trimethoprim/sulfamethoxazole,39782,32942,13132,39.864003399915,39.864003399915006,-7.105427357601002e-15,True
ARG,Argentina,Region of the Americas,2017,Urine,Klebsiella pneumoniae,Cefepime,39782,2970,1416,47.6767676767677,47.67676767676768,2.1316282072803006e-14,True
ARG,Argentina,Region of the Americas,2017,Urine,Klebsiella pneumoniae,Cefotaxime,39782,2584,1401,54.21826625387,54.21826625386997,2.842170943040401e-14,True
ARG,Argentina,Region of the Americas,2017,Urine,Klebsiella pneumoniae,Ceftazidime,39782,3218,1627,50.5593536357986,50.55935363579863,-2.842170943040401e-14,True
ARG,Argentina,Region of the Americas,2017,Urine,Klebsiella pneumoniae,Ciprofloxacin,39782,3958,1452,36.6851945426983,36.68519454269833,-3.552713678800501e-14,True
ARG,Argentina,Region of the Americas,2017,Urine,Klebsiella pneumoniae,Colistin,39782,3468,178,5.13264129181084,5.132641291810842,-1.7763568394002505e-15,True
ARG,Argentina,Region of the Americas,2017,Urine,Klebsiella pneumoniae,Imipenem,39782,3190,377,11.8181818181818,11.818181818181818,-1.7763568394002505e-14,True
ARG,Argentina,Region of the Americas,2017,Urine,Klebsiella pneumoniae,Meropenem,39782,3180,406,12.7672955974843,12.767295597484276,2.3092638912203256e-14,True
ARG,Argentina,Region of the Americas,2017,Urine,Klebsiella pneumoniae,Trimethoprim/sulfamethoxazole,39782,3878,1781,45.9257349149046,45.925734914904595,7.105427357601002e-15,True
ARG,Argentina,Region of the Americas,2018,Blood,Acinetobacter,Amikacin,7385,347,78,22.478386167147,22.478386167146976,2.4868995751603507e-14,True
ARG,Argentina,Region of the Americas,2018,Blood,Acinetobacter,Colistin,7385,352,9,2.55681818181818,2.556818181818182,-2.220446049250313e-15,True
ARG,Argentina,Region of the Americas,2018,Blood,Acinetobacter,Gentamicin,7385,368,221,60.054347826087,60.05434782608695,4.973799150320701e-14,True
ARG,Argentina,Region of the Americas,2018,Blood,Acinetobacter,Imipenem,7385,372,281,75.5376344086021,75.53763440860214,-4.263256414560601e-14,True
ARG,Argentina,Region of the Americas,2018,Blood,Acinetobacter,Meropenem,7385,375,283,75.4666666666667,75.46666666666667,2.842170943040401e-14,True
ARG,Argentina,Region of the Americas,2018,Blood,Acinetobacter,Minocycline,7385,226,10,4.42477876106195,4.424778761061947,3.552713678800501e-15,True
ARG,Argentina,Region of the Americas,2018,Blood,Escherichia coli,Ampicillin,7385,2057,1508,73.3106465726787,73.31064657267866,4.263256414560601e-14,True
ARG,Argentina,Region of the Americas,2018,Blood,Escherichia coli,Cefepime,7385,1991,332,16.6750376695128,16.675037669512808,-7.105427357601002e-15,True
ARG,Argentina,Region of the Americas,2018,Blood,Escherichia coli,Cefotaxime,7385,1471,296,20.1223657375935,20.122365737593473,2.842170943040401e-14,True
ARG,Argentina,Region of the Americas,2018,Blood,Escherichia coli,Ceftazidime,7385,2116,364,17.2022684310019,17.20226843100189,1.0658141036401503e-14,True
ARG,Argentina,Region of the Americas,2018,Blood,Escherichia coli,Ciprofloxacin,7385,2107,702,33.3175130517323,33.31751305173232,-2.1316282072803006e-14,True
ARG,Argentina,Region of the Americas,2018,Blood,Escherichia coli,Colistin,7385,1968,19,0.965447154471545,0.9654471544715447,3.3306690738754696e-16,True
ARG,Argentina,Region of the Americas,2018,Blood,Escherichia coli,Ertapenem,7385,1711,12,0.701344243132671,0.701344243132671,0.0,True
ARG,Argentina,Region of the Americas,2018,Blood,Escherichia coli,Imipenem,7385,2097,4,0.190748688602766,0.19074868860276584,1.6653345369377348e-16,True
ARG,Argentina,Region of the Americas,2018,Blood,Escherichia coli,Meropenem,7385,2111,7,0.331596399810516,0.33159639981051636,-3.885780586188048e-16,True
ARG,Argentina,Region of the Americas,2018,Blood,Escherichia coli,Tinidazole,7385,1471,296,20.1223657375935,20.122365737593473,2.842170943040401e-14,True
ARG,Argentina,Region of the Americas,2018,Blood,Escherichia coli,Trimethoprim/sulfamethoxazole,7385,2061,991,48.083454633673,48.08345463367297,2.842170943040401e-14,True
ARG,Argentina,Region of the Americas,2018,Blood,Klebsiella pneumoniae,Cefepime,7385,1450,731,50.4137931034483,50.41379310344828,2.1316282072803006e-14,True
ARG,Argentina,Region of the Americas,2018,Blood,Klebsiella pneumoniae,Ceftazidime,7385,1508,831,55.106100795756,55.106100795755964,3.552713678800501e-14,True
ARG,Argentina,Region of the Americas,2018,Blood,Klebsiella pneumoniae,Ciprofloxacin,7385,1501,602,40.1065956029314,40.10659560293138,2.1316282072803006e-14,True
ARG,Argentina,Region of the Americas,2018,Blood,Klebsiella pneumoniae,Colistin,7385,1457,135,9.2656142759094,9.265614275909403,-3.552713678800501e-15,True
ARG,Argentina,Region of the Americas,2018,Blood,Klebsiella pneumoniae,Ertapenem,7385,1213,275,22.6710634789777,22.67106347897774,-3.907985046680551e-14,True
ARG,Argentina,Region of the Americas,2018,Blood,Klebsiella pneumoniae,Imipenem,7385,1517,300,19.77587343441,19.77587343441002,-2.1316282072803006e-14,True
ARG,Argentina,Region of the Americas,2018,Blood,Klebsiella pneumoniae,Meropenem,7385,1525,303,19.8688524590164,19.86885245901639,7.105427357601002e-15,True
ARG,Argentina,Region of the Americas,2018,Blood,Klebsiella pneumoniae,Trimethoprim/sulfamethoxazole,7385,1472,766,52.0380434782609,52.03804347826087,3.552713678800501e-14,True
ARG,Argentina,Region of the Americas,2018,Blood,Salmonella,Cefotaxime,7385,28,0,0.0,0.0,0.0,True
ARG,Argentina,Region of the Americas,2018,Blood,Salmonella,Ceftazidime,7385,45,0,0.0,0.0,0.0,True
ARG,Argentina,Region of the Americas,2018,Blood,Salmonella,Ciprofloxacin,7385,43,1,2.32558139534884,2.3255813953488373,2.6645352591003757e-15,True
ARG,Argentina,Region of the Americas,2018,Blood,Salmonella,Imipenem,7385,40,0,0.0,0.0,0.0,True
ARG,Argentina,Region of the Americas,2018,Blood,Salmonella,Meropenem,7385,40,0,0.0,0.0,0.0,True
ARG,Argentina,Region of the Americas,2018,Blood,Staphylococcus aureus,Meticillin,7385,1877,850,45.2850293020778,45.28502930207778,2.1316282072803006e-14,True
ARG,Argentina,Region of the Americas,2018,Blood,Streptococcus pneumoniae,Benzylpenicillin,7385,408,78,19.1176470588235,19.11764705882353,-2.842170943040401e-14,True
ARG,Argentina,Region of the Americas,2018,Blood,Streptococcus pneumoniae,Cefotaxime,7385,215,1,0.465116279069767,0.46511627906976744,-4.440892098500626e-16,True
ARG,Argentina,Region of the Americas,2018,Blood,Streptococcus pneumoniae,Trimethoprim/sulfamethoxazole,7385,381,81,21.259842519685,21.25984251968504,-3.907985046680551e-14,True
ARG,Argentina,Region of the Americas,2018,Stool,Salmonella,Cefotaxime,3376,160,17,10.625,10.625,0.0,True
ARG,Argentina,Region of the Americas,2018,Stool,Salmonella,Ceftazidime,3376,219,6,2.73972602739726,2.73972602739726,0.0,True
ARG,Argentina,Region of the Americas,2018,Stool,Salmonella,Ciprofloxacin,3376,436,17,3.89908256880734,3.89908256880734,0.0,True
ARG,Argentina,Region of the Americas,2018,Stool,Salmonella,Imipenem,3376,198,1,0.505050505050505,0.5050505050505051,-1.1102230246251565e-16,True
ARG,Argentina,Region of the Americas,2018,Stool,Salmonella,Meropenem,3376,200,1,0.5,0.5,0.0,True
ARG,Argentina,Region of the Americas,2018,Stool,Shigella,Azithromycin,3376,1118,21,1.8783542039356,1.8783542039355994,6.661338147750939e-16,True
ARG,Argentina,Region of the Americas,2018,Stool,Shigella,Cefotaxime,3376,873,14,1.60366552119129,1.6036655211912942,-4.218847493575595e-15,True
ARG,Argentina,Region of the Americas,2018,Stool,Shigella,Ceftazidime,3376,1109,3,0.270513976555455,0.2705139765554554,-3.885780586188048e-16,True
ARG,Argentina,Region of the Americas,2018,Stool,Shigella,Ciprofloxacin,3376,2810,5,0.177935943060498,0.1779359430604982,-1.942890293094024e-16,True
ARG,Argentina,Region of the Americas,2018,Urine,Escherichia coli,Ampicillin,44553,36890,23695,64.2314990512334,64.2314990512334,0.0,True
ARG,Argentina,Region of the Americas,2018,Urine,Escherichia coli,Cefepime,44553,22858,2534,11.0858342812145,11.085834281214455,4.618527782440651e-14,True
ARG,Argentina,Region of the Americas,2018,Urine,Escherichia coli,Cefotaxime,44553,19252,2750,14.2842302098483,14.284230209848328,-2.842170943040401e-14,True
ARG,Argentina,Region of the Americas,2018,Urine,Escherichia coli,Ceftazidime,44553,24787,2956,11.9256061645217,11.925606164521724,-2.4868995751603507e-14,True
ARG,Argentina,Region of the Americas,2018,Urine,Escherichia coli,Ciprofloxacin,44553,37341,8334,22.3186309954206,22.318630995420584,1.7763568394002505e-14,True
ARG,Argentina,Region of the Americas,2018,Urine,Escherichia coli,Colistin,44553,26608,161,0.605081178592904,0.6050811785929043,-3.3306690738754696e-16,True
ARG,Argentina,Region of the Americas,2018,Urine,Escherichia coli,Imipenem,44553,23434,30,0.12801911752155,0.12801911752154987,1.3877787807814457e-16,True
ARG,Argentina,Region of the Americas,2018,Urine,Escherichia coli,Meropenem,44553,23408,50,0.213602187286398,0.21360218728639782,1.6653345369377348e-16,True
ARG,Argentina,Region of the Americas,2018,Urine,Escherichia coli,Trimethoprim/sulfamethoxazole,44553,36896,14919,40.4352775368604,40.43527753686036,3.552713678800501e-14,True
ARG,Argentina,Region of the Americas,2018,Urine,Klebsiella pneumoniae,Cefepime,44553,3593,1632,45.4216532145839,45.42165321458391,-1.4210854715202004e-14,True
ARG,Argentina,Region of the Americas,2018,Urine,Klebsiella pneumoniae,Cefotaxime,44553,2910,1513,51.9931271477663,51.99312714776633,-2.842170943040401e-14,True
ARG,Argentina,Region of the Americas,2018,Urine,Klebsiella pneumoniae,Ceftazidime,44553,3855,1860,48.2490272373541,48.249027237354085,1.4210854715202004e-14,True
ARG,Argentina,Region of the Americas,2018,Urine,Klebsiella pneumoniae,Ciprofloxacin,44553,4557,1675,36.7566381391266,36.75663813912662,-2.1316282072803006e-14,True
ARG,Argentina,Region of the Americas,2018,Urine,Klebsiella pneumoniae,Colistin,44553,3714,173,4.65805061927841,4.658050619278406,4.440892098500626e-15,True
ARG,Argentina,Region of the Americas,2018,Urine,Klebsiella pneumoniae,Imipenem,44553,3808,417,10.9506302521008,10.95063025210084,-4.085620730620576e-14,True
ARG,Argentina,Region of the Americas,2018,Urine,Klebsiella pneumoniae,Meropenem,44553,3809,435,11.4203202940404,11.42032029404043,-3.019806626980426e-14,True
ARG,Argentina,Region of the Americas,2018,Urine,Klebsiella pneumoniae,Trimethoprim/sulfamethoxazole,44553,4483,1948,43.4530448360473,43.45304483604729,7.105427357601002e-15,True
ARG,Argentina,Region of the Americas,2019,Blood,Acinetobacter,Amikacin,5783,275,76,27.6363636363636,27.636363636363637,-3.552713678800501e-14,True
ARG,Argentina,Region of the Americas,2019,Blood,Acinetobacter,Colistin,5783,198,2,1.01010101010101,1.0101010101010102,-2.220446049250313e-16,True
ARG,Argentina,Region of the Americas,2019,Blood,Acinetobacter,Gentamicin,5783,279,177,63.4408602150538,63.44086021505376,4.263256414560601e-14,True
ARG,Argentina,Region of the Americas,2019,Blood,Acinetobacter,Imipenem,5783,292,202,69.1780821917808,69.17808219178082,-1.4210854715202004e-14,True
ARG,Argentina,Region of the Americas,2019,Blood,Acinetobacter,Meropenem,5783,291,201,69.0721649484536,69.0721649484536,0.0,True
ARG,Argentina,Region of the Americas,2019,Blood,Acinetobacter,Minocycline,5783,201,13,6.46766169154229,6.467661691542288,1.7763568394002505e-15,True
ARG,Argentina,Region of the Americas,2019,Blood,Escherichia coli,Ampicillin,5783,1518,1150,75.7575757575758,75.75757575757575,4.263256414560601e-14,True
ARG,Argentina,Region of the Americas,2019,Blood,Escherichia coli,Cefepime,5783,1663,272,16.3559831629585,16.35598316295851,-1.0658141036401503e-14,True
ARG,Argentina,Region of the Americas,2019,Blood,Escherichia coli,Cefotaxime,5783,1212,230,18.976897689769,18.976897689768975,2.4868995751603507e-14,True
ARG,Argentina,Region of the Americas,2019,Blood,Escherichia coli,Ceftazidime,5783,1669,287,17.1959257040144,17.195925704014382,1.7763568394002505e-14,True
ARG,Argentina,Region of the Americas,2019,Blood,Escherichia coli,Ciprofloxacin,5783,1704,523,30.6924882629108,30.6924882629108,0.0,True
ARG,Argentina,Region of the Americas,2019,Blood,Escherichia coli,Colistin,5783,1506,9,0.597609561752988,0.5976095617529881,-1.1102230246251565e-16,True
ARG,Argentina,Region of the Americas,2019,Blood,Escherichia coli,Ertapenem,5783,1339,14,1.04555638536221,1.0455563853622107,-6.661338147750939e-16,True
ARG,Argentina,Region of the Americas,2019,Blood,Escherichia coli,Imipenem,5783,1705,10,0.586510263929619,0.5865102639296188,2.220446049250313e-16,True
ARG,Argentina,Region of the Americas,2019,Blood,Escherichia coli,Meropenem,5783,1701,10,0.587889476778366,0.5878894767783657,3.3306690738754696e-16,True
ARG,Argentina,Region of the Americas,2019,Blood,Escherichia coli,Tinidazole,5783,1212,230,18.976897689769,18.976897689768975,2.4868995751603507e-14,True
ARG,Argentina,Region of the Americas,2019,Blood,Escherichia coli,Trimethoprim/sulfamethoxazole,5783,1662,798,48.014440433213,48.014440433213,0.0,True
ARG,Argentina,Region of the Americas,2019,Blood,Klebsiella pneumoniae,Cefepime,5783,1130,549,48.5840707964602,48.584070796460175,2.842170943040401e-14,True
ARG,Argentina,Region of the Americas,2019,Blood,Klebsiella pneumoniae,Cefotaxime,5783,819,453,55.3113553113553,55.311355311355314,-1.4210854715202004e-14,True
ARG,Argentina,Region of the Americas,2019,Blood,Klebsiella pneumoniae,Ceftazidime,5783,1142,630,55.1663747810858,55.166374781085814,-1.4210854715202004e-14,True
ARG,Argentina,Region of the Americas,2019,Blood,Klebsiella pneumoniae,Ciprofloxacin,5783,1175,466,39.6595744680851,39.659574468085104,-7.105427357601002e-15,True
ARG,Argentina,Region of the Americas,2019,Blood,Klebsiella pneumoniae,Colistin,5783,1053,92,8.7369420702754,8.736942070275404,-3.552713678800501e-15,True
ARG,Argentina,Region of the Americas,2019,Blood,Klebsiella pneumoniae,Ertapenem,5783,885,182,20.5649717514124,20.56497175141243,-2.842170943040401e-14,True
ARG,Argentina,Region of the Americas,2019,Blood,Klebsiella pneumoniae,Imipenem,5783,1166,182,15.6089193825043,15.608919382504288,1.2434497875801753e-14,True
ARG,Argentina,Region of the Americas,2019,Blood,Klebsiella pneumoniae,Meropenem,5783,1167,199,17.0522707797772,17.052270779777206,-7.105427357601002e-15,True
ARG,Argentina,Region of the Americas,2019,Blood,Klebsiella pneumoniae,Trimethoprim/sulfamethoxazole,5783,1147,603,52.5719267654752,52.571926765475155,4.263256414560601e-14,True
ARG,Argentina,Region of the Americas,2019,Blood,Salmonella,Cefotaxime,5783,139,1,0.719424460431655,0.7194244604316548,2.220446049250313e-16,True
ARG,Argentina,Region of the Americas,2019,Blood,Salmonella,Ceftazidime,5783,144,1,0.694444444444444,0.6944444444444444,-4.440892098500626e-16,True
ARG,Argentina,Region of the Americas,2019,Blood,Salmonella,Ciprofloxacin,5783,108,3,2.77777777777778,2.7777777777777777,2.220446049250313e-15,True
ARG,Argentina,Region of the Americas,2019,Blood,Salmonella,Imipenem,5783,143,0,0.0,0.0,0.0,True
ARG,Argentina,Region of the Americas,2019,Blood,Salmonella,Meropenem,5783,142,0,0.0,0.0,0.0,True
ARG,Argentina,Region of the Americas,2019,Blood,Staphylococcus aureus,Cefoxitin,5783,1366,570,41.7276720351391,41.72767203513909,7.105427357601002e-15,True
ARG,Argentina,Region of the Americas,2019,Blood,Staphylococcus aureus,Meticillin,5783,1494,628,42.0348058902276,42.03480589022758,2.1316282072803006e-14,True
ARG,Argentina,Region of the Americas,2019,Blood,Staphylococcus aureus,Oxacillin,5783,1494,628,42.0348058902276,42.03480589022758,2.1316282072803006e-14,True
ARG,Argentina,Region of the Americas,2019,Blood,Streptococcus pneumoniae,Benzylpenicillin,5783,358,88,24.5810055865922,24.581005586592177,2.4868995751603507e-14,True
ARG,Argentina,Region of the Americas,2019,Blood,Streptococcus pneumoniae,Cefotaxime,5783,168,1,0.595238095238095,0.5952380952380952,-2.220446049250313e-16,True
ARG,Argentina,Region of the Americas,2019,Blood,Streptococcus pneumoniae,Oxacillin,5783,232,54,23.2758620689655,23.275862068965516,-1.7763568394002505e-14,True
ARG,Argentina,Region of the Americas,2019,Blood,Streptococcus pneumoniae,Trimethoprim/sulfamethoxazole,5783,322,58,18.0124223602484,18.012422360248447,-4.618527782440651e-14,True
ARG,Argentina,Region of the Americas,2019,Stool,Salmonella,Cefotaxime,2892,139,5,3.59712230215827,3.597122302158273,-3.1086244689504383e-15,True
ARG,Argentina,Region of the Americas,2019,Stool,Salmonella,Ceftazidime,2892,197,2,1.01522842639594,1.015228426395939,8.881784197001252e-16,True
ARG,Argentina,Region of the Americas,2019,Stool,Salmonella,Ciprofloxacin,2892,422,6,1.4218009478673,1.4218009478672986,1.3322676295501878e-15,True
ARG,Argentina,Region of the Americas,2019,Stool,Salmonella,Imipenem,2892,192,0,0.0,0.0,0.0,True
ARG,Argentina,Region of the Americas,2019,Stool,Salmonella,Meropenem,2892,191,1,0.523560209424084,0.5235602094240838,2.220446049250313e-16,True
ARG,Argentina,Region of the Americas,2019,Stool,Shigella,Azithromycin,2892,1327,18,1.35644310474755,1.3564431047475507,-6.661338147750939e-16,True
ARG,Argentina,Region of the Americas,2019,Stool,Shigella,Cefotaxime,2892,963,15,1.55763239875389,1.557632398753894,-3.9968028886505635e-15,True
ARG,Argentina,Region of the Americas,2019,Stool,Shigella,Ceftazidime,2892,996,0,0.0,0.0,0.0,True
ARG,Argentina,Region of the Americas,2019,Stool,Shigella,Ciprofloxacin,2892,2436,7,0.28735632183908,0.28735632183908044,-4.440892098500626e-16,True
ARG,Argentina,Region of the Americas,2019,Urine,Escherichia coli,Ampicillin,35830,30096,19501,64.7959861775651,64.79598617756513,-2.842170943040401e-14,True
ARG,Argentina,Region of the Americas,2019,Urine,Escherichia coli,Cefepime,35830,21196,2238,10.5585959615022,10.55859596150217,2.842170943040401e-14,True
ARG,Argentina,Region of the Americas,2019,Urine,Escherichia coli,Cefotaxime,35830,14273,2137,14.9723253695789,14.972325369578925,-2.4868995751603507e-14,True
ARG,Argentina,Region of the Americas,2019,Urine,Escherichia coli,Ceftazidime,35830,21462,2560,11.9280588947908,11.928058894790793,7.105427357601002e-15,True
ARG,Argentina,Region of the Americas,2019,Urine,Escherichia coli,Ciprofloxacin,35830,30897,7132,23.0831472311228,23.083147231122762,3.907985046680551e-14,True
ARG,Argentina,Region of the Americas,2019,Urine,Escherichia coli,Colistin,35830,18233,86,0.471672242636977,0.4716722426369769,1.1102230246251565e-16,True
ARG,Argentina,Region of the Americas,2019,Urine,Escherichia coli,Imipenem,35830,21413,28,0.13076168682576,0.13076168682576006,-5.551115123125783e-17,True
ARG,Argentina,Region of the Americas,2019,Urine,Escherichia coli,Meropenem,35830,21393,34,0.158930491282195,0.1589304912821951,-1.1102230246251565e-16,True
ARG,Argentina,Region of the Americas,2019,Urine,Escherichia coli,Trimethoprim/sulfamethoxazole,35830,30338,12419,40.9354604786077,40.93546047860769,1.4210854715202004e-14,True
ARG,Argentina,Region of the Americas,2019,Urine,Klebsiella pneumoniae,Cefepime,35830,3434,1551,45.165987186954,45.165987186953984,1.4210854715202004e-14,True
ARG,Argentina,Region of the Americas,2019,Urine,Klebsiella pneumoniae,Cefotaxime,35830,2426,1368,56.3891178895301,56.38911788953009,7.105427357601002e-15,True
ARG,Argentina,Region of the Americas,2019,Urine,Klebsiella pneumoniae,Ceftazidime,35830,3478,1756,50.4887866589994,50.48878665899943,-2.842170943040401e-14,True
ARG,Argentina,Region of the Americas,2019,Urine,Klebsiella pneumoniae,Ciprofloxacin,35830,4121,1596,38.728463965057,38.728463965057024,-2.1316282072803006e-14,True
ARG,Argentina,Region of the Americas,2019,Urine,Klebsiella pneumoniae,Colistin,35830,2843,219,7.70313049595498,7.7031304959549765,3.552713678800501e-15,True
ARG,Argentina,Region of the Americas,2019,Urine,Klebsiella pneumoniae,Imipenem,35830,3537,385,10.884930732259,10.884930732258976,2.4868995751603507e-14,True
ARG,Argentina,Region of the Americas,2019,Urine,Klebsiella pneumoniae,Meropenem,35830,3539,434,12.2633512291608,12.26335122916078,2.1316282072803006e-14,True
ARG,Argentina,Region of the Americas,2019,Urine,Klebsiella pneumoniae,Trimethoprim/sulfamethoxazole,35830,4035,1854,45.9479553903346,45.94795539033457,2.842170943040401e-14,True
ARG,Argentina,Region of the Americas,2020,Blood,Acinetobacter,Amikacin,7376,626,167,26.6773162939297,26.677316293929714,-1.4210854715202004e-14,True
ARG,Argentina,Region of the Americas,2020,Blood,Acinetobacter,Colistin,7376,500,11,2.2,2.1999999999999997,4.440892098500626e-16,True
ARG,Argentina,Region of the Americas,2020,Blood,Acinetobacter,Gentamicin,7376,615,464,75.4471544715447,75.44715447154472,-1.4210854715202004e-14,True
ARG,Argentina,Region of the Americas,2020,Blood,Acinetobacter,Imipenem,7376,640,528,82.5,82.5,0.0,True
ARG,Argentina,Region of the Americas,2020,Blood,Acinetobacter,Meropenem,7376,637,523,82.1036106750392,82.10361067503925,-4.263256414560601e-14,True
ARG,Argentina,Region of the Americas,2020,Blood,Acinetobacter,Minocycline,7376,374,78,20.855614973262,20.855614973262032,-3.197442310920451e-14,True
ARG,Argentina,Region of the Americas,2020,Blood,Escherichia coli,Ampicillin,7376,1740,1259,72.3563218390805,72.35632183908046,2.842170943040401e-14,True
ARG,Argentina,Region of the Americas,2020,Blood,Escherichia coli,Cefepime,7376,1847,341,18.4623714131023,18.46237141310233,-2.842170943040401e-14,True
ARG,Argentina,Region of the Americas,2020,Blood,Escherichia coli,Cefotaxime,7376,1254,266,21.2121212121212,21.21212121212121,-1.0658141036401503e-14,True
ARG,Argentina,Region of the Americas,2020,Blood,Escherichia coli,Ceftazidime,7376,1884,376,19.9575371549894,19.957537154989385,1.4210854715202004e-14,True
ARG,Argentina,Region of the Americas,2020,Blood,Escherichia coli,Ciprofloxacin,7376,1953,660,33.7941628264209,33.794162826420894,7.105427357601002e-15,True
ARG,Argentina,Region of the Americas,2020,Blood,Escherichia coli,Colistin,7376,1617,8,0.494743351886209,0.49474335188620905,-5.551115123125783e-17,True
ARG,Argentina,Region of the Americas,2020,Blood,Escherichia coli,Ertapenem,7376,1433,20,1.39567341242149,1.3956734124214933,-3.3306690738754696e-15,True
ARG,Argentina,Region of the Americas,2020,Blood,Escherichia coli,Imipenem,7376,1929,8,0.414722654224987,0.41472265422498705,-5.551115123125783e-17,True
ARG,Argentina,Region of the Americas,2020,Blood,Escherichia coli,Meropenem,7376,1933,5,0.258665287118469,0.2586652871184687,2.7755575615628914e-16,True
ARG,Argentina,Region of the Americas,2020,Blood,Escherichia coli,Tinidazole,7376,1254,266,21.2121212121212,21.21212121212121,-1.0658141036401503e-14,True
ARG,Argentina,Region of the Americas,2020,Blood,Escherichia coli,Trimethoprim/sulfamethoxazole,7376,1932,909,47.0496894409938,47.04968944099379,1.4210854715202004e-14,True
ARG,Argentina,Region of the Americas,2020,Blood,Klebsiella pneumoniae,Cefepime,7376,1656,843,50.9057971014493,50.90579710144928,2.1316282072803006e-14,True
ARG,Argentina,Region of the Americas,2020,Blood,Klebsiella pneumoniae,Ceftazidime,7376,1618,955,59.0234857849197,59.02348578491965,4.973799150320701e-14,True
ARG,Argentina,Region of the Americas,2020,Blood,Klebsiella pneumoniae,Ciprofloxacin,7376,1767,849,48.0475382003396,48.04753820033956,4.263256414560601e-14,True
ARG,Argentina,Region of the Americas,2020,Blood,Klebsiella pneumoniae,Colistin,7376,1486,193,12.9878869448183,12.987886944818305,-5.329070518200751e-15,True
ARG,Argentina,Region of the Americas,2020,Blood,Klebsiella pneumoniae,Ertapenem,7376,1256,411,32.7229299363057,32.72292993630573,-3.552713678800501e-14,True
ARG,Argentina,Region of the Americas,2020,Blood,Klebsiella pneumoniae,Imipenem,7376,1756,424,24.1457858769932,24.145785876993166,3.552713678800501e-14,True
ARG,Argentina,Region of the Americas,2020,Blood,Klebsiella pneumoniae,Meropenem,7376,1764,463,26.2471655328798,26.24716553287982,-1.7763568394002505e-14,True
ARG,Argentina,Region of the Americas,2020,Blood,Klebsiella pneumoniae,Trimethoprim/sulfamethoxazole,7376,1744,1003,57.5114678899083,57.51146788990825,4.973799150320701e-14,True
ARG,Argentina,Region of the Americas,2020,Blood,Salmonella,Cefotaxime,7376,185,1,0.540540540540541,0.5405405405405406,4.440892098500626e-16,True
ARG,Argentina,Region of the Americas,2020,Blood,Salmonella,Ceftazidime,7376,80,0,0.0,0.0,0.0,True
ARG,Argentina,Region of the Americas,2020,Blood,Salmonella,Ciprofloxacin,7376,264,0,0.0,0.0,0.0,True
ARG,Argentina,Region of the Americas,2020,Blood,Salmonella,Imipenem,7376,80,0,0.0,0.0,0.0,True
ARG,Argentina,Region of the Americas,2020,Blood,Salmonella,Meropenem,7376,78,0,0.0,0.0,0.0,True
ARG,Argentina,Region of the Americas,2020,Blood,Staphylococcus aureus,Meticillin,7376,1604,616,38.4039900249377,38.403990024937656,4.263256414560601e-14,True
ARG,Argentina,Region of the Americas,2020,Blood,Streptococcus pneumoniae,Benzylpenicillin,7376,128,33,25.78125,25.78125,0.0,True
ARG,Argentina,Region of the Americas,2020,Blood,Streptococcus pneumoniae,Cefotaxime,7376,73,1,1.36986301369863,1.36986301369863,0.0,True
ARG,Argentina,Region of the Americas,2020,Blood,Streptococcus pneumoniae,Trimethoprim/sulfamethoxazole,7376,135,19,14.0740740740741,14.074074074074074,2.4868995751603507e-14,True
ARG,Argentina,Region of the Americas,2020,Stool,Salmonella,Cefotaxime,2201,116,10,8.62068965517241,8.620689655172415,-5.329070518200751e-15,True
ARG,Argentina,Region of the Americas,2020,Stool,Salmonella,Ceftazidime,2201,155,5,3.2258064516129,3.225806451612903,-3.1086244689504383e-15,True
ARG,Argentina,Region of the Americas,2020,Stool,Salmonella,Ciprofloxacin,2201,488,4,0.819672131147541,0.819672131147541,0.0,True
ARG,Argentina,Region of the Americas,2020,Stool,Salmonella,Imipenem,2201,155,0,0.0,0.0,0.0,True
ARG,Argentina,Region of the Americas,2020,Stool,Salmonella,Meropenem,2201,155,0,0.0,0.0,0.0,True
ARG,Argentina,Region of the Americas,2020,Stool,Shigella,Azithromycin,2201,1120,6,0.535714285714286,0.5357142857142857,3.3306690738754696e-16,True
ARG,Argentina,Region of the Americas,2020,Stool,Shigella,Cefotaxime,2201,415,17,4.09638554216868,4.096385542168675,5.329070518200751e-15,True
ARG,Argentina,Region of the Americas,2020,Stool,Shigella,Ceftazidime,2201,635,2,0.31496062992126,0.31496062992125984,1.6653345369377348e-16,True
ARG,Argentina,Region of the Americas,2020,Stool,Shigella,Ciprofloxacin,2201,1669,8,0.479328939484721,0.4793289394847214,-3.885780586188048e-16,True
ARG,Argentina,Region of the Americas,2020,Urine,Escherichia coli,Ampicillin,29170,23779,14742,61.9958787165146,61.995878716514575,2.842170943040401e-14,True
ARG,Argentina,Region of the Americas,2020,Urine,Escherichia coli,Cefepime,29170,15658,1868,11.930003831907,11.930003831907014,-1.4210854715202004e-14,True
ARG,Argentina,Region of the Americas,2020,Urine,Escherichia coli,Cefotaxime,29170,10660,1723,16.1632270168856,16.163227016885553,4.618527782440651e-14,True
ARG,Argentina,Region of the Americas,2020,Urine,Escherichia coli,Ceftazidime,29170,15938,2187,13.7219224494918,13.72192244949178,1.9539925233402755e-14,True
ARG,Argentina,Region of the Americas,2020,Urine,Escherichia coli,Ciprofloxacin,29170,24708,5883,23.8101019912579,23.81010199125789,7.105427357601002e-15,True
ARG,Argentina,Region of the Americas,2020,Urine,Escherichia coli,Colistin,29170,12364,61,0.493367842122291,0.4933678421222905,4.996003610813204e-16,True
ARG,Argentina,Region of the Americas,2020,Urine,Escherichia coli,Imipenem,29170,16102,27,0.167681033411998,0.1676810334119985,-4.996003610813204e-16,True
ARG,Argentina,Region of the Americas,2020,Urine,Escherichia coli,Meropenem,29170,16017,23,0.143597427733034,0.14359742773303363,3.608224830031759e-16,True
ARG,Argentina,Region of the Americas,2020,Urine,Escherichia coli,Trimethoprim/sulfamethoxazole,29170,24877,9561,38.4330908067693,38.43309080676931,-7.105427357601002e-15,True
ARG,Argentina,Region of the Americas,2020,Urine,Klebsiella pneumoniae,Cefepime,29170,2977,1336,44.8773933490091,44.87739334900907,2.842170943040401e-14,True
ARG,Argentina,Region of the Americas,2020,Urine,Klebsiella pneumoniae,Cefotaxime,29170,2118,1112,52.5023607176582,52.50236071765817,2.842170943040401e-14,True
ARG,Argentina,Region of the Americas,2020,Urine,Klebsiella pneumoniae,Ceftazidime,29170,3020,1532,50.728476821192,50.72847682119205,-4.973799150320701e-14,True
ARG,Argentina,Region of the Americas,2020,Urine,Klebsiella pneumoniae,Ciprofloxacin,29170,3686,1482,40.2061855670103,40.20618556701031,-7.105427357601002e-15,True
ARG,Argentina,Region of the Americas,2020,Urine,Klebsiella pneumoniae,Colistin,29170,2313,195,8.43060959792477,8.430609597924773,-3.552713678800501e-15,True
ARG,Argentina,Region of the Americas,2020,Urine,Klebsiella pneumoniae,Imipenem,29170,3174,430,13.5475740390674,13.547574039067422,-2.1316282072803006e-14,True
ARG,Argentina,Region of the Americas,2020,Urine,Klebsiella pneumoniae,Meropenem,29170,3174,493,15.5324511657215,15.532451165721486,1.4210854715202004e-14,True
ARG,Argentina,Region of the Americas,2020,Urine,Klebsiella pneumoniae,Trimethoprim/sulfamethoxazole,29170,3653,1652,45.2231042978374,45.223104297837395,7.105427357601002e-15,True
AUS,Australia,Western Pacific Region,2019,Blood,Acinetobacter,Amikacin,9533,97,1,1.03092783505155,1.0309278350515463,3.774758283725532e-15,True
AUS,Australia,Western Pacific Region,2019,Blood,Acinetobacter,Colistin,9533,11,0,0.0,0.0,0.0,True
AUS,Australia,Western Pacific Region,2019,Blood,Acinetobacter,Gentamicin,9533,99,8,8.08080808080808,8.080808080808081,-1.7763568394002505e-15,True
AUS,Australia,Western Pacific Region,2019,Blood,Acinetobacter,Imipenem,9533,11,0,0.0,0.0,0.0,True
AUS,Australia,Western Pacific Region,2019,Blood,Acinetobacter,Meropenem,9533,98,3,3.06122448979592,3.061224489795918,1.7763568394002505e-15,True
AUS,Australia,Western Pacific Region,2019,Blood,Escherichia coli,Ampicillin,9533,4881,2749,56.320426142184,56.320426142183976,2.1316282072803006e-14,True
AUS,Australia,Western Pacific Region,2019,Blood,Escherichia coli,Cefepime,9533,4884,202,4.13595413595414,4.135954135954136,4.440892098500626e-15,True
AUS,Australia,Western Pacific Region,2019,Blood,Escherichia coli,Ceftazidime,9533,4885,347,7.10337768679631,7.103377686796315,-5.329070518200751e-15,True
AUS,Australia,Western Pacific Region,2019,Blood,Escherichia coli,Ceftriaxone,9533,4885,649,13.2855680655067,13.285568065506654,4.618527782440651e-14,True
AUS,Australia,Western Pacific Region,2019,Blood,Escherichia coli,Ciprofloxacin,9533,4882,779,15.956575174109,15.956575174108972,2.842170943040401e-14,True
AUS,Australia,Western Pacific Region,2019,Blood,Escherichia coli,Colistin,9533,614,1,0.162866449511401,0.16286644951140067,3.3306690738754696e-16,True
AUS,Australia,Western Pacific Region,2019,Blood,Escherichia coli,Ertapenem,9533,614,23,3.74592833876222,3.7459283387622153,4.884981308350689e-15,True
AUS,Australia,Western Pacific Region,2019,Blood,Escherichia coli,Imipenem,9533,615,3,0.48780487804878,0.4878048780487805,-4.996003610813204e-16,True
AUS,Australia,Western Pacific Region,2019,Blood,Escherichia coli,Meropenem,9533,4882,4,0.0819336337566571,0.0819336337566571,0.0,True
AUS,Australia,Western Pacific Region,2019,Blood,Escherichia coli,Trimethoprim/sulfamethoxazole,9533,4880,1508,30.9016393442623,30.901639344262293,7.105427357601002e-15,True
AUS,Australia,Western Pacific Region,2019,Blood,Klebsiella pneumoniae,Cefepime,9533,1140,38,3.33333333333333,3.3333333333333335,-3.552713678800501e-15,True
AUS,Australia,Western Pacific Region,2019,Blood,Klebsiella pneumoniae,Ceftazidime,9533,1140,83,7.28070175438597,7.280701754385966,4.440892098500626e-15,True
AUS,Australia,Western Pacific Region,2019,Blood,Klebsiella pneumoniae,Ceftriaxone,9533,1140,98,8.59649122807018,8.596491228070176,3.552713678800501e-15,True
AUS,Australia,Western Pacific Region,2019,Blood,Klebsiella pneumoniae,Ciprofloxacin,9533,1139,119,10.4477611940298,10.44776119402985,-4.973799150320701e-14,True
AUS,Australia,Western Pacific Region,2019,Blood,Klebsiella pneumoniae,Colistin,9533,134,0,0.0,0.0,0.0,True
AUS,Australia,Western Pacific Region,2019,Blood,Klebsiella pneumoniae,Ertapenem,9533,134,2,1.49253731343284,1.4925373134328357,4.218847493575595e-15,True
AUS,Australia,Western Pacific Region,2019,Blood,Klebsiella pneumoniae,Imipenem,9533,134,0,0.0,0.0,0.0,True
AUS,Australia,Western Pacific Region,2019,Blood,Klebsiella pneumoniae,Meropenem,9533,1140,8,0.701754385964912,0.7017543859649122,-2.220446049250313e-16,True
AUS,Australia,Western Pacific Region,2019,Blood,Klebsiella pneumoniae,Trimethoprim/sulfamethoxazole,9533,1140,190,16.6666666666667,16.666666666666664,3.552713678800501e-14,True
AUS,Australia,Western Pacific Region,2019,Blood,Salmonella,Ceftazidime,9533,208,3,1.44230769230769,1.4423076923076923,-2.220446049250313e-15,True
AUS,Australia,Western Pacific Region,2019,Blood,Salmonella,Ceftriaxone,9533,208,3,1.44230769230769,1.4423076923076923,-2.220446049250313e-15,True
AUS,Australia,Western Pacific Region,2019,Blood,Salmonella,Ciprofloxacin,9533,78,74,94.8717948717949,94.87179487179486,4.263256414560601e-14,True
AUS,Australia,Western Pacific Region,2019,Blood,Salmonella,Ertapenem,9533,12,0,0.0,0.0,0.0,True
AUS,Australia,Western Pacific Region,2019,Blood,Salmonella,Imipenem,9533,12,0,0.0,0.0,0.0,True
AUS,Australia,Western Pacific Region,2019,Blood,Salmonella,Meropenem,9533,208,0,0.0,0.0,0.0,True
AUS,Australia,Western Pacific Region,2019,Blood,Staphylococcus aureus,Cefoxitin,9533,3157,583,18.4668989547038,18.466898954703833,-3.197442310920451e-14,True
AUS,Australia,Western Pacific Region,2019,Genital,Neisseria gonorrhoeae,Azithromycin,5649,5649,237,4.19543281996814,4.195432819968136,3.552713678800501e-15,True
AUS,Australia,Western Pacific Region,2019,Genital,Neisseria gonorrhoeae,Ceftriaxone,5649,5649,9,0.159320233669676,0.15932023366967604,-5.551115123125783e-17,True
AUS,Australia,Western Pacific Region,2019,Genital,Neisseria gonorrhoeae,Ciprofloxacin,5649,5649,1546,27.3676756948132,27.367675694813244,-4.263256414560601e-14,True
AUS,Australia,Western Pacific Region,2019,Genital,Neisseria gonorrhoeae,Gentamicin,5649,705,0,0.0,0.0,0.0,True
AUS,Australia,Western Pacific Region,2019,Genital,Neisseria gonorrhoeae,Spectinomycin,5649,5237,0,0.0,0.0,0.0,True
AUT,Austria,European Region,2017,Blood,Escherichia coli,Tinidazole,10210,5129,494,9.63150711639696,9.631507116396959,1.7763568394002505e-15,True
AUT,Austria,European Region,2017,Blood,Staphylococcus aureus,Meticillin,10210,3158,186,5.88980367321089,5.889803673210893,-2.6645352591003757e-15,True
AUT,Austria,European Region,2018,Blood,Escherichia coli,Tinidazole,10829,5672,579,10.2080394922426,10.208039492242595,5.329070518200751e-15,True
AUT,Austria,European Region,2018,Blood,Staphylococcus aureus,Meticillin,10829,3307,212,6.41064408829755,6.410644088297551,-8.881784197001252e-16,True
AUT,Austria,European Region,2019,Blood,Acinetobacter,Amikacin,10215,58,5,8.62068965517241,8.620689655172415,-5.329070518200751e-15,True
AUT,Austria,European Region,2019,Blood,Acinetobacter,Colistin,10215,11,1,9.09090909090909,9.090909090909092,-1.7763568394002505e-15,True
AUT,Austria,European Region,2019,Blood,Acinetobacter,Gentamicin,10215,63,6,9.52380952380952,9.523809523809524,-3.552713678800501e-15,True
AUT,Austria,European Region,2019,Blood,Acinetobacter,Imipenem,10215,46,4,8.69565217391304,8.695652173913043,-3.552713678800501e-15,True
AUT,Austria,European Region,2019,Blood,Acinetobacter,Meropenem,10215,81,6,7.40740740740741,7.4074074074074066,3.552713678800501e-15,True
AUT,Austria,European Region,2019,Blood,Escherichia coli,Ampicillin,10215,5782,2720,47.0425458318921,47.04254583189208,2.1316282072803006e-14,True
AUT,Austria,European Region,2019,Blood,Escherichia coli,Cefepime,10215,5317,388,7.29734812864397,7.297348128643972,-2.6645352591003757e-15,True
AUT,Austria,European Region,2019,Blood,Escherichia coli,Cefotaxime,10215,5748,521,9.06402226861517,9.06402226861517,0.0,True
AUT,Austria,European Region,2019,Blood,Escherichia coli,Ceftazidime,10215,4650,358,7.6989247311828,7.698924731182796,4.440892098500626e-15,True
AUT,Austria,European Region,2019,Blood,Escherichia coli,Ceftriaxone,10215,1730,154,8.90173410404624,8.901734104046243,-3.552713678800501e-15,True
AUT,Austria,European Region,2019,Blood,Escherichia coli,Ciprofloxacin,10215,5939,1080,18.1848796093618,18.184879609361847,-4.618527782440651e-14,True
AUT,Austria,European Region,2019,Blood,Escherichia coli,Colistin,10215,274,1,0.364963503649635,0.36496350364963503,-5.551115123125783e-17,True
AUT,Austria,European Region,2019,Blood,Escherichia coli,Ertapenem,10215,1550,0,0.0,0.0,0.0,True
AUT,Austria,European Region,2019,Blood,Escherichia coli,Imipenem,10215,3094,0,0.0,0.0,0.0,True
AUT,Austria,European Region,2019,Blood,Escherichia coli,Levofloxacin,10215,2257,383,16.9694284448383,16.96942844483828,2.1316282072803006e-14,True
AUT,Austria,European Region,2019,Blood,Escherichia coli,Meropenem,10215,5938,0,0.0,0.0,0.0,True
AUT,Austria,European Region,2019,Blood,Escherichia coli,Tinidazole,10215,5748,521,9.06402226861517,9.06402226861517,0.0,True
AUT,Austria,European Region,2019,Blood,Klebsiella pneumoniae,Cefepime,10215,1168,96,8.21917808219178,8.21917808219178,0.0,True
AUT,Austria,European Region,2019,Blood,Klebsiella pneumoniae,Cefotaxime,10215,1228,110,8.95765472312704,8.957654723127035,5.329070518200751e-15,True
AUT,Austria,European Region,2019,Blood,Klebsiella pneumoniae,Ceftazidime,10215,1033,109,10.5517909002904,10.551790900290415,-1.5987211554602254e-14,True
AUT,Austria,European Region,2019,Blood,Klebsiella pneumoniae,Ceftriaxone,10215,347,40,11.5273775216138,11.527377521613833,-3.197442310920451e-14,True
AUT,Austria,European Region,2019,Blood,Klebsiella pneumoniae,Ciprofloxacin,10215,1288,201,15.6055900621118,15.605590062111801,-1.7763568394002505e-15,True
AUT,Austria,European Region,2019,Blood,Klebsiella pneumoniae,Colistin,10215,70,0,0.0,0.0,0.0,True
AUT,Austria,European Region,2019,Blood,Klebsiella pneumoniae,Ertapenem,10215,345,9,2.60869565217391,2.608695652173913,-3.1086244689504383e-15,True
AUT,Austria,European Region,2019,Blood,Klebsiella pneumoniae,Imipenem,10215,662,11,1.66163141993958,1.6616314199395772,2.886579864025407e-15,True
AUT,Austria,European Region,2019,Blood,Klebsiella pneumoniae,Levofloxacin,10215,449,64,14.2538975501114,14.253897550111358,4.263256414560601e-14,True
AUT,Austria,European Region,2019,Blood,Klebsiella pneumoniae,Meropenem,10215,1295,16,1.23552123552124,1.2355212355212355,4.440892098500626e-15,True
AUT,Austria,European Region,2019,Blood,Staphylococcus aureus,Cefoxitin,10215,1662,85,5.11432009626956,5.114320096269555,4.440892098500626e-15,True
AUT,Austria,European Region,2019,Blood,Staphylococcus aureus,Meticillin,10215,2378,125,5.2565180824222,5.256518082422203,-2.6645352591003757e-15,True
AUT,Austria,European Region,2019,Blood,Staphylococcus aureus,Oxacillin,10215,2378,125,5.2565180824222,5.256518082422203,-2.6645352591003757e-15,True
AUT,Austria,European Region,2019,Blood,Streptococcus pneumoniae,Benzylpenicillin,10215,462,6,1.2987012987013,1.2987012987012987,1.3322676295501878e-15,True
AUT,Austria,European Region,2019,Blood,Streptococcus pneumoniae,Cefotaxime,10215,422,2,0.4739336492891,0.47393364928909953,4.440892098500626e-16,True
AUT,Austria,European Region,2019,Blood,Streptococcus pneumoniae,Ceftriaxone,10215,340,3,0.882352941176471,0.8823529411764706,4.440892098500626e-16,True
AUT,Austria,European Region,2019,Blood,Streptococcus pneumoniae,Oxacillin,10215,157,11,7.00636942675159,7.006369426751593,-2.6645352591003757e-15,True
AUT,Austria,European Region,2020,Blood,Escherichia coli,Tinidazole,8660,4933,465,9.42631258868843,9.426312588688425,5.329070518200751e-15,True
AUT,Austria,European Region,2020,Blood,Staphylococcus aureus,Meticillin,8660,1968,88,4.47154471544715,4.471544715447155,-4.440892098500626e-15,True
BGD,Bangladesh,South-East Asia Region,2017,Blood,Salmonella,Ceftazidime,49,12,0,0.0,0.0,0.0,True
BGD,Bangladesh,South-East Asia Region,2017,Blood,Salmonella,Ceftriaxone,49,12,0,0.0,0.0,0.0,True
BGD,Bangladesh,South-East Asia Region,2017,Blood,Salmonella,Ciprofloxacin,49,12,0,0.0,0.0,0.0,True
BGD,Bangladesh,South-East Asia Region,2017,Blood,Salmonella,Imipenem,49,12,0,0.0,0.0,0.0,True
BGD,Bangladesh,South-East Asia Region,2017,Urine,Escherichia coli,Ampicillin,209,91,74,81.3186813186813,81.31868131868131,-1.4210854715202004e-14,True
BGD,Bangladesh,South-East Asia Region,2017,Urine,Escherichia coli,Cefepime,209,90,44,48.8888888888889,48.888888888888886,1.4210854715202004e-14,True
BGD,Bangladesh,South-East Asia Region,2017,Urine,Escherichia coli,Ceftazidime,209,87,48,55.1724137931034,55.172413793103445,-4.263256414560601e-14,True
BGD,Bangladesh,South-East Asia Region,2017,Urine,Escherichia coli,Ceftriaxone,209,93,50,53.763440860215,53.76344086021505,-4.973799150320701e-14,True
BGD,Bangladesh,South-East Asia Region,2017,Urine,Escherichia coli,Ciprofloxacin,209,106,61,57.5471698113208,57.54716981132076,4.263256414560601e-14,True
BGD,Bangladesh,South-East Asia Region,2017,Urine,Escherichia coli,Imipenem,209,100,7,7.0,7.000000000000001,-8.881784197001252e-16,True
BGD,Bangladesh,South-East Asia Region,2017,Urine,Klebsiella pneumoniae,Cefepime,209,31,14,45.1612903225806,45.16129032258064,-4.263256414560601e-14,True
BGD,Bangladesh,South-East Asia Region,2017,Urine,Klebsiella pneumoniae,Ceftazidime,209,29,18,62.0689655172414,62.06896551724138,2.1316282072803006e-14,True
BGD,Bangladesh,South-East Asia Region,2017,Urine,Klebsiella pneumoniae,Ceftriaxone,209,28,14,50.0,50.0,0.0,True
BGD,Bangladesh,South-East Asia Region,2017,Urine,Klebsiella pneumoniae,Ciprofloxacin,209,36,14,38.8888888888889,38.88888888888889,7.105427357601002e-15,True
BGD,Bangladesh,South-East Asia Region,2017,Urine,Klebsiella pneumoniae,Imipenem,209,33,5,15.1515151515152,15.151515151515152,4.796163466380676e-14,True
BGD,Bangladesh,South-East Asia Region,2018,Blood,Salmonella,Ceftazidime,122,72,0,0.0,0.0,0.0,True
BGD,Bangladesh,South-East Asia Region,2018,Blood,Salmonella,Ceftriaxone,122,72,1,1.38888888888889,1.3888888888888888,1.1102230246251565e-15,True
BGD,Bangladesh,South-East Asia Region,2018,Blood,Salmonella,Ciprofloxacin,122,73,16,21.9178082191781,21.91780821917808,1.7763568394002505e-14,True
BGD,Bangladesh,South-East Asia Region,2018,Blood,Salmonella,Imipenem,122,72,0,0.0,0.0,0.0,True
BGD,Bangladesh,South-East Asia Region,2018,Urine,Escherichia coli,Ampicillin,412,226,188,83.1858407079646,83.1858407079646,0.0,True
BGD,Bangladesh,South-East Asia Region,2018,Urine,Escherichia coli,Cefepime,412,214,104,48.5981308411215,48.598130841121495,7.105427357601002e-15,True
BGD,Bangladesh,South-East Asia Region,2018,Urine,Escherichia coli,Ceftazidime,412,254,147,57.8740157480315,57.874015748031496,7.105427357601002e-15,True
BGD,Bangladesh,South-East Asia Region,2018,Urine,Escherichia coli,Ceftriaxone,412,240,131,54.5833333333333,54.58333333333333,-2.842170943040401e-14,True
BGD,Bangladesh,South-East Asia Region,2018,Urine,Escherichia coli,Ciprofloxacin,412,272,170,62.5,62.5,0.0,True
BGD,Bangladesh,South-East Asia Region,2018,Urine,Escherichia coli,Imipenem,412,289,34,11.7647058823529,11.76470588235294,-4.085620730620576e-14,True
BGD,Bangladesh,South-East Asia Region,2018,Urine,Klebsiella pneumoniae,Cefepime,412,56,29,51.7857142857143,51.78571428571429,7.105427357601002e-15,True
BGD,Bangladesh,South-East Asia Region,2018,Urine,Klebsiella pneumoniae,Ceftazidime,412,77,38,49.3506493506493,49.35064935064935,-4.973799150320701e-14,True
BGD,Bangladesh,South-East Asia Region,2018,Urine,Klebsiella pneumoniae,Ceftriaxone,412,74,32,43.2432432432432,43.24324324324324,-4.263256414560601e-14,True
BGD,Bangladesh,South-East Asia Region,2018,Urine,Klebsiella pneumoniae,Ciprofloxacin,412,84,39,46.4285714285714,46.42857142857143,-2.842170943040401e-14,True
BGD,Bangladesh,South-East Asia Region,2018,Urine,Klebsiella pneumoniae,Imipenem,412,78,11,14.1025641025641,14.102564102564102,-1.7763568394002505e-15,True
BGD,Bangladesh,South-East Asia Region,2019,Blood,Escherichia coli,Ampicillin,147,26,26,100.0,100.0,0.0,True
BGD,Bangladesh,South-East Asia Region,2019,Blood,Escherichia coli,Cefepime,147,29,23,79.3103448275862,79.3103448275862,0.0,True
BGD,Bangladesh,South-East Asia Region,2019,Blood,Escherichia coli,Ceftazidime,147,30,23,76.6666666666667,76.66666666666667,2.842170943040401e-14,True
BGD,Bangladesh,South-East Asia Region,2019,Blood,Escherichia coli,Ceftriaxone,147,29,27,93.1034482758621,93.10344827586206,4.263256414560601e-14,True
BGD,Bangladesh,South-East Asia Region,2019,Blood,Escherichia coli,Ciprofloxacin,147,31,22,70.9677419354839,70.96774193548387,2.842170943040401e-14,True
BGD,Bangladesh,South-East Asia Region,2019,Blood,Escherichia coli,Imipenem,147,31,4,12.9032258064516,12.903225806451612,-1.2434497875801753e-14,True
BGD,Bangladesh,South-East Asia Region,2019,Blood,Klebsiella pneumoniae,Cefepime,147,16,12,75.0,75.0,0.0,True
BGD,Bangladesh,South-East Asia Region,2019,Blood,Klebsiella pneumoniae,Ceftazidime,147,15,11,73.3333333333333,73.33333333333333,-2.842170943040401e-14,True
BGD,Bangladesh,South-East Asia Region,2019,Blood,Klebsiella pneumoniae,Ceftriaxone,147,14,12,85.7142857142857,85.71428571428571,-1.4210854715202004e-14,True
BGD,Bangladesh,South-East Asia Region,2019,Blood,Klebsiella pneumoniae,Ciprofloxacin,147,15,13,86.6666666666667,86.66666666666667,2.842170943040401e-14,True
BGD,Bangladesh,South-East Asia Region,2019,Blood,Klebsiella pneumoniae,Imipenem,147,14,7,50.0,50.0,0.0,True
BGD,Bangladesh,South-East Asia Region,2019,Blood,Salmonella,Ceftazidime,170,96,4,4.16666666666667,4.166666666666666,3.552713678800501e-15,True
BGD,Bangladesh,South-East Asia Region,2019,Blood,Salmonella,Ceftriaxone,170,97,5,5.15463917525773,5.154639175257731,-1.7763568394002505e-15,True
BGD,Bangladesh,South-East Asia Region,2019,Blood,Salmonella,Ciprofloxacin,170,98,31,31.6326530612245,31.63265306122449,7.105427357601002e-15,True
BGD,Bangladesh,South-East Asia Region,2019,Blood,Salmonella,Imipenem,170,98,1,1.02040816326531,1.0204081632653061,3.774758283725532e-15,True
BGD,Bangladesh,South-East Asia Region,2019,Stool,Salmonella,Ceftazidime,12,10,7,70.0,70.0,0.0,True
BGD,Bangladesh,South-East Asia Region,2019,Stool,Salmonella,Ceftriaxone,12,12,3,25.0,25.0,0.0,True
BGD,Bangladesh,South-East Asia Region,2019,Stool,Salmonella,Ciprofloxacin,12,12,6,50.0,50.0,0.0,True
BGD,Bangladesh,South-East Asia Region,2019,Urine,Escherichia coli,Ampicillin,488,319,274,85.8934169278997,85.8934169278997,0.0,True
BGD,Bangladesh,South-East Asia Region,2019,Urine,Escherichia coli,Cefepime,488,321,165,51.4018691588785,51.4018691588785,0.0,True
BGD,Bangladesh,South-East Asia Region,2019,Urine,Escherichia coli,Ceftazidime,488,347,179,51.5850144092219,51.5850144092219,0.0,True
BGD,Bangladesh,South-East Asia Region,2019,Urine,Escherichia coli,Ceftriaxone,488,324,177,54.6296296296296,54.629629629629626,-2.842170943040401e-14,True
BGD,Bangladesh,South-East Asia Region,2019,Urine,Escherichia coli,Ciprofloxacin,488,376,236,62.7659574468085,62.76595744680851,-7.105427357601002e-15,True
BGD,Bangladesh,South-East Asia Region,2019,Urine,Escherichia coli,Imipenem,488,371,34,9.1644204851752,9.164420485175203,-3.552713678800501e-15,True
BGD,Bangladesh,South-East Asia Region,2019,Urine,Klebsiella pneumoniae,Cefepime,488,76,24,31.5789473684211,31.57894736842105,4.973799150320701e-14,True
BGD,Bangladesh,South-East Asia Region,2019,Urine,Klebsiella pneumoniae,Ceftazidime,488,85,35,41.1764705882353,41.17647058823529,7.105427357601002e-15,True
BGD,Bangladesh,South-East Asia Region,2019,Urine,Klebsiella pneumoniae,Ceftriaxone,488,82,33,40.2439024390244,40.243902439024396,7.105427357601002e-15,True
BGD,Bangladesh,South-East Asia Region,2019,Urine,Klebsiella pneumoniae,Ciprofloxacin,488,88,44,50.0,50.0,0.0,True
BGD,Bangladesh,South-East Asia Region,2019,Urine,Klebsiella pneumoniae,Imipenem,488,89,10,11.2359550561798,11.235955056179774,2.4868995751603507e-14,True
BGD,Bangladesh,South-East Asia Region,2020,Blood,Salmonella,Ceftazidime,65,34,0,0.0,0.0,0.0,True
BGD,Bangladesh,South-East Asia Region,2020,Blood,Salmonella,Ceftriaxone,65,47,0,0.0,0.0,0.0,True
BGD,Bangladesh,South-East Asia Region,2020,Blood,Salmonella,Ciprofloxacin,65,48,12,25.0,25.0,0.0,True
BGD,Bangladesh,South-East Asia Region,2020,Blood,Salmonella,Imipenem,65,32,0,0.0,0.0,0.0,True
BGD,Bangladesh,South-East Asia Region,2020,Urine,Escherichia coli,Ampicillin,261,170,147,86.4705882352941,86.47058823529412,-1.4210854715202004e-14,True
BGD,Bangladesh,South-East Asia Region,2020,Urine,Escherichia coli,Cefepime,261,180,94,52.2222222222222,52.22222222222223,-2.842170943040401e-14,True
BGD,Bangladesh,South-East Asia Region,2020,Urine,Escherichia coli,Ceftazidime,261,185,102,55.1351351351351,55.13513513513514,-3.552713678800501e-14,True
BGD,Bangladesh,South-East Asia Region,2020,Urine,Escherichia coli,Ceftriaxone,261,195,111,56.9230769230769,56.92307692307692,-2.1316282072803006e-14,True
BGD,Bangladesh,South-East Asia Region,2020,Urine,Escherichia coli,Ciprofloxacin,261,199,117,58.7939698492462,58.79396984924623,-2.842170943040401e-14,True
BGD,Bangladesh,South-East Asia Region,2020,Urine,Escherichia coli,Imipenem,261,138,7,5.07246376811594,5.072463768115942,-2.6645352591003757e-15,True
BGD,Bangladesh,South-East Asia Region,2020,Urine,Klebsiella pneumoniae,Cefepime,261,47,15,31.9148936170213,31.914893617021278,2.1316282072803006e-14,True
BGD,Bangladesh,South-East Asia Region,2020,Urine,Klebsiella pneumoniae,Ceftazidime,261,44,17,38.6363636363636,38.63636363636363,-3.552713678800501e-14,True
BGD,Bangladesh,South-East Asia Region,2020,Urine,Klebsiella pneumoniae,Ceftriaxone,261,43,18,41.8604651162791,41.86046511627907,2.842170943040401e-14,True
BGD,Bangladesh,South-East Asia Region,2020,Urine,Klebsiella pneumoniae,Ciprofloxacin,261,46,26,56.5217391304348,56.52173913043478,2.1316282072803006e-14,True
BGD,Bangladesh,South-East Asia Region,2020,Urine,Klebsiella pneumoniae,Imipenem,261,33,2,6.06060606060606,6.0606060606060606,-8.881784197001252e-16,True
BHR,Bahrain,Eastern Mediterranean Region,2017,Blood,Klebsiella pneumoniae,Cefepime,196,169,75,44.3786982248521,44.37869822485207,2.842170943040401e-14,True
BHR,Bahrain,Eastern Mediterranean Region,2017,Blood,Klebsiella pneumoniae,Ceftriaxone,196,169,75,44.3786982248521,44.37869822485207,2.842170943040401e-14,True
BHR,Bahrain,Eastern Mediterranean Region,2017,Blood,Klebsiella pneumoniae,Ciprofloxacin,196,169,53,31.3609467455621,31.360946745562128,-2.842170943040401e-14,True
BHR,Bahrain,Eastern Mediterranean Region,2017,Blood,Klebsiella pneumoniae,Colistin,196,33,12,36.3636363636364,36.36363636363637,3.552713678800501e-14,True
BHR,Bahrain,Eastern Mediterranean Region,2017,Blood,Klebsiella pneumoniae,Ertapenem,196,32,32,100.0,100.0,0.0,True
BHR,Bahrain,Eastern Mediterranean Region,2017,Blood,Klebsiella pneumoniae,Imipenem,196,59,41,69.4915254237288,69.49152542372882,-1.4210854715202004e-14,True
BHR,Bahrain,Eastern Mediterranean Region,2017,Blood,Klebsiella pneumoniae,Meropenem,196,169,32,18.9349112426036,18.93491124260355,4.973799150320701e-14,True
BHR,Bahrain,Eastern Mediterranean Region,2017,Blood,Klebsiella pneumoniae,Trimethoprim/sulfamethoxazole,196,169,88,52.0710059171598,52.071005917159766,3.552713678800501e-14,True
BHR,Bahrain,Eastern Mediterranean Region,2017,Stool,Salmonella,Ceftriaxone,95,95,1,1.05263157894737,1.0526315789473684,1.5543122344752192e-15,True
BHR,Bahrain,Eastern Mediterranean Region,2017,Stool,Salmonella,Ciprofloxacin,95,95,6,6.31578947368421,6.315789473684211,-8.881784197001252e-16,True
BHR,Bahrain,Eastern Mediterranean Region,2017,Urine,Klebsiella pneumoniae,Ceftriaxone,477,477,149,31.2368972746331,31.236897274633122,-2.1316282072803006e-14,True
BHR,Bahrain,Eastern Mediterranean Region,2017,Urine,Klebsiella pneumoniae,Colistin,477,28,3,10.7142857142857,10.714285714285714,-1.4210854715202004e-14,True
BHR,Bahrain,Eastern Mediterranean Region,2017,Urine,Klebsiella pneumoniae,Ertapenem,477,28,27,96.4285714285714,96.42857142857143,-2.842170943040401e-14,True
BHR,Bahrain,Eastern Mediterranean Region,2017,Urine,Klebsiella pneumoniae,Imipenem,477,28,27,96.4285714285714,96.42857142857143,-2.842170943040401e-14,True
BHR,Bahrain,Eastern Mediterranean Region,2017,Urine,Klebsiella pneumoniae,Meropenem,477,150,27,18.0,18.0,0.0,True
BHR,Bahrain,Eastern Mediterranean Region,2017,Urine,Klebsiella pneumoniae,Trimethoprim/sulfamethoxazole,477,467,190,40.6852248394004,40.68522483940043,-3.552713678800501e-14,True
BHR,Bahrain,Eastern Mediterranean Region,2018,Blood,Klebsiella pneumoniae,Cefepime,633,125,56,44.8,44.800000000000004,-7.105427357601002e-15,True
BHR,Bahrain,Eastern Mediterranean Region,2018,Blood,Klebsiella pneumoniae,Ceftriaxone,633,125,57,45.6,45.6,0.0,True
BHR,Bahrain,Eastern Mediterranean Region,2018,Blood,Klebsiella pneumoniae,Ciprofloxacin,633,125,39,31.2,31.2,0.0,True
BHR,Bahrain,Eastern Mediterranean Region,2018,Blood,Klebsiella pneumoniae,Colistin,633,29,8,27.5862068965517,27.586206896551722,-2.1316282072803006e-14,True
BHR,Bahrain,Eastern Mediterranean Region,2018,Blood,Klebsiella pneumoniae,Ertapenem,633,29,28,96.551724137931,96.55172413793103,-2.842170943040401e-14,True
BHR,Bahrain,Eastern Mediterranean Region,2018,Blood,Klebsiella pneumoniae,Imipenem,633,30,27,90.0,90.0,0.0,True
BHR,Bahrain,Eastern Mediterranean Region,2018,Blood,Klebsiella pneumoniae,Meropenem,633,125,26,20.8,20.8,0.0,True
BHR,Bahrain,Eastern Mediterranean Region,2018,Blood,Klebsiella pneumoniae,Trimethoprim/sulfamethoxazole,633,119,54,45.3781512605042,45.378151260504204,-7.105427357601002e-15,True
BHR,Bahrain,Eastern Mediterranean Region,2018,Stool,Salmonella,Ceftriaxone,205,177,4,2.25988700564972,2.2598870056497176,2.220446049250313e-15,True
BHR,Bahrain,Eastern Mediterranean Region,2018,Stool,Salmonella,Ciprofloxacin,205,178,6,3.37078651685393,3.3707865168539324,-2.220446049250313e-15,True
BHR,Bahrain,Eastern Mediterranean Region,2018,Urine,Klebsiella pneumoniae,Ceftriaxone,3706,549,197,35.8834244080146,35.88342440801457,2.842170943040401e-14,True
BHR,Bahrain,Eastern Mediterranean Region,2018,Urine,Klebsiella pneumoniae,Colistin,3706,31,10,32.258064516129,32.25806451612903,-3.552713678800501e-14,True
BHR,Bahrain,Eastern Mediterranean Region,2018,Urine,Klebsiella pneumoniae,Ertapenem,3706,31,31,100.0,100.0,0.0,True
BHR,Bahrain,Eastern Mediterranean Region,2018,Urine,Klebsiella pneumoniae,Imipenem,3706,31,29,93.5483870967742,93.54838709677419,1.4210854715202004e-14,True
BHR,Bahrain,Eastern Mediterranean Region,2018,Urine,Klebsiella pneumoniae,Meropenem,3706,197,28,14.2131979695431,14.213197969543149,-4.973799150320701e-14,True
BHR,Bahrain,Eastern Mediterranean Region,2018,Urine,Klebsiella pneumoniae,Trimethoprim/sulfamethoxazole,3706,462,168,36.3636363636364,36.36363636363637,3.552713678800501e-14,True
BHR,Bahrain,Eastern Mediterranean Region,2019,Blood,Acinetobacter,Amikacin,780,90,40,44.4444444444444,44.44444444444444,-4.263256414560601e-14,True
BHR,Bahrain,Eastern Mediterranean Region,2019,Blood,Acinetobacter,Colistin,780,53,1,1.88679245283019,1.8867924528301887,1.3322676295501878e-15,True
BHR,Bahrain,Eastern Mediterranean Region,2019,Blood,Acinetobacter,Gentamicin,780,90,42,46.6666666666667,46.666666666666664,3.552713678800501e-14,True
BHR,Bahrain,Eastern Mediterranean Region,2019,Blood,Acinetobacter,Imipenem,780,90,60,66.6666666666667,66.66666666666666,4.263256414560601e-14,True
BHR,Bahrain,Eastern Mediterranean Region,2019,Blood,Acinetobacter,Meropenem,780,90,60,66.6666666666667,66.66666666666666,4.263256414560601e-14,True
BHR,Bahrain,Eastern Mediterranean Region,2019,Blood,Acinetobacter,Tigecycline,780,54,2,3.7037037037037,3.7037037037037033,-3.1086244689504383e-15,True
BHR,Bahrain,Eastern Mediterranean Region,2019,Blood,Escherichia coli,Cefepime,780,195,105,53.8461538461538,53.84615384615385,-4.973799150320701e-14,True
BHR,Bahrain,Eastern Mediterranean Region,2019,Blood,Escherichia coli,Ceftazidime,780,11,5,45.4545454545455,45.45454545454545,4.973799150320701e-14,True
BHR,Bahrain,Eastern Mediterranean Region,2019,Blood,Escherichia coli,Ceftriaxone,780,197,106,53.8071065989848,53.80710659898477,3.552713678800501e-14,True
BHR,Bahrain,Eastern Mediterranean Region,2019,Blood,Escherichia coli,Ciprofloxacin,780,198,72,36.3636363636364,36.36363636363637,3.552713678800501e-14,True
BHR,Bahrain,Eastern Mediterranean Region,2019,Blood,Escherichia coli,Imipenem,780,12,6,50.0,50.0,0.0,True
BHR,Bahrain,Eastern Mediterranean Region,2019,Blood,Escherichia coli,Meropenem,780,195,4,2.05128205128205,2.051282051282051,-8.881784197001252e-16,True
BHR,Bahrain,Eastern Mediterranean Region,2019,Blood,Escherichia coli,Trimethoprim/sulfamethoxazole,780,197,94,47.7157360406091,47.71573604060914,-3.552713678800501e-14,True
BHR,Bahrain,Eastern Mediterranean Region,2019,Blood,Klebsiella pneumoniae,Cefepime,780,205,110,53.6585365853659,53.65853658536586,4.263256414560601e-14,True
BHR,Bahrain,Eastern Mediterranean Region,2019,Blood,Klebsiella pneumoniae,Ceftazidime,780,12,4,33.3333333333333,33.33333333333333,-2.842170943040401e-14,True
BHR,Bahrain,Eastern Mediterranean Region,2019,Blood,Klebsiella pneumoniae,Ceftriaxone,780,209,113,54.066985645933,54.066985645933016,-1.4210854715202004e-14,True
BHR,Bahrain,Eastern Mediterranean Region,2019,Blood,Klebsiella pneumoniae,Ciprofloxacin,780,209,76,36.3636363636364,36.36363636363637,3.552713678800501e-14,True
BHR,Bahrain,Eastern Mediterranean Region,2019,Blood,Klebsiella pneumoniae,Colistin,780,58,23,39.6551724137931,39.6551724137931,0.0,True
BHR,Bahrain,Eastern Mediterranean Region,2019,Blood,Klebsiella pneumoniae,Ertapenem,780,61,58,95.0819672131148,95.08196721311475,4.263256414560601e-14,True
BHR,Bahrain,Eastern Mediterranean Region,2019,Blood,Klebsiella pneumoniae,Imipenem,780,66,58,87.8787878787879,87.87878787878788,2.842170943040401e-14,True
BHR,Bahrain,Eastern Mediterranean Region,2019,Blood,Klebsiella pneumoniae,Meropenem,780,207,59,28.5024154589372,28.502415458937197,3.552713678800501e-15,True
BHR,Bahrain,Eastern Mediterranean Region,2019,Blood,Klebsiella pneumoniae,Trimethoprim/sulfamethoxazole,780,207,104,50.2415458937198,50.24154589371981,-7.105427357601002e-15,True
BHR,Bahrain,Eastern Mediterranean Region,2019,Blood,Salmonella,Ceftriaxone,780,51,13,25.4901960784314,25.49019607843137,2.842170943040401e-14,True
BHR,Bahrain,Eastern Mediterranean Region,2019,Blood,Salmonella,Ciprofloxacin,780,49,11,22.4489795918367,22.448979591836736,-3.552713678800501e-14,True
BHR,Bahrain,Eastern Mediterranean Region,2019,Blood,Salmonella,Meropenem,780,20,0,0.0,0.0,0.0,True
BHR,Bahrain,Eastern Mediterranean Region,2019,Blood,Staphylococcus aureus,Oxacillin,780,200,80,40.0,40.0,0.0,True
BHR,Bahrain,Eastern Mediterranean Region,2019,Blood,Streptococcus pneumoniae,Benzylpenicillin,780,16,0,0.0,0.0,0.0,True
BHR,Bahrain,Eastern Mediterranean Region,2019,Blood,Streptococcus pneumoniae,Ceftriaxone,780,19,0,0.0,0.0,0.0,True
BHR,Bahrain,Eastern Mediterranean Region,2019,Genital,Neisseria gonorrhoeae,Azithromycin,71,11,0,0.0,0.0,0.0,True
BHR,Bahrain,Eastern Mediterranean Region,2019,Genital,Neisseria gonorrhoeae,Cefixime,71,10,0,0.0,0.0,0.0,True
BHR,Bahrain,Eastern Mediterranean Region,2019,Genital,Neisseria gonorrhoeae,Ceftriaxone,71,71,0,0.0,0.0,0.0,True
BHR,Bahrain,Eastern Mediterranean Region,2019,Genital,Neisseria gonorrhoeae,Ciprofloxacin,71,69,52,75.3623188405797,75.36231884057972,-1.4210854715202004e-14,True
BHR,Bahrain,Eastern Mediterranean Region,2019,Stool,Salmonella,Ceftazidime,316,89,3,3.37078651685393,3.3707865168539324,-2.220446049250313e-15,True
BHR,Bahrain,Eastern Mediterranean Region,2019,Stool,Salmonella,Ceftriaxone,316,271,14,5.16605166051661,5.166051660516605,4.440892098500626e-15,True
BHR,Bahrain,Eastern Mediterranean Region,2019,Stool,Salmonella,Ciprofloxacin,316,196,19,9.69387755102041,9.693877551020408,1.7763568394002505e-15,True
BHR,Bahrain,Eastern Mediterranean Region,2019,Stool,Salmonella,Imipenem,316,89,0,0.0,0.0,0.0,True
BHR,Bahrain,Eastern Mediterranean Region,2019,Stool,Salmonella,Meropenem,316,93,0,0.0,0.0,0.0,True
BHR,Bahrain,Eastern Mediterranean Region,2019,Stool,Shigella,Ceftriaxone,316,39,5,12.8205128205128,12.82051282051282,-1.9539925233402755e-14,True
BHR,Bahrain,Eastern Mediterranean Region,2019,Stool,Shigella,Ciprofloxacin,316,39,2,5.12820512820513,5.128205128205128,2.6645352591003757e-15,True
BHR,Bahrain,Eastern Mediterranean Region,2019,Urine,Escherichia coli,Ampicillin,4535,656,379,57.7743902439024,57.77439024390244,-3.552713678800501e-14,True
BHR,Bahrain,Eastern Mediterranean Region,2019,Urine,Escherichia coli,Cefepime,4535,778,203,26.0925449871465,26.092544987146532,-3.197442310920451e-14,True
BHR,Bahrain,Eastern Mediterranean Region,2019,Urine,Escherichia coli,Cefotaxime,4535,30,8,26.6666666666667,26.666666666666668,3.197442310920451e-14,True
BHR,Bahrain,Eastern Mediterranean Region,2019,Urine,Escherichia coli,Ceftazidime,4535,863,213,24.6813441483198,24.681344148319813,-1.4210854715202004e-14,True
BHR,Bahrain,Eastern Mediterranean Region,2019,Urine,Escherichia coli,Ceftriaxone,4535,3321,1057,31.8277627220717,31.827762722071668,3.197442310920451e-14,True
BHR,Bahrain,Eastern Mediterranean Region,2019,Urine,Escherichia coli,Ciprofloxacin,4535,1250,273,21.84,21.84,0.0,True
BHR,Bahrain,Eastern Mediterranean Region,2019,Urine,Escherichia coli,Colistin,4535,13,0,0.0,0.0,0.0,True
BHR,Bahrain,Eastern Mediterranean Region,2019,Urine,Escherichia coli,Ertapenem,4535,221,11,4.97737556561086,4.97737556561086,0.0,True
BHR,Bahrain,Eastern Mediterranean Region,2019,Urine,Escherichia coli,Imipenem,4535,878,25,2.84738041002278,2.847380410022779,8.881784197001252e-16,True
BHR,Bahrain,Eastern Mediterranean Region,2019,Urine,Escherichia coli,Levofloxacin,4535,862,184,21.3457076566125,21.34570765661253,-2.842170943040401e-14,True
BHR,Bahrain,Eastern Mediterranean Region,2019,Urine,Escherichia coli,Meropenem,4535,1587,31,1.9533711405167,1.9533711405166982,1.7763568394002505e-15,True
BHR,Bahrain,Eastern Mediterranean Region,2019,Urine,Escherichia coli,Trimethoprim/sulfamethoxazole,4535,3301,1177,35.6558618600424,35.65586186004241,-7.105427357601002e-15,True
BHR,Bahrain,Eastern Mediterranean Region,2019,Urine,Klebsiella pneumoniae,Cefepime,4535,142,35,24.6478873239437,24.647887323943664,3.552713678800501e-14,True
BHR,Bahrain,Eastern Mediterranean Region,2019,Urine,Klebsiella pneumoniae,Cefotaxime,4535,11,0,0.0,0.0,0.0,True
BHR,Bahrain,Eastern Mediterranean Region,2019,Urine,Klebsiella pneumoniae,Ceftazidime,4535,168,51,30.3571428571429,30.357142857142854,4.618527782440651e-14,True
BHR,Bahrain,Eastern Mediterranean Region,2019,Urine,Klebsiella pneumoniae,Ceftriaxone,4535,992,357,35.9879032258064,35.98790322580645,-4.973799150320701e-14,True
BHR,Bahrain,Eastern Mediterranean Region,2019,Urine,Klebsiella pneumoniae,Ciprofloxacin,4535,331,67,20.2416918429003,20.241691842900302,-3.552713678800501e-15,True
BHR,Bahrain,Eastern Mediterranean Region,2019,Urine,Klebsiella pneumoniae,Colistin,4535,58,12,20.6896551724138,20.689655172413794,7.105427357601002e-15,True
BHR,Bahrain,Eastern Mediterranean Region,2019,Urine,Klebsiella pneumoniae,Ertapenem,4535,125,62,49.6,49.6,0.0,True
BHR,Bahrain,Eastern Mediterranean Region,2019,Urine,Klebsiella pneumoniae,Imipenem,4535,229,67,29.2576419213974,29.257641921397383,1.7763568394002505e-14,True
BHR,Bahrain,Eastern Mediterranean Region,2019,Urine,Klebsiella pneumoniae,Levofloxacin,4535,170,17,10.0,10.0,0.0,True
BHR,Bahrain,Eastern Mediterranean Region,2019,Urine,Klebsiella pneumoniae,Meropenem,4535,455,68,14.9450549450549,14.945054945054945,-4.440892098500626e-14,True
BHR,Bahrain,Eastern Mediterranean Region,2019,Urine,Klebsiella pneumoniae,Trimethoprim/sulfamethoxazole,4535,985,350,35.5329949238579,35.53299492385787,2.842170943040401e-14,True
BHR,Bahrain,Eastern Mediterranean Region,2020,Blood,Klebsiella pneumoniae,Cefepime,568,168,111,66.0714285714286,66.07142857142857,2.842170943040401e-14,True
BHR,Bahrain,Eastern Mediterranean Region,2020,Blood,Klebsiella pneumoniae,Ceftriaxone,568,168,112,66.6666666666667,66.66666666666666,4.263256414560601e-14,True
BHR,Bahrain,Eastern Mediterranean Region,2020,Blood,Klebsiella pneumoniae,Ciprofloxacin,568,168,96,57.1428571428571,57.14285714285714,-3.552713678800501e-14,True
BHR,Bahrain,Eastern Mediterranean Region,2020,Blood,Klebsiella pneumoniae,Colistin,568,79,26,32.9113924050633,32.91139240506329,1.4210854715202004e-14,True
BHR,Bahrain,Eastern Mediterranean Region,2020,Blood,Klebsiella pneumoniae,Ertapenem,568,103,80,77.6699029126214,77.66990291262135,4.263256414560601e-14,True
BHR,Bahrain,Eastern Mediterranean Region,2020,Blood,Klebsiella pneumoniae,Imipenem,568,103,74,71.8446601941748,71.84466019417476,4.263256414560601e-14,True
BHR,Bahrain,Eastern Mediterranean Region,2020,Blood,Klebsiella pneumoniae,Meropenem,568,168,72,42.8571428571429,42.857142857142854,4.263256414560601e-14,True
BHR,Bahrain,Eastern Mediterranean Region,2020,Blood,Klebsiella pneumoniae,Trimethoprim/sulfamethoxazole,568,168,93,55.3571428571429,55.35714285714286,3.552713678800501e-14,True
BHR,Bahrain,Eastern Mediterranean Region,2020,Stool,Salmonella,Ceftriaxone,172,156,4,2.56410256410256,2.564102564102564,-3.9968028886505635e-15,True
BHR,Bahrain,Eastern Mediterranean Region,2020,Stool,Salmonella,Ciprofloxacin,172,156,4,2.56410256410256,2.564102564102564,-3.9968028886505635e-15,True
BHR,Bahrain,Eastern Mediterranean Region,2020,Urine,Klebsiella pneumoniae,Ceftriaxone,3517,913,304,33.2968236582694,33.29682365826944,-3.552713678800501e-14,True
BHR,Bahrain,Eastern Mediterranean Region,2020,Urine,Klebsiella pneumoniae,Colistin,3517,70,16,22.8571428571429,22.857142857142858,4.263256414560601e-14,True
BHR,Bahrain,Eastern Mediterranean Region,2020,Urine,Klebsiella pneumoniae,Ertapenem,3517,185,74,40.0,40.0,0.0,True
BHR,Bahrain,Eastern Mediterranean Region,2020,Urine,Klebsiella pneumoniae,Imipenem,3517,195,69,35.3846153846154,35.38461538461539,1.4210854715202004e-14,True
BHR,Bahrain,Eastern Mediterranean Region,2020,Urine,Klebsiella pneumoniae,Meropenem,3517,397,71,17.8841309823678,17.884130982367758,4.263256414560601e-14,True
BHR,Bahrain,Eastern Mediterranean Region,2020,Urine,Klebsiella pneumoniae,Trimethoprim/sulfamethoxazole,3517,914,288,31.5098468271335,31.50984682713348,2.1316282072803006e-14,True
BIH,Bosnia And Herzegovina,European Region,2017,Blood,Acinetobacter,Amikacin,634,110,97,88.1818181818182,88.18181818181819,1.4210854715202004e-14,True
BIH,Bosnia And Herzegovina,European Region,2017,Blood,Acinetobacter,Gentamicin,634,112,108,96.4285714285714,96.42857142857143,-2.842170943040401e-14,True
BIH,Bosnia And Herzegovina,European Region,2017,Blood,Acinetobacter,Imipenem,634,112,108,96.4285714285714,96.42857142857143,-2.842170943040401e-14,True
BIH,Bosnia And Herzegovina,European Region,2017,Blood,Acinetobacter,Meropenem,634,112,108,96.4285714285714,96.42857142857143,-2.842170943040401e-14,True
BIH,Bosnia And Herzegovina,European Region,2017,Blood,Escherichia coli,Ampicillin,634,157,115,73.2484076433121,73.24840764331209,1.4210854715202004e-14,True
BIH,Bosnia And Herzegovina,European Region,2017,Blood,Escherichia coli,Cefotaxime,634,170,43,25.2941176470588,25.294117647058822,-2.1316282072803006e-14,True
BIH,Bosnia And Herzegovina,European Region,2017,Blood,Escherichia coli,Ceftazidime,634,192,37,19.2708333333333,19.270833333333336,-3.552713678800501e-14,True
BIH,Bosnia And Herzegovina,European Region,2017,Blood,Escherichia coli,Ceftriaxone,634,180,40,22.2222222222222,22.22222222222222,-2.1316282072803006e-14,True
BIH,Bosnia And Herzegovina,European Region,2017,Blood,Escherichia coli,Ciprofloxacin,634,185,48,25.9459459459459,25.945945945945947,-4.618527782440651e-14,True
BIH,Bosnia And Herzegovina,European Region,2017,Blood,Escherichia coli,Ertapenem,634,77,0,0.0,0.0,0.0,True
BIH,Bosnia And Herzegovina,European Region,2017,Blood,Escherichia coli,Imipenem,634,183,2,1.09289617486339,1.092896174863388,1.9984014443252818e-15,True
BIH,Bosnia And Herzegovina,European Region,2017,Blood,Escherichia coli,Levofloxacin,634,146,29,19.8630136986301,19.863013698630137,-3.907985046680551e-14,True
BIH,Bosnia And Herzegovina,European Region,2017,Blood,Escherichia coli,Meropenem,634,178,2,1.12359550561798,1.1235955056179776,2.4424906541753444e-15,True
BIH,Bosnia And Herzegovina,European Region,2017,Blood,Escherichia coli,Tinidazole,634,170,43,25.2941176470588,25.294117647058822,-2.1316282072803006e-14,True
BIH,Bosnia And Herzegovina,European Region,2017,Blood,Klebsiella pneumoniae,Cefotaxime,634,126,80,63.4920634920635,63.49206349206349,1.4210854715202004e-14,True
BIH,Bosnia And Herzegovina,European Region,2017,Blood,Klebsiella pneumoniae,Ceftazidime,634,147,85,57.8231292517007,57.82312925170068,2.1316282072803006e-14,True
BIH,Bosnia And Herzegovina,European Region,2017,Blood,Klebsiella pneumoniae,Ceftriaxone,634,145,84,57.9310344827586,57.931034482758626,-2.842170943040401e-14,True
BIH,Bosnia And Herzegovina,European Region,2017,Blood,Klebsiella pneumoniae,Ciprofloxacin,634,144,78,54.1666666666667,54.166666666666664,3.552713678800501e-14,True
BIH,Bosnia And Herzegovina,European Region,2017,Blood,Klebsiella pneumoniae,Ertapenem,634,74,5,6.75675675675676,6.756756756756757,2.6645352591003757e-15,True
BIH,Bosnia And Herzegovina,European Region,2017,Blood,Klebsiella pneumoniae,Imipenem,634,144,13,9.02777777777778,9.027777777777777,3.552713678800501e-15,True
BIH,Bosnia And Herzegovina,European Region,2017,Blood,Klebsiella pneumoniae,Levofloxacin,634,111,66,59.4594594594595,59.45945945945946,4.263256414560601e-14,True
BIH,Bosnia And Herzegovina,European Region,2017,Blood,Klebsiella pneumoniae,Meropenem,634,140,13,9.28571428571429,9.285714285714286,3.552713678800501e-15,True
BIH,Bosnia And Herzegovina,European Region,2017,Blood,Staphylococcus aureus,Meticillin,634,155,40,25.8064516129032,25.806451612903224,-2.4868995751603507e-14,True
BIH,Bosnia And Herzegovina,European Region,2017,Blood,Streptococcus pneumoniae,Benzylpenicillin,634,19,5,26.3157894736842,26.31578947368421,-7.105427357601002e-15,True
BIH,Bosnia And Herzegovina,European Region,2017,Blood,Streptococcus pneumoniae,Cefotaxime,634,14,1,7.14285714285714,7.142857142857142,-2.6645352591003757e-15,True
BIH,Bosnia And Herzegovina,European Region,2017,Blood,Streptococcus pneumoniae,Ceftriaxone,634,15,1,6.66666666666667,6.666666666666667,2.6645352591003757e-15,True
BIH,Bosnia And Herzegovina,European Region,2018,Blood,Acinetobacter,Amikacin,841,131,121,92.3664122137405,92.36641221374046,4.263256414560601e-14,True
BIH,Bosnia And Herzegovina,European Region,2018,Blood,Acinetobacter,Gentamicin,841,132,130,98.4848484848485,98.48484848484848,1.4210854715202004e-14,True
BIH,Bosnia And Herzegovina,European Region,2018,Blood,Acinetobacter,Imipenem,841,131,117,89.3129770992366,89.31297709923665,-4.263256414560601e-14,True
BIH,Bosnia And Herzegovina,European Region,2018,Blood,Acinetobacter,Meropenem,841,132,120,90.9090909090909,90.9090909090909,0.0,True
BIH,Bosnia And Herzegovina,European Region,2018,Blood,Escherichia coli,Ampicillin,841,248,172,69.3548387096774,69.35483870967742,-2.842170943040401e-14,True
BIH,Bosnia And Herzegovina,European Region,2018,Blood,Escherichia coli,Cefotaxime,841,248,48,19.3548387096774,19.35483870967742,-2.1316282072803006e-14,True
BIH,Bosnia And Herzegovina,European Region,2018,Blood,Escherichia coli,Ceftazidime,841,248,43,17.3387096774194,17.338709677419356,4.263256414560601e-14,True
BIH,Bosnia And Herzegovina,European Region,2018,Blood,Escherichia coli,Ceftriaxone,841,248,48,19.3548387096774,19.35483870967742,-2.1316282072803006e-14,True
BIH,Bosnia And Herzegovina,European Region,2018,Blood,Escherichia coli,Ciprofloxacin,841,243,60,24.6913580246914,24.691358024691358,4.263256414560601e-14,True
BIH,Bosnia And Herzegovina,European Region,2018,Blood,Escherichia coli,Ertapenem,841,172,0,0.0,0.0,0.0,True
BIH,Bosnia And Herzegovina,European Region,2018,Blood,Escherichia coli,Imipenem,841,245,0,0.0,0.0,0.0,True
BIH,Bosnia And Herzegovina,European Region,2018,Blood,Escherichia coli,Levofloxacin,841,234,52,22.2222222222222,22.22222222222222,-2.1316282072803006e-14,True
BIH,Bosnia And Herzegovina,European Region,2018,Blood,Escherichia coli,Meropenem,841,247,0,0.0,0.0,0.0,True
BIH,Bosnia And Herzegovina,European Region,2018,Blood,Escherichia coli,Tinidazole,841,248,48,19.3548387096774,19.35483870967742,-2.1316282072803006e-14,True
BIH,Bosnia And Herzegovina,European Region,2018,Blood,Klebsiella pneumoniae,Cefotaxime,841,200,139,69.5,69.5,0.0,True
BIH,Bosnia And Herzegovina,European Region,2018,Blood,Klebsiella pneumoniae,Ceftazidime,841,200,136,68.0,68.0,0.0,True
BIH,Bosnia And Herzegovina,European Region,2018,Blood,Klebsiella pneumoniae,Ceftriaxone,841,200,139,69.5,69.5,0.0,True
BIH,Bosnia And Herzegovina,European Region,2018,Blood,Klebsiella pneumoniae,Ciprofloxacin,841,200,117,58.5,58.5,0.0,True
BIH,Bosnia And Herzegovina,European Region,2018,Blood,Klebsiella pneumoniae,Ertapenem,841,130,21,16.1538461538462,16.153846153846153,4.618527782440651e-14,True
BIH,Bosnia And Herzegovina,European Region,2018,Blood,Klebsiella pneumoniae,Imipenem,841,200,27,13.5,13.5,0.0,True
BIH,Bosnia And Herzegovina,European Region,2018,Blood,Klebsiella pneumoniae,Levofloxacin,841,196,111,56.6326530612245,56.63265306122449,1.4210854715202004e-14,True
BIH,Bosnia And Herzegovina,European Region,2018,Blood,Klebsiella pneumoniae,Meropenem,841,200,34,17.0,17.0,0.0,True
BIH,Bosnia And Herzegovina,European Region,2018,Blood,Staphylococcus aureus,Meticillin,841,227,37,16.2995594713656,16.299559471365637,-3.552713678800501e-14,True
BIH,Bosnia And Herzegovina,European Region,2018,Blood,Streptococcus pneumoniae,Benzylpenicillin,841,30,14,46.6666666666667,46.666666666666664,3.552713678800501e-14,True
BIH,Bosnia And Herzegovina,European Region,2018,Blood,Streptococcus pneumoniae,Cefotaxime,841,30,0,0.0,0.0,0.0,True
BIH,Bosnia And Herzegovina,European Region,2018,Blood,Streptococcus pneumoniae,Ceftriaxone,841,30,0,0.0,0.0,0.0,True
BIH,Bosnia And Herzegovina,European Region,2019,Blood,Acinetobacter,Amikacin,1020,221,199,90.0452488687783,90.04524886877829,1.4210854715202004e-14,True
BIH,Bosnia And Herzegovina,European Region,2019,Blood,Acinetobacter,Colistin,1012,60,0,0.0,0.0,0.0,True
BIH,Bosnia And Herzegovina,European Region,2019,Blood,Acinetobacter,Gentamicin,1020,229,221,96.5065502183406,96.50655021834062,-1.4210854715202004e-14,True
BIH,Bosnia And Herzegovina,European Region,2019,Blood,Acinetobacter,Imipenem,1020,229,220,96.0698689956332,96.06986899563319,1.4210854715202004e-14,True
BIH,Bosnia And Herzegovina,European Region,2019,Blood,Acinetobacter,Meropenem,1020,229,221,96.5065502183406,96.50655021834062,-1.4210854715202004e-14,True
BIH,Bosnia And Herzegovina,European Region,2019,Blood,Escherichia coli,Ampicillin,1020,290,207,71.3793103448276,71.37931034482759,1.4210854715202004e-14,True
BIH,Bosnia And Herzegovina,European Region,2019,Blood,Escherichia coli,Cefotaxime,1020,290,59,20.3448275862069,20.344827586206897,3.552713678800501e-15,True
BIH,Bosnia And Herzegovina,European Region,2019,Blood,Escherichia coli,Ceftazidime,1020,289,50,17.3010380622837,17.301038062283737,-3.907985046680551e-14,True
BIH,Bosnia And Herzegovina,European Region,2019,Blood,Escherichia coli,Ceftriaxone,1020,288,57,19.7916666666667,19.791666666666664,3.552713678800501e-14,True
BIH,Bosnia And Herzegovina,European Region,2019,Blood,Escherichia coli,Ciprofloxacin,1020,289,86,29.757785467128,29.757785467128027,-2.842170943040401e-14,True
BIH,Bosnia And Herzegovina,European Region,2019,Blood,Escherichia coli,Ertapenem,1020,137,0,0.0,0.0,0.0,True
BIH,Bosnia And Herzegovina,European Region,2019,Blood,Escherichia coli,Imipenem,1020,290,0,0.0,0.0,0.0,True
BIH,Bosnia And Herzegovina,European Region,2019,Blood,Escherichia coli,Levofloxacin,1020,261,73,27.9693486590038,27.969348659003828,-2.842170943040401e-14,True
BIH,Bosnia And Herzegovina,European Region,2019,Blood,Escherichia coli,Meropenem,1020,290,0,0.0,0.0,0.0,True
BIH,Bosnia And Herzegovina,European Region,2019,Blood,Escherichia coli,Tinidazole,1020,290,59,20.3448275862069,20.344827586206897,3.552713678800501e-15,True
BIH,Bosnia And Herzegovina,European Region,2019,Blood,Klebsiella pneumoniae,Cefotaxime,1020,211,166,78.6729857819905,78.67298578199052,-1.4210854715202004e-14,True
BIH,Bosnia And Herzegovina,European Region,2019,Blood,Klebsiella pneumoniae,Ceftazidime,1020,211,163,77.2511848341232,77.25118483412322,-2.842170943040401e-14,True
BIH,Bosnia And Herzegovina,European Region,2019,Blood,Klebsiella pneumoniae,Ceftriaxone,1020,211,164,77.7251184834123,77.72511848341233,-2.842170943040401e-14,True
BIH,Bosnia And Herzegovina,European Region,2019,Blood,Klebsiella pneumoniae,Ciprofloxacin,1020,210,141,67.1428571428571,67.14285714285714,-4.263256414560601e-14,True
BIH,Bosnia And Herzegovina,European Region,2019,Blood,Klebsiella pneumoniae,Ertapenem,1020,62,14,22.5806451612903,22.58064516129032,-2.1316282072803006e-14,True
BIH,Bosnia And Herzegovina,European Region,2019,Blood,Klebsiella pneumoniae,Imipenem,1020,210,78,37.1428571428571,37.142857142857146,-4.263256414560601e-14,True
BIH,Bosnia And Herzegovina,European Region,2019,Blood,Klebsiella pneumoniae,Levofloxacin,1020,199,130,65.3266331658292,65.32663316582915,4.263256414560601e-14,True
BIH,Bosnia And Herzegovina,European Region,2019,Blood,Klebsiella pneumoniae,Meropenem,1020,211,88,41.7061611374408,41.70616113744076,4.263256414560601e-14,True
BIH,Bosnia And Herzegovina,European Region,2019,Blood,Staphylococcus aureus,Cefoxitin,1012,237,25,10.5485232067511,10.548523206751055,4.440892098500626e-14,True
BIH,Bosnia And Herzegovina,European Region,2019,Blood,Staphylococcus aureus,Meticillin,1020,237,25,10.5485232067511,10.548523206751055,4.440892098500626e-14,True
BIH,Bosnia And Herzegovina,European Region,2019,Blood,Staphylococcus aureus,Oxacillin,1012,166,15,9.03614457831325,9.036144578313253,-3.552713678800501e-15,True
BIH,Bosnia And Herzegovina,European Region,2019,Blood,Streptococcus pneumoniae,Benzylpenicillin,1020,42,13,30.952380952381,30.952380952380953,4.618527782440651e-14,True
BIH,Bosnia And Herzegovina,European Region,2019,Blood,Streptococcus pneumoniae,Cefotaxime,1020,41,5,12.1951219512195,12.195121951219512,-1.2434497875801753e-14,True
BIH,Bosnia And Herzegovina,European Region,2019,Blood,Streptococcus pneumoniae,Ceftriaxone,1020,41,3,7.31707317073171,7.317073170731707,3.552713678800501e-15,True
BIH,Bosnia And Herzegovina,European Region,2019,Blood,Streptococcus pneumoniae,Oxacillin,1012,44,15,34.0909090909091,34.090909090909086,1.4210854715202004e-14,True
BIH,Bosnia And Herzegovina,European Region,2020,Blood,Acinetobacter,Amikacin,954,348,330,94.8275862068966,94.82758620689656,4.263256414560601e-14,True
BIH,Bosnia And Herzegovina,European Region,2020,Blood,Acinetobacter,Gentamicin,954,348,330,94.8275862068966,94.82758620689656,4.263256414560601e-14,True
BIH,Bosnia And Herzegovina,European Region,2020,Blood,Acinetobacter,Imipenem,954,348,340,97.7011494252874,97.70114942528735,4.263256414560601e-14,True
BIH,Bosnia And Herzegovina,European Region,2020,Blood,Acinetobacter,Meropenem,954,346,338,97.6878612716763,97.6878612716763,0.0,True
BIH,Bosnia And Herzegovina,European Region,2020,Blood,Escherichia coli,Ampicillin,954,179,119,66.4804469273743,66.4804469273743,0.0,True
BIH,Bosnia And Herzegovina,European Region,2020,Blood,Escherichia coli,Cefotaxime,954,179,42,23.463687150838,23.463687150837988,1.0658141036401503e-14,True
BIH,Bosnia And Herzegovina,European Region,2020,Blood,Escherichia coli,Ceftazidime,954,179,38,21.2290502793296,21.22905027932961,-1.0658141036401503e-14,True
BIH,Bosnia And Herzegovina,European Region,2020,Blood,Escherichia coli,Ceftriaxone,954,179,40,22.3463687150838,22.3463687150838,0.0,True
BIH,Bosnia And Herzegovina,European Region,2020,Blood,Escherichia coli,Ciprofloxacin,954,179,35,19.5530726256983,19.553072625698324,-2.4868995751603507e-14,True
BIH,Bosnia And Herzegovina,European Region,2020,Blood,Escherichia coli,Ertapenem,954,131,0,0.0,0.0,0.0,True
BIH,Bosnia And Herzegovina,European Region,2020,Blood,Escherichia coli,Imipenem,954,179,0,0.0,0.0,0.0,True
BIH,Bosnia And Herzegovina,European Region,2020,Blood,Escherichia coli,Levofloxacin,954,172,34,19.7674418604651,19.767441860465116,-1.4210854715202004e-14,True
BIH,Bosnia And Herzegovina,European Region,2020,Blood,Escherichia coli,Meropenem,954,179,0,0.0,0.0,0.0,True
BIH,Bosnia And Herzegovina,European Region,2020,Blood,Escherichia coli,Tinidazole,954,179,42,23.463687150838,23.463687150837988,1.0658141036401503e-14,True
BIH,Bosnia And Herzegovina,European Region,2020,Blood,Klebsiella pneumoniae,Cefotaxime,954,207,157,75.8454106280193,75.84541062801932,-2.842170943040401e-14,True
BIH,Bosnia And Herzegovina,European Region,2020,Blood,Klebsiella pneumoniae,Ceftazidime,954,207,143,69.0821256038647,69.08212560386472,-2.842170943040401e-14,True
BIH,Bosnia And Herzegovina,European Region,2020,Blood,Klebsiella pneumoniae,Ceftriaxone,954,207,153,73.9130434782609,73.91304347826086,4.263256414560601e-14,True
BIH,Bosnia And Herzegovina,European Region,2020,Blood,Klebsiella pneumoniae,Ciprofloxacin,954,207,126,60.8695652173913,60.86956521739131,-1.4210854715202004e-14,True
BIH,Bosnia And Herzegovina,European Region,2020,Blood,Klebsiella pneumoniae,Ertapenem,954,134,67,50.0,50.0,0.0,True
BIH,Bosnia And Herzegovina,European Region,2020,Blood,Klebsiella pneumoniae,Imipenem,954,207,76,36.7149758454106,36.71497584541063,-2.842170943040401e-14,True
BIH,Bosnia And Herzegovina,European Region,2020,Blood,Klebsiella pneumoniae,Levofloxacin,954,202,121,59.9009900990099,59.900990099009896,7.105427357601002e-15,True
BIH,Bosnia And Herzegovina,European Region,2020,Blood,Klebsiella pneumoniae,Meropenem,954,206,90,43.6893203883495,43.689320388349515,-1.4210854715202004e-14,True
BIH,Bosnia And Herzegovina,European Region,2020,Blood,Staphylococcus aureus,Meticillin,954,112,26,23.2142857142857,23.214285714285715,-1.4210854715202004e-14,True
BIH,Bosnia And Herzegovina,European Region,2020,Blood,Streptococcus pneumoniae,Benzylpenicillin,954,20,6,30.0,30.0,0.0,True
BIH,Bosnia And Herzegovina,European Region,2020,Blood,Streptococcus pneumoniae,Cefotaxime,954,20,1,5.0,5.0,0.0,True
BIH,Bosnia And Herzegovina,European Region,2020,Blood,Streptococcus pneumoniae,Ceftriaxone,954,20,1,5.0,5.0,0.0,True
BRA,Brazil,Region of the Americas,2019,Blood,Acinetobacter,Amikacin,594,54,33,61.1111111111111,61.111111111111114,-1.4210854715202004e-14,True
BRA,Brazil,Region of the Americas,2019,Blood,Acinetobacter,Gentamicin,594,54,30,55.5555555555556,55.55555555555556,4.263256414560601e-14,True
BRA,Brazil,Region of the Americas,2019,Blood,Acinetobacter,Imipenem,594,47,34,72.3404255319149,72.3404255319149,0.0,True
BRA,Brazil,Region of the Americas,2019,Blood,Acinetobacter,Meropenem,594,54,36,66.6666666666667,66.66666666666666,4.263256414560601e-14,True
BRA,Brazil,Region of the Americas,2019,Blood,Acinetobacter,Tigecycline,594,35,0,0.0,0.0,0.0,True
BRA,Brazil,Region of the Americas,2019,Blood,Escherichia coli,Ampicillin,594,85,53,62.3529411764706,62.35294117647059,1.4210854715202004e-14,True
BRA,Brazil,Region of the Americas,2019,Blood,Escherichia coli,Ceftazidime,594,76,9,11.8421052631579,11.842105263157894,5.329070518200751e-15,True
BRA,Brazil,Region of the Americas,2019,Blood,Escherichia coli,Ceftriaxone,594,155,43,27.741935483871,27.741935483870968,3.197442310920451e-14,True
BRA,Brazil,Region of the Americas,2019,Blood,Escherichia coli,Ciprofloxacin,594,160,77,48.125,48.125,0.0,True
BRA,Brazil,Region of the Americas,2019,Blood,Escherichia coli,Ertapenem,594,81,1,1.23456790123457,1.2345679012345678,2.220446049250313e-15,True
BRA,Brazil,Region of the Americas,2019,Blood,Escherichia coli,Imipenem,594,81,0,0.0,0.0,0.0,True
BRA,Brazil,Region of the Americas,2019,Blood,Escherichia coli,Levofloxacin,594,10,7,70.0,70.0,0.0,True
BRA,Brazil,Region of the Americas,2019,Blood,Escherichia coli,Meropenem,594,160,1,0.625,0.625,0.0,True
BRA,Brazil,Region of the Americas,2019,Blood,Escherichia coli,Trimethoprim/sulfamethoxazole,594,45,18,40.0,40.0,0.0,True
BRA,Brazil,Region of the Americas,2019,Blood,Klebsiella pneumoniae,Ceftazidime,594,88,52,59.0909090909091,59.09090909090909,7.105427357601002e-15,True
BRA,Brazil,Region of the Americas,2019,Blood,Klebsiella pneumoniae,Ceftriaxone,594,150,81,54.0,54.0,0.0,True
BRA,Brazil,Region of the Americas,2019,Blood,Klebsiella pneumoniae,Ciprofloxacin,594,166,76,45.7831325301205,45.78313253012048,1.4210854715202004e-14,True
BRA,Brazil,Region of the Americas,2019,Blood,Klebsiella pneumoniae,Ertapenem,594,98,31,31.6326530612245,31.63265306122449,7.105427357601002e-15,True
BRA,Brazil,Region of the Americas,2019,Blood,Klebsiella pneumoniae,Imipenem,594,95,25,26.3157894736842,26.31578947368421,-7.105427357601002e-15,True
BRA,Brazil,Region of the Americas,2019,Blood,Klebsiella pneumoniae,Levofloxacin,594,15,9,60.0,60.0,0.0,True
BRA,Brazil,Region of the Americas,2019,Blood,Klebsiella pneumoniae,Meropenem,594,157,32,20.3821656050955,20.382165605095544,-4.263256414560601e-14,True
BRA,Brazil,Region of the Americas,2019,Blood,Klebsiella pneumoniae,Trimethoprim/sulfamethoxazole,594,71,41,57.7464788732394,57.74647887323944,-4.263256414560601e-14,True
BRA,Brazil,Region of the Americas,2019,Blood,Staphylococcus aureus,Oxacillin,594,214,44,20.5607476635514,20.5607476635514,0.0,True
BRA,Brazil,Region of the Americas,2019,Genital,Neisseria gonorrhoeae,Cefixime,199,199,0,0.0,0.0,0.0,True
BRA,Brazil,Region of the Americas,2019,Genital,Neisseria gonorrhoeae,Ceftriaxone,199,199,0,0.0,0.0,0.0,True
BRA,Brazil,Region of the Americas,2019,Genital,Neisseria gonorrhoeae,Ciprofloxacin,199,199,131,65.8291457286432,65.82914572864321,-1.4210854715202004e-14,True
BRA,Brazil,Region of the Americas,2019,Genital,Neisseria gonorrhoeae,Gentamicin,199,198,0,0.0,0.0,0.0,True
BRA,Brazil,Region of the Americas,2019,Genital,Neisseria gonorrhoeae,Spectinomycin,199,199,0,0.0,0.0,0.0,True
BRA,Brazil,Region of the Americas,2019,Urine,Escherichia coli,Ampicillin,4289,1318,697,52.8831562974203,52.88315629742033,-2.842170943040401e-14,True
BRA,Brazil,Region of the Americas,2019,Urine,Escherichia coli,Cefotaxime,4289,78,2,2.56410256410256,2.564102564102564,-3.9968028886505635e-15,True
BRA,Brazil,Region of the Americas,2019,Urine,Escherichia coli,Ceftazidime,4289,198,25,12.6262626262626,12.626262626262626,-2.6645352591003757e-14,True
BRA,Brazil,Region of the Americas,2019,Urine,Escherichia coli,Ceftriaxone,4289,3356,326,9.71394517282479,9.713945172824792,-1.7763568394002505e-15,True
BRA,Brazil,Region of the Americas,2019,Urine,Escherichia coli,Ciprofloxacin,4289,3429,877,25.5759696704579,25.57596967045786,4.263256414560601e-14,True
BRA,Brazil,Region of the Americas,2019,Urine,Escherichia coli,Imipenem,4289,551,1,0.181488203266788,0.18148820326678766,3.3306690738754696e-16,True
BRA,Brazil,Region of the Americas,2019,Urine,Escherichia coli,Levofloxacin,4289,201,89,44.2786069651741,44.27860696517413,-2.842170943040401e-14,True
BRA,Brazil,Region of the Americas,2019,Urine,Escherichia coli,Meropenem,4289,1662,3,0.180505415162455,0.18050541516245489,1.1102230246251565e-16,True
BRA,Brazil,Region of the Americas,2019,Urine,Escherichia coli,Trimethoprim/sulfamethoxazole,4289,3428,1155,33.6931155192532,33.69311551925321,-1.4210854715202004e-14,True
BRA,Brazil,Region of the Americas,2019,Urine,Klebsiella pneumoniae,Cefotaxime,4289,26,6,23.0769230769231,23.076923076923077,2.4868995751603507e-14,True
BRA,Brazil,Region of the Americas,2019,Urine,Klebsiella pneumoniae,Ceftazidime,4289,174,121,69.5402298850575,69.54022988505747,2.842170943040401e-14,True
BRA,Brazil,Region of the Americas,2019,Urine,Klebsiella pneumoniae,Ceftriaxone,4289,800,364,45.5,45.5,0.0,True
BRA,Brazil,Region of the Americas,2019,Urine,Klebsiella pneumoniae,Ciprofloxacin,4289,860,401,46.6279069767442,46.627906976744185,1.4210854715202004e-14,True
BRA,Brazil,Region of the Americas,2019,Urine,Klebsiella pneumoniae,Imipenem,4289,357,126,35.2941176470588,35.294117647058826,-2.842170943040401e-14,True
BRA,Brazil,Region of the Americas,2019,Urine,Klebsiella pneumoniae,Levofloxacin,4289,58,29,50.0,50.0,0.0,True
BRA,Brazil,Region of the Americas,2019,Urine,Klebsiella pneumoniae,Meropenem,4289,614,152,24.7557003257329,24.7557003257329,0.0,True
BRA,Brazil,Region of the Americas,2019,Urine,Klebsiella pneumoniae,Trimethoprim/sulfamethoxazole,4289,823,374,45.4434993924666,45.443499392466585,1.4210854715202004e-14,True
BRN,Brunei,Western Pacific Region,2019,Blood,Acinetobacter,Amikacin,677,99,8,8.08080808080808,8.080808080808081,-1.7763568394002505e-15,True
BRN,Brunei,Western Pacific Region,2019,Blood,Acinetobacter,Gentamicin,677,99,35,35.3535353535354,35.35353535353536,4.263256414560601e-14,True
BRN,Brunei,Western Pacific Region,2019,Blood,Acinetobacter,Meropenem,677,99,72,72.7272727272727,72.72727272727273,-2.842170943040401e-14,True
BRN,Brunei,Western Pacific Region,2019,Blood,Escherichia coli,Ampicillin,677,174,105,60.3448275862069,60.3448275862069,0.0,True
BRN,Brunei,Western Pacific Region,2019,Blood,Escherichia coli,Cefepime,677,170,25,14.7058823529412,14.705882352941178,2.3092638912203256e-14,True
BRN,Brunei,Western Pacific Region,2019,Blood,Escherichia coli,Ceftazidime,677,174,30,17.2413793103448,17.24137931034483,-2.842170943040401e-14,True
BRN,Brunei,Western Pacific Region,2019,Blood,Escherichia coli,Ceftriaxone,677,174,28,16.0919540229885,16.091954022988507,-7.105427357601002e-15,True
BRN,Brunei,Western Pacific Region,2019,Blood,Escherichia coli,Ciprofloxacin,677,174,36,20.6896551724138,20.689655172413794,7.105427357601002e-15,True
BRN,Brunei,Western Pacific Region,2019,Blood,Escherichia coli,Ertapenem,677,169,0,0.0,0.0,0.0,True
BRN,Brunei,Western Pacific Region,2019,Blood,Escherichia coli,Imipenem,677,173,0,0.0,0.0,0.0,True
BRN,Brunei,Western Pacific Region,2019,Blood,Escherichia coli,Levofloxacin,677,169,32,18.9349112426036,18.93491124260355,4.973799150320701e-14,True
BRN,Brunei,Western Pacific Region,2019,Blood,Escherichia coli,Meropenem,677,173,0,0.0,0.0,0.0,True
BRN,Brunei,Western Pacific Region,2019,Blood,Escherichia coli,Trimethoprim/sulfamethoxazole,677,174,64,36.7816091954023,36.7816091954023,0.0,True
BRN,Brunei,Western Pacific Region,2019,Blood,Klebsiella pneumoniae,Cefepime,677,109,10,9.1743119266055,9.174311926605505,-5.329070518200751e-15,True
BRN,Brunei,Western Pacific Region,2019,Blood,Klebsiella pneumoniae,Ceftazidime,677,111,17,15.3153153153153,15.315315315315313,-1.4210854715202004e-14,True
BRN,Brunei,Western Pacific Region,2019,Blood,Klebsiella pneumoniae,Ceftriaxone,677,111,16,14.4144144144144,14.414414414414415,-1.4210854715202004e-14,True
BRN,Brunei,Western Pacific Region,2019,Blood,Klebsiella pneumoniae,Ciprofloxacin,677,111,11,9.90990990990991,9.90990990990991,0.0,True
BRN,Brunei,Western Pacific Region,2019,Blood,Klebsiella pneumoniae,Imipenem,677,110,5,4.54545454545455,4.545454545454546,4.440892098500626e-15,True
BRN,Brunei,Western Pacific Region,2019,Blood,Klebsiella pneumoniae,Meropenem,677,111,4,3.6036036036036,3.6036036036036037,-3.552713678800501e-15,True
BRN,Brunei,Western Pacific Region,2019,Blood,Klebsiella pneumoniae,Trimethoprim/sulfamethoxazole,677,111,17,15.3153153153153,15.315315315315313,-1.4210854715202004e-14,True
BRN,Brunei,Western Pacific Region,2019,Blood,Salmonella,Ceftazidime,677,40,0,0.0,0.0,0.0,True
BRN,Brunei,Western Pacific Region,2019,Blood,Salmonella,Ceftriaxone,677,40,0,0.0,0.0,0.0,True
BRN,Brunei,Western Pacific Region,2019,Blood,Salmonella,Ciprofloxacin,677,40,0,0.0,0.0,0.0,True
BRN,Brunei,Western Pacific Region,2019,Blood,Salmonella,Imipenem,677,40,0,0.0,0.0,0.0,True
BRN,Brunei,Western Pacific Region,2019,Blood,Salmonella,Meropenem,677,40,0,0.0,0.0,0.0,True
BRN,Brunei,Western Pacific Region,2019,Blood,Staphylococcus aureus,Cefoxitin,677,252,31,12.3015873015873,12.3015873015873,0.0,True
BTN,Bhutan,South-East Asia Region,2019,Blood,Acinetobacter,Amikacin,277,19,5,26.3157894736842,26.31578947368421,-7.105427357601002e-15,True
BTN,Bhutan,South-East Asia Region,2019,Blood,Acinetobacter,Gentamicin,277,20,9,45.0,45.0,0.0,True
BTN,Bhutan,South-East Asia Region,2019,Blood,Acinetobacter,Imipenem,277,19,11,57.8947368421053,57.89473684210527,3.552713678800501e-14,True
BTN,Bhutan,South-East Asia Region,2019,Blood,Acinetobacter,Meropenem,277,20,7,35.0,35.0,0.0,True
BTN,Bhutan,South-East Asia Region,2019,Blood,Escherichia coli,Ampicillin,277,118,100,84.7457627118644,84.7457627118644,0.0,True
BTN,Bhutan,South-East Asia Region,2019,Blood,Escherichia coli,Ceftriaxone,277,118,67,56.7796610169492,56.779661016949156,4.263256414560601e-14,True
BTN,Bhutan,South-East Asia Region,2019,Blood,Escherichia coli,Ciprofloxacin,277,113,57,50.4424778761062,50.442477876106196,7.105427357601002e-15,True
BTN,Bhutan,South-East Asia Region,2019,Blood,Escherichia coli,Imipenem,277,41,15,36.5853658536585,36.58536585365854,-3.552713678800501e-14,True
BTN,Bhutan,South-East Asia Region,2019,Blood,Escherichia coli,Meropenem,277,47,11,23.4042553191489,23.404255319148938,-3.907985046680551e-14,True
BTN,Bhutan,South-East Asia Region,2019,Blood,Escherichia coli,Trimethoprim/sulfamethoxazole,277,116,48,41.3793103448276,41.37931034482759,1.4210854715202004e-14,True
BTN,Bhutan,South-East Asia Region,2019,Blood,Klebsiella pneumoniae,Ceftriaxone,277,35,18,51.4285714285714,51.42857142857142,-2.1316282072803006e-14,True
BTN,Bhutan,South-East Asia Region,2019,Blood,Klebsiella pneumoniae,Ciprofloxacin,277,33,14,42.4242424242424,42.42424242424242,-2.1316282072803006e-14,True
BTN,Bhutan,South-East Asia Region,2019,Blood,Klebsiella pneumoniae,Imipenem,277,19,11,57.8947368421053,57.89473684210527,3.552713678800501e-14,True
BTN,Bhutan,South-East Asia Region,2019,Blood,Klebsiella pneumoniae,Meropenem,277,19,8,42.1052631578947,42.10526315789473,-3.552713678800501e-14,True
BTN,Bhutan,South-East Asia Region,2019,Blood,Klebsiella pneumoniae,Trimethoprim/sulfamethoxazole,277,33,18,54.5454545454545,54.54545454545454,-4.263256414560601e-14,True
BTN,Bhutan,South-East Asia Region,2019,Blood,Staphylococcus aureus,Cefoxitin,277,101,21,20.7920792079208,20.792079207920793,7.105427357601002e-15,True
CHE,Switzerland,European Region,2017,Blood,Acinetobacter,Amikacin,9259,74,10,13.5135135135135,13.513513513513514,-1.4210854715202004e-14,True
CHE,Switzerland,European Region,2017,Blood,Acinetobacter,Gentamicin,9259,78,9,11.5384615384615,11.538461538461538,-3.907985046680551e-14,True
CHE,Switzerland,European Region,2017,Blood,Acinetobacter,Imipenem,9259,80,8,10.0,10.0,0.0,True
CHE,Switzerland,European Region,2017,Blood,Acinetobacter,Meropenem,9259,75,9,12.0,12.0,0.0,True
CHE,Switzerland,European Region,2017,Blood,Escherichia coli,Ampicillin,9259,3930,1944,49.4656488549618,49.46564885496183,-2.842170943040401e-14,True
CHE,Switzerland,European Region,2017,Blood,Escherichia coli,Cefotaxime,9259,671,64,9.53800298062593,9.538002980625931,-1.7763568394002505e-15,True
CHE,Switzerland,European Region,2017,Blood,Escherichia coli,Ceftazidime,9259,5370,364,6.77839851024209,6.778398510242085,4.440892098500626e-15,True
CHE,Switzerland,European Region,2017,Blood,Escherichia coli,Ceftriaxone,9259,5283,482,9.12360401287147,9.123604012871475,-5.329070518200751e-15,True
CHE,Switzerland,European Region,2017,Blood,Escherichia coli,Ciprofloxacin,9259,5389,934,17.3316014102802,17.3316014102802,0.0,True
CHE,Switzerland,European Region,2017,Blood,Escherichia coli,Colistin,9259,710,6,0.845070422535211,0.8450704225352111,-1.1102230246251565e-16,True
CHE,Switzerland,European Region,2017,Blood,Escherichia coli,Ertapenem,9259,4057,4,0.0985950209514419,0.09859502095144194,-4.163336342344337e-17,True
CHE,Switzerland,European Region,2017,Blood,Escherichia coli,Imipenem,9259,4896,2,0.0408496732026144,0.04084967320261438,2.0816681711721685e-17,True
CHE,Switzerland,European Region,2017,Blood,Escherichia coli,Levofloxacin,9259,1884,331,17.5690021231422,17.569002123142248,-4.618527782440651e-14,True
CHE,Switzerland,European Region,2017,Blood,Escherichia coli,Meropenem,9259,4216,1,0.023719165085389,0.023719165085388995,3.469446951953614e-18,True
CHE,Switzerland,European Region,2017,Blood,Escherichia coli,Tinidazole,9259,671,64,9.53800298062593,9.538002980625931,-1.7763568394002505e-15,True
CHE,Switzerland,European Region,2017,Blood,Klebsiella pneumoniae,Cefotaxime,9259,126,12,9.52380952380952,9.523809523809524,-3.552713678800501e-15,True
CHE,Switzerland,European Region,2017,Blood,Klebsiella pneumoniae,Ceftazidime,9259,947,59,6.23020063357973,6.2302006335797255,4.440892098500626e-15,True
CHE,Switzerland,European Region,2017,Blood,Klebsiella pneumoniae,Ceftriaxone,9259,945,58,6.13756613756614,6.137566137566138,2.6645352591003757e-15,True
CHE,Switzerland,European Region,2017,Blood,Klebsiella pneumoniae,Ciprofloxacin,9259,959,77,8.02919708029197,8.02919708029197,0.0,True
CHE,Switzerland,European Region,2017,Blood,Klebsiella pneumoniae,Colistin,9259,138,0,0.0,0.0,0.0,True
CHE,Switzerland,European Region,2017,Blood,Klebsiella pneumoniae,Ertapenem,9259,713,3,0.420757363253857,0.42075736325385693,5.551115123125783e-17,True
CHE,Switzerland,European Region,2017,Blood,Klebsiella pneumoniae,Imipenem,9259,880,2,0.227272727272727,0.22727272727272727,-2.7755575615628914e-16,True
CHE,Switzerland,European Region,2017,Blood,Klebsiella pneumoniae,Levofloxacin,9259,355,28,7.88732394366197,7.887323943661972,-1.7763568394002505e-15,True
CHE,Switzerland,European Region,2017,Blood,Klebsiella pneumoniae,Meropenem,9259,771,2,0.259403372243839,0.25940337224383914,-1.1102230246251565e-16,True
CHE,Switzerland,European Region,2017,Blood,Salmonella,Ceftazidime,9259,65,1,1.53846153846154,1.5384615384615385,1.5543122344752192e-15,True
CHE,Switzerland,European Region,2017,Blood,Salmonella,Ceftriaxone,9259,88,1,1.13636363636364,1.1363636363636365,3.552713678800501e-15,True
CHE,Switzerland,European Region,2017,Blood,Salmonella,Ciprofloxacin,9259,82,13,15.8536585365854,15.853658536585366,3.375077994860476e-14,True
CHE,Switzerland,European Region,2017,Blood,Salmonella,Ertapenem,9259,54,0,0.0,0.0,0.0,True
CHE,Switzerland,European Region,2017,Blood,Salmonella,Levofloxacin,9259,20,3,15.0,15.0,0.0,True
CHE,Switzerland,European Region,2017,Blood,Salmonella,Meropenem,9259,53,0,0.0,0.0,0.0,True
CHE,Switzerland,European Region,2017,Blood,Staphylococcus aureus,Meticillin,9259,825,39,4.72727272727273,4.7272727272727275,2.6645352591003757e-15,True
CHE,Switzerland,European Region,2017,Blood,Streptococcus pneumoniae,Benzylpenicillin,9259,645,14,2.17054263565891,2.1705426356589146,-4.440892098500626e-15,True
CHE,Switzerland,European Region,2017,Blood,Streptococcus pneumoniae,Cefotaxime,9259,55,0,0.0,0.0,0.0,True
CHE,Switzerland,European Region,2017,Blood,Streptococcus pneumoniae,Ceftriaxone,9259,480,0,0.0,0.0,0.0,True
CHE,Switzerland,European Region,2017,Blood,Streptococcus pneumoniae,Oxacillin,9259,192,29,15.1041666666667,15.104166666666666,3.375077994860476e-14,True
CHE,Switzerland,European Region,2017,Genital,Neisseria gonorrhoeae,Azithromycin,94,32,6,18.75,18.75,0.0,True
CHE,Switzerland,European Region,2017,Genital,Neisseria gonorrhoeae,Cefixime,94,26,0,0.0,0.0,0.0,True
CHE,Switzerland,European Region,2017,Genital,Neisseria gonorrhoeae,Ceftriaxone,94,41,0,0.0,0.0,0.0,True
CHE,Switzerland,European Region,2017,Genital,Neisseria gonorrhoeae,Ciprofloxacin,94,37,15,40.5405405405405,40.54054054054054,-4.263256414560601e-14,True
CHE,Switzerland,European Region,2017,Stool,Salmonella,Cefotaxime,591,12,0,0.0,0.0,0.0,True
CHE,Switzerland,European Region,2017,Stool,Salmonella,Ceftazidime,591,78,0,0.0,0.0,0.0,True
CHE,Switzerland,European Region,2017,Stool,Salmonella,Ceftriaxone,591,107,0,0.0,0.0,0.0,True
CHE,Switzerland,European Region,2017,Stool,Salmonella,Ciprofloxacin,591,158,17,10.7594936708861,10.759493670886076,2.3092638912203256e-14,True
CHE,Switzerland,European Region,2017,Stool,Salmonella,Ertapenem,591,70,0,0.0,0.0,0.0,True
CHE,Switzerland,European Region,2017,Stool,Salmonella,Levofloxacin,591,42,5,11.9047619047619,11.904761904761903,-3.552713678800501e-15,True
CHE,Switzerland,European Region,2017,Stool,Salmonella,Meropenem,591,55,0,0.0,0.0,0.0,True
CHE,Switzerland,European Region,2017,Stool,Shigella,Ceftazidime,591,20,1,5.0,5.0,0.0,True
CHE,Switzerland,European Region,2017,Stool,Shigella,Ceftriaxone,591,20,0,0.0,0.0,0.0,True
CHE,Switzerland,European Region,2017,Stool,Shigella,Ciprofloxacin,591,30,10,33.3333333333333,33.33333333333333,-2.842170943040401e-14,True
CHE,Switzerland,European Region,2017,Urine,Escherichia coli,Cefepime,97650,7074,231,3.26547921967769,3.265479219677693,-3.1086244689504383e-15,True
CHE,Switzerland,European Region,2017,Urine,Escherichia coli,Cefotaxime,97650,898,46,5.12249443207127,5.122494432071269,8.881784197001252e-16,True
CHE,Switzerland,European Region,2017,Urine,Escherichia coli,Ceftazidime,97650,8494,374,4.40310807628915,4.403108076289145,4.440892098500626e-15,True
CHE,Switzerland,European Region,2017,Urine,Escherichia coli,Ceftriaxone,97650,9755,548,5.61763198359816,5.617631983598155,4.440892098500626e-15,True
CHE,Switzerland,European Region,2017,Urine,Escherichia coli,Ciprofloxacin,97650,10019,1419,14.1630901287554,14.163090128755366,3.375077994860476e-14,True
CHE,Switzerland,European Region,2017,Urine,Escherichia coli,Colistin,97650,636,3,0.471698113207547,0.4716981132075472,-1.6653345369377348e-16,True
CHE,Switzerland,European Region,2017,Urine,Escherichia coli,Ertapenem,97650,7288,1,0.0137211855104281,0.013721185510428101,-1.734723475976807e-18,True
CHE,Switzerland,European Region,2017,Urine,Escherichia coli,Imipenem,97650,8295,1,0.0120554550934298,0.012055455093429777,2.2551405187698492e-17,True
CHE,Switzerland,European Region,2017,Urine,Escherichia coli,Levofloxacin,97650,2368,386,16.3006756756757,16.300675675675674,2.4868995751603507e-14,True
CHE,Switzerland,European Region,2017,Urine,Escherichia coli,Meropenem,97650,4591,0,0.0,0.0,0.0,True
CHE,Switzerland,European Region,2017,Urine,Escherichia coli,Trimethoprim/sulfamethoxazole,97650,10134,2193,21.6400236826525,21.64002368265246,4.263256414560601e-14,True
CHE,Switzerland,European Region,2017,Urine,Klebsiella pneumoniae,Cefepime,97650,1192,37,3.10402684563758,3.104026845637584,-3.9968028886505635e-15,True
CHE,Switzerland,European Region,2017,Urine,Klebsiella pneumoniae,Cefotaxime,97650,150,7,4.66666666666667,4.666666666666667,2.6645352591003757e-15,True
CHE,Switzerland,European Region,2017,Urine,Klebsiella pneumoniae,Ceftazidime,97650,1336,46,3.44311377245509,3.44311377245509,0.0,True
CHE,Switzerland,European Region,2017,Urine,Klebsiella pneumoniae,Ceftriaxone,97650,1457,75,5.14756348661633,5.147563486616335,-4.440892098500626e-15,True
CHE,Switzerland,European Region,2017,Urine,Klebsiella pneumoniae,Ciprofloxacin,97650,1521,109,7.1663379355687,7.166337935568705,-4.440892098500626e-15,True
CHE,Switzerland,European Region,2017,Urine,Klebsiella pneumoniae,Colistin,97650,140,1,0.714285714285714,0.7142857142857143,-3.3306690738754696e-16,True
CHE,Switzerland,European Region,2017,Urine,Klebsiella pneumoniae,Ertapenem,97650,1130,0,0.0,0.0,0.0,True
CHE,Switzerland,European Region,2017,Urine,Klebsiella pneumoniae,Imipenem,97650,1185,0,0.0,0.0,0.0,True
CHE,Switzerland,European Region,2017,Urine,Klebsiella pneumoniae,Levofloxacin,97650,427,28,6.55737704918033,6.557377049180328,1.7763568394002505e-15,True
CHE,Switzerland,European Region,2017,Urine,Klebsiella pneumoniae,Trimethoprim/sulfamethoxazole,97650,1703,167,9.8062243100411,9.806224310041104,-3.552713678800501e-15,True
CHE,Switzerland,European Region,2018,Blood,Acinetobacter,Amikacin,19539,121,6,4.95867768595041,4.958677685950414,-3.552713678800501e-15,True
CHE,Switzerland,European Region,2018,Blood,Acinetobacter,Gentamicin,19539,119,6,5.04201680672269,5.042016806722689,8.881784197001252e-16,True
CHE,Switzerland,European Region,2018,Blood,Acinetobacter,Imipenem,19539,125,4,3.2,3.2,0.0,True
CHE,Switzerland,European Region,2018,Blood,Acinetobacter,Meropenem,19539,126,4,3.17460317460317,3.1746031746031744,-4.440892098500626e-15,True
CHE,Switzerland,European Region,2018,Blood,Escherichia coli,Ampicillin,19539,7928,3860,48.6881937436932,48.68819374369323,-3.552713678800501e-14,True
CHE,Switzerland,European Region,2018,Blood,Escherichia coli,Cefotaxime,19539,1357,131,9.65364775239499,9.653647752394988,1.7763568394002505e-15,True
CHE,Switzerland,European Region,2018,Blood,Escherichia coli,Ceftazidime,19539,11629,844,7.25771777452919,7.257717774529195,-5.329070518200751e-15,True
CHE,Switzerland,European Region,2018,Blood,Escherichia coli,Ceftriaxone,19539,11775,1200,10.1910828025478,10.191082802547772,2.842170943040401e-14,True
CHE,Switzerland,European Region,2018,Blood,Escherichia coli,Ciprofloxacin,19539,11846,2098,17.7106196184366,17.710619618436603,-3.552713678800501e-15,True
CHE,Switzerland,European Region,2018,Blood,Escherichia coli,Colistin,19539,1438,8,0.556328233657858,0.5563282336578581,-1.1102230246251565e-16,True
CHE,Switzerland,European Region,2018,Blood,Escherichia coli,Ertapenem,19539,8043,15,0.186497575531518,0.18649757553151808,-8.326672684688674e-17,True
CHE,Switzerland,European Region,2018,Blood,Escherichia coli,Imipenem,19539,10901,6,0.055040821942941,0.055040821942941014,-1.3877787807814457e-17,True
CHE,Switzerland,European Region,2018,Blood,Escherichia coli,Levofloxacin,19539,4857,846,17.4181593576282,17.418159357628166,3.197442310920451e-14,True
CHE,Switzerland,European Region,2018,Blood,Escherichia coli,Meropenem,19539,9411,0,0.0,0.0,0.0,True
CHE,Switzerland,European Region,2018,Blood,Escherichia coli,Tinidazole,19539,11775,1200,10.1910828025478,10.191082802547772,2.842170943040401e-14,True
CHE,Switzerland,European Region,2018,Blood,Klebsiella pneumoniae,Cefotaxime,19539,278,19,6.83453237410072,6.83453237410072,0.0,True
CHE,Switzerland,European Region,2018,Blood,Klebsiella pneumoniae,Ceftazidime,19539,2049,154,7.51586139580283,7.515861395802831,-8.881784197001252e-16,True
CHE,Switzerland,European Region,2018,Blood,Klebsiella pneumoniae,Ceftriaxone,19539,2066,178,8.61568247821878,8.615682478218782,-1.7763568394002505e-15,True
CHE,Switzerland,European Region,2018,Blood,Klebsiella pneumoniae,Ciprofloxacin,19539,2074,228,10.99324975892,10.99324975891996,3.907985046680551e-14,True
CHE,Switzerland,European Region,2018,Blood,Klebsiella pneumoniae,Colistin,19539,237,3,1.26582278481013,1.2658227848101267,3.3306690738754696e-15,True
CHE,Switzerland,European Region,2018,Blood,Klebsiella pneumoniae,Ertapenem,19539,1426,23,1.61290322580645,1.6129032258064515,-1.5543122344752192e-15,True
CHE,Switzerland,European Region,2018,Blood,Klebsiella pneumoniae,Imipenem,19539,1924,12,0.623700623700624,0.6237006237006237,2.220446049250313e-16,True
CHE,Switzerland,European Region,2018,Blood,Klebsiella pneumoniae,Levofloxacin,19539,884,105,11.8778280542986,11.877828054298641,-4.085620730620576e-14,True
CHE,Switzerland,European Region,2018,Blood,Klebsiella pneumoniae,Meropenem,19539,1741,15,0.861573808156232,0.8615738081562321,-1.1102230246251565e-16,True
CHE,Switzerland,European Region,2018,Blood,Salmonella,Ceftazidime,19539,136,0,0.0,0.0,0.0,True
CHE,Switzerland,European Region,2018,Blood,Salmonella,Ceftriaxone,19539,160,0,0.0,0.0,0.0,True
CHE,Switzerland,European Region,2018,Blood,Salmonella,Ciprofloxacin,19539,140,20,14.2857142857143,14.285714285714285,1.5987211554602254e-14,True
CHE,Switzerland,European Region,2018,Blood,Salmonella,Ertapenem,19539,93,0,0.0,0.0,0.0,True
CHE,Switzerland,European Region,2018,Blood,Salmonella,Levofloxacin,19539,60,8,13.3333333333333,13.333333333333334,-3.375077994860476e-14,True
CHE,Switzerland,European Region,2018,Blood,Salmonella,Meropenem,19539,109,0,0.0,0.0,0.0,True
CHE,Switzerland,European Region,2018,Blood,Staphylococcus aureus,Meticillin,19539,1582,92,5.81542351453856,5.815423514538559,8.881784197001252e-16,True
CHE,Switzerland,European Region,2018,Blood,Streptococcus pneumoniae,Benzylpenicillin,19539,1395,24,1.72043010752688,1.7204301075268817,-1.7763568394002505e-15,True
CHE,Switzerland,European Region,2018,Blood,Streptococcus pneumoniae,Cefotaxime,19539,86,0,0.0,0.0,0.0,True
CHE,Switzerland,European Region,2018,Blood,Streptococcus pneumoniae,Ceftriaxone,19539,999,0,0.0,0.0,0.0,True
CHE,Switzerland,European Region,2018,Blood,Streptococcus pneumoniae,Oxacillin,19539,326,41,12.5766871165644,12.576687116564417,-1.5987211554602254e-14,True
CHE,Switzerland,European Region,2018,Genital,Neisseria gonorrhoeae,Azithromycin,110,74,21,28.3783783783784,28.37837837837838,2.1316282072803006e-14,True
CHE,Switzerland,European Region,2018,Genital,Neisseria gonorrhoeae,Cefixime,110,54,3,5.55555555555556,5.555555555555555,4.440892098500626e-15,True
CHE,Switzerland,European Region,2018,Genital,Neisseria gonorrhoeae,Ceftriaxone,110,110,2,1.81818181818182,1.8181818181818181,1.7763568394002505e-15,True
CHE,Switzerland,European Region,2018,Genital,Neisseria gonorrhoeae,Ciprofloxacin,110,96,49,51.0416666666667,51.041666666666664,3.552713678800501e-14,True
CHE,Switzerland,European Region,2018,Stool,Salmonella,Cefotaxime,592,42,1,2.38095238095238,2.380952380952381,-8.881784197001252e-16,True
CHE,Switzerland,European Region,2018,Stool,Salmonella,Ceftazidime,592,208,4,1.92307692307692,1.9230769230769231,-3.1086244689504383e-15,True
CHE,Switzerland,European Region,2018,Stool,Salmonella,Ceftriaxone,592,303,8,2.64026402640264,2.6402640264026402,-4.440892098500626e-16,True
CHE,Switzerland,European Region,2018,Stool,Salmonella,Ciprofloxacin,592,397,50,12.5944584382872,12.594458438287154,4.618527782440651e-14,True
CHE,Switzerland,European Region,2018,Stool,Salmonella,Ertapenem,592,200,0,0.0,0.0,0.0,True
CHE,Switzerland,European Region,2018,Stool,Salmonella,Levofloxacin,592,130,15,11.5384615384615,11.538461538461538,-3.907985046680551e-14,True
CHE,Switzerland,European Region,2018,Stool,Salmonella,Meropenem,592,145,0,0.0,0.0,0.0,True
CHE,Switzerland,European Region,2018,Stool,Shigella,Ceftazidime,592,90,6,6.66666666666667,6.666666666666667,2.6645352591003757e-15,True
CHE,Switzerland,European Region,2018,Stool,Shigella,Ceftriaxone,592,110,12,10.9090909090909,10.909090909090908,-8.881784197001252e-15,True
CHE,Switzerland,European Region,2018,Stool,Shigella,Ciprofloxacin,592,144,48,33.3333333333333,33.33333333333333,-2.842170943040401e-14,True
CHE,Switzerland,European Region,2018,Urine,Escherichia coli,Cefepime,118114,78663,2837,3.60652403289984,3.6065240328998383,1.7763568394002505e-15,True
CHE,Switzerland,European Region,2018,Urine,Escherichia coli,Cefotaxime,118114,7139,383,5.36489704440398,5.364897044403978,1.7763568394002505e-15,True
CHE,Switzerland,European Region,2018,Urine,Escherichia coli,Ceftazidime,118114,85356,4094,4.79638221097521,4.79638221097521,0.0,True
CHE,Switzerland,European Region,2018,Urine,Escherichia coli,Ceftriaxone,118114,97568,6084,6.23565103312561,6.235651033125615,-5.329070518200751e-15,True
CHE,Switzerland,European Region,2018,Urine,Escherichia coli,Ciprofloxacin,118114,97819,13684,13.9891023216349,13.989102321634855,4.618527782440651e-14,True
CHE,Switzerland,European Region,2018,Urine,Escherichia coli,Colistin,118114,5231,26,0.497036895431084,0.49703689543108387,1.1102230246251565e-16,True
CHE,Switzerland,European Region,2018,Urine,Escherichia coli,Ertapenem,118114,72205,40,0.0553978256353438,0.05539782563534382,-1.3877787807814457e-17,True
CHE,Switzerland,European Region,2018,Urine,Escherichia coli,Imipenem,118114,77995,6,0.0076928008205654,0.007692800820565421,-2.0816681711721685e-17,True
CHE,Switzerland,European Region,2018,Urine,Escherichia coli,Levofloxacin,118114,31871,4462,14.0001882589188,14.000188258918767,3.375077994860476e-14,True
CHE,Switzerland,European Region,2018,Urine,Escherichia coli,Meropenem,118114,50660,6,0.0118436636399526,0.011843663639952626,-2.6020852139652106e-17,True
CHE,Switzerland,European Region,2018,Urine,Escherichia coli,Trimethoprim/sulfamethoxazole,118114,101910,22744,22.3177313315671,22.31773133156707,2.842170943040401e-14,True
CHE,Switzerland,European Region,2018,Urine,Klebsiella pneumoniae,Cefepime,118114,11067,428,3.86735339297009,3.8673533929700907,-8.881784197001252e-16,True
CHE,Switzerland,European Region,2018,Urine,Klebsiella pneumoniae,Cefotaxime,118114,1192,56,4.69798657718121,4.697986577181208,1.7763568394002505e-15,True
CHE,Switzerland,European Region,2018,Urine,Klebsiella pneumoniae,Ceftazidime,118114,11954,618,5.16981763426468,5.169817634264681,-8.881784197001252e-16,True
CHE,Switzerland,European Region,2018,Urine,Klebsiella pneumoniae,Ceftriaxone,118114,13538,745,5.50302851233565,5.503028512335647,2.6645352591003757e-15,True
CHE,Switzerland,European Region,2018,Urine,Klebsiella pneumoniae,Ciprofloxacin,118114,13486,1047,7.76360670324781,7.763606703247812,-1.7763568394002505e-15,True
CHE,Switzerland,European Region,2018,Urine,Klebsiella pneumoniae,Colistin,118114,913,6,0.657174151150055,0.6571741511500547,2.220446049250313e-16,True
CHE,Switzerland,European Region,2018,Urine,Klebsiella pneumoniae,Ertapenem,118114,10014,37,0.369482724186139,0.3694827241861394,-4.440892098500626e-16,True
CHE,Switzerland,European Region,2018,Urine,Klebsiella pneumoniae,Imipenem,118114,10815,12,0.110957004160888,0.11095700416088765,3.469446951953614e-16,True
CHE,Switzerland,European Region,2018,Urine,Klebsiella pneumoniae,Levofloxacin,118114,4646,375,8.07145931984503,8.071459319845028,1.7763568394002505e-15,True
CHE,Switzerland,European Region,2018,Urine,Klebsiella pneumoniae,Trimethoprim/sulfamethoxazole,118114,14194,1456,10.2578554318726,10.257855431872622,-2.3092638912203256e-14,True
CHE,Switzerland,European Region,2019,Blood,Acinetobacter,Amikacin,10424,54,3,5.55555555555556,5.555555555555555,4.440892098500626e-15,True
CHE,Switzerland,European Region,2019,Blood,Acinetobacter,Gentamicin,10424,57,5,8.7719298245614,8.771929824561402,-1.7763568394002505e-15,True
CHE,Switzerland,European Region,2019,Blood,Acinetobacter,Imipenem,10424,57,1,1.75438596491228,1.7543859649122806,-6.661338147750939e-16,True
CHE,Switzerland,European Region,2019,Blood,Acinetobacter,Meropenem,10424,53,1,1.88679245283019,1.8867924528301887,1.3322676295501878e-15,True
CHE,Switzerland,European Region,2019,Blood,Escherichia coli,Ampicillin,10424,4152,2026,48.7957610789981,48.795761078998076,2.1316282072803006e-14,True
CHE,Switzerland,European Region,2019,Blood,Escherichia coli,Cefepime,10424,5791,398,6.87273355206355,6.872733552063546,3.552713678800501e-15,True
CHE,Switzerland,European Region,2019,Blood,Escherichia coli,Cefotaxime,10424,548,56,10.2189781021898,10.218978102189782,1.7763568394002505e-14,True
CHE,Switzerland,European Region,2019,Blood,Escherichia coli,Ceftazidime,10424,5901,469,7.94780545670225,7.947805456702254,-3.552713678800501e-15,True
CHE,Switzerland,European Region,2019,Blood,Escherichia coli,Ceftriaxone,10424,6030,619,10.2653399668325,10.265339966832505,-5.329070518200751e-15,True
CHE,Switzerland,European Region,2019,Blood,Escherichia coli,Ciprofloxacin,10424,6035,989,16.3877381938691,16.387738193869097,3.552713678800501e-15,True
CHE,Switzerland,European Region,2019,Blood,Escherichia coli,Colistin,10424,283,3,1.06007067137809,1.0600706713780919,-1.7763568394002505e-15,True
CHE,Switzerland,European Region,2019,Blood,Escherichia coli,Ertapenem,10424,3877,2,0.0515862780500387,0.051586278050038695,6.938893903907228e-18,True
CHE,Switzerland,European Region,2019,Blood,Escherichia coli,Imipenem,10424,5703,2,0.0350692617920393,0.03506926179203928,2.0816681711721685e-17,True
CHE,Switzerland,European Region,2019,Blood,Escherichia coli,Levofloxacin,10424,2232,351,15.7258064516129,15.725806451612904,-3.552713678800501e-15,True
CHE,Switzerland,European Region,2019,Blood,Escherichia coli,Meropenem,10424,5080,1,0.0196850393700787,0.01968503937007874,-3.8163916471489756e-17,True
CHE,Switzerland,European Region,2019,Blood,Escherichia coli,Tinidazole,10424,6030,619,10.2653399668325,10.265339966832505,-5.329070518200751e-15,True
CHE,Switzerland,European Region,2019,Blood,Escherichia coli,Trimethoprim/sulfamethoxazole,10424,5679,1551,27.311146328579,27.31114632857897,2.842170943040401e-14,True
CHE,Switzerland,European Region,2019,Blood,Klebsiella pneumoniae,Cefepime,10424,1185,65,5.48523206751055,5.485232067510549,8.881784197001252e-16,True
CHE,Switzerland,European Region,2019,Blood,Klebsiella pneumoniae,Cefotaxime,10424,135,10,7.40740740740741,7.4074074074074066,3.552713678800501e-15,True
CHE,Switzerland,European Region,2019,Blood,Klebsiella pneumoniae,Ceftazidime,10424,1211,92,7.59702725020644,7.597027250206441,-8.881784197001252e-16,True
CHE,Switzerland,European Region,2019,Blood,Klebsiella pneumoniae,Ceftriaxone,10424,1232,88,7.14285714285714,7.142857142857142,-2.6645352591003757e-15,True
CHE,Switzerland,European Region,2019,Blood,Klebsiella pneumoniae,Ciprofloxacin,10424,1235,114,9.23076923076923,9.230769230769232,-1.7763568394002505e-15,True
CHE,Switzerland,European Region,2019,Blood,Klebsiella pneumoniae,Colistin,10424,76,0,0.0,0.0,0.0,True
CHE,Switzerland,European Region,2019,Blood,Klebsiella pneumoniae,Ertapenem,10424,766,9,1.17493472584856,1.1749347258485638,-3.774758283725532e-15,True
CHE,Switzerland,European Region,2019,Blood,Klebsiella pneumoniae,Imipenem,10424,1162,5,0.430292598967298,0.4302925989672977,2.7755575615628914e-16,True
CHE,Switzerland,European Region,2019,Blood,Klebsiella pneumoniae,Levofloxacin,10424,472,44,9.32203389830508,9.322033898305085,-5.329070518200751e-15,True
CHE,Switzerland,European Region,2019,Blood,Klebsiella pneumoniae,Meropenem,10424,1047,6,0.573065902578797,0.5730659025787965,4.440892098500626e-16,True
CHE,Switzerland,European Region,2019,Blood,Klebsiella pneumoniae,Trimethoprim/sulfamethoxazole,10424,1159,144,12.4245038826575,12.424503882657463,3.730349362740526e-14,True
CHE,Switzerland,European Region,2019,Blood,Salmonella,Ceftazidime,10424,59,0,0.0,0.0,0.0,True
CHE,Switzerland,European Region,2019,Blood,Salmonella,Ceftriaxone,10424,73,0,0.0,0.0,0.0,True
CHE,Switzerland,European Region,2019,Blood,Salmonella,Ciprofloxacin,10424,70,8,11.4285714285714,11.428571428571429,-2.842170943040401e-14,True
CHE,Switzerland,European Region,2019,Blood,Salmonella,Ertapenem,10424,34,0,0.0,0.0,0.0,True
CHE,Switzerland,European Region,2019,Blood,Salmonella,Levofloxacin,10424,19,2,10.5263157894737,10.526315789473683,1.5987211554602254e-14,True
CHE,Switzerland,European Region,2019,Blood,Salmonella,Meropenem,10424,57,0,0.0,0.0,0.0,True
CHE,Switzerland,European Region,2019,Blood,Staphylococcus aureus,Cefoxitin,10424,819,32,3.90720390720391,3.907203907203907,3.1086244689504383e-15,True
CHE,Switzerland,European Region,2019,Blood,Staphylococcus aureus,Meticillin,10424,819,32,3.90720390720391,3.907203907203907,3.1086244689504383e-15,True
CHE,Switzerland,European Region,2019,Blood,Staphylococcus aureus,Oxacillin,10424,2111,73,3.4580767408811,3.458076740881099,1.3322676295501878e-15,True
CHE,Switzerland,European Region,2019,Blood,Streptococcus pneumoniae,Benzylpenicillin,10424,657,8,1.21765601217656,1.21765601217656,0.0,True
CHE,Switzerland,European Region,2019,Blood,Streptococcus pneumoniae,Cefotaxime,10424,21,0,0.0,0.0,0.0,True
CHE,Switzerland,European Region,2019,Blood,Streptococcus pneumoniae,Ceftriaxone,10424,507,0,0.0,0.0,0.0,True
CHE,Switzerland,European Region,2019,Blood,Streptococcus pneumoniae,Oxacillin,10424,201,24,11.9402985074627,11.940298507462686,1.4210854715202004e-14,True
CHE,Switzerland,European Region,2019,Blood,Streptococcus pneumoniae,Trimethoprim/sulfamethoxazole,10424,374,22,5.88235294117647,5.88235294117647,0.0,True
CHE,Switzerland,European Region,2019,Genital,Neisseria gonorrhoeae,Azithromycin,154,104,31,29.8076923076923,29.807692307692307,-7.105427357601002e-15,True
CHE,Switzerland,European Region,2019,Genital,Neisseria gonorrhoeae,Cefixime,154,85,0,0.0,0.0,0.0,True
CHE,Switzerland,European Region,2019,Genital,Neisseria gonorrhoeae,Ceftriaxone,154,154,0,0.0,0.0,0.0,True
CHE,Switzerland,European Region,2019,Genital,Neisseria gonorrhoeae,Ciprofloxacin,154,152,101,66.4473684210526,66.44736842105263,-2.842170943040401e-14,True
CHE,Switzerland,European Region,2019,Genital,Neisseria gonorrhoeae,Spectinomycin,154,65,0,0.0,0.0,0.0,True
CHE,Switzerland,European Region,2019,Stool,Salmonella,Cefotaxime,640,37,0,0.0,0.0,0.0,True
CHE,Switzerland,European Region,2019,Stool,Salmonella,Ceftazidime,640,218,0,0.0,0.0,0.0,True
CHE,Switzerland,European Region,2019,Stool,Salmonella,Ceftriaxone,640,326,0,0.0,0.0,0.0,True
CHE,Switzerland,European Region,2019,Stool,Salmonella,Ciprofloxacin,640,465,43,9.24731182795699,9.247311827956988,1.7763568394002505e-15,True
CHE,Switzerland,European Region,2019,Stool,Salmonella,Ertapenem,640,183,0,0.0,0.0,0.0,True
CHE,Switzerland,European Region,2019,Stool,Salmonella,Levofloxacin,640,78,4,5.12820512820513,5.128205128205128,2.6645352591003757e-15,True
CHE,Switzerland,European Region,2019,Stool,Salmonella,Meropenem,640,153,0,0.0,0.0,0.0,True
CHE,Switzerland,European Region,2019,Stool,Shigella,Azithromycin,640,27,6,22.2222222222222,22.22222222222222,-2.1316282072803006e-14,True
CHE,Switzerland,European Region,2019,Stool,Shigella,Ceftazidime,640,72,4,5.55555555555556,5.555555555555555,4.440892098500626e-15,True
CHE,Switzerland,European Region,2019,Stool,Shigella,Ceftriaxone,640,95,23,24.2105263157895,24.210526315789473,2.842170943040401e-14,True
CHE,Switzerland,European Region,2019,Stool,Shigella,Ciprofloxacin,640,129,25,19.3798449612403,19.379844961240313,-1.4210854715202004e-14,True
CHE,Switzerland,European Region,2019,Stool,Shigella,Levofloxacin,640,13,2,15.3846153846154,15.384615384615385,1.4210854715202004e-14,True
CHE,Switzerland,European Region,2019,Urine,Escherichia coli,Ampicillin,139721,57043,23814,41.7474536752976,41.74745367529758,2.1316282072803006e-14,True
CHE,Switzerland,European Region,2019,Urine,Escherichia coli,Cefepime,139721,83169,3164,3.80430208370907,3.804302083709074,-3.9968028886505635e-15,True
CHE,Switzerland,European Region,2019,Urine,Escherichia coli,Cefotaxime,139721,7748,441,5.69179143004646,5.691791430046464,-3.552713678800501e-15,True
CHE,Switzerland,European Region,2019,Urine,Escherichia coli,Ceftazidime,139721,90605,4773,5.26792119640196,5.267921196401964,-4.440892098500626e-15,True
CHE,Switzerland,European Region,2019,Urine,Escherichia coli,Ceftriaxone,139721,108964,6754,6.1983774457619,6.198377445761903,-2.6645352591003757e-15,True
CHE,Switzerland,European Region,2019,Urine,Escherichia coli,Ciprofloxacin,139721,115023,14728,12.8043956426106,12.804395642610608,-7.105427357601002e-15,True
CHE,Switzerland,European Region,2019,Urine,Escherichia coli,Colistin,139721,2523,21,0.832342449464923,0.8323424494649228,2.220446049250313e-16,True
CHE,Switzerland,European Region,2019,Urine,Escherichia coli,Ertapenem,139721,70730,39,0.0551392619821858,0.05513926198218577,2.7755575615628914e-17,True
CHE,Switzerland,European Region,2019,Urine,Escherichia coli,Imipenem,139721,82167,6,0.0073022016137865,0.0073022016137865575,-5.724587470723463e-17,True
CHE,Switzerland,European Region,2019,Urine,Escherichia coli,Levofloxacin,139721,41018,5331,12.9967331415476,12.996733141547615,-1.5987211554602254e-14,True
CHE,Switzerland,European Region,2019,Urine,Escherichia coli,Meropenem,139721,54413,4,0.007351184459596,0.007351184459596052,-5.204170427930421e-17,True
CHE,Switzerland,European Region,2019,Urine,Escherichia coli,Trimethoprim/sulfamethoxazole,139721,118418,26130,22.0659021432552,22.065902143255247,-4.618527782440651e-14,True
CHE,Switzerland,European Region,2019,Urine,Klebsiella pneumoniae,Cefepime,139721,13119,429,3.27006631603019,3.2700663160301855,4.440892098500626e-15,True
CHE,Switzerland,European Region,2019,Urine,Klebsiella pneumoniae,Cefotaxime,139721,1399,58,4.1458184417441,4.145818441744103,-2.6645352591003757e-15,True
CHE,Switzerland,European Region,2019,Urine,Klebsiella pneumoniae,Ceftazidime,139721,14396,730,5.07085301472631,5.070853014726313,-3.552713678800501e-15,True
CHE,Switzerland,European Region,2019,Urine,Klebsiella pneumoniae,Ceftriaxone,139721,16871,799,4.73593740738545,4.735937407385454,-4.440892098500626e-15,True
CHE,Switzerland,European Region,2019,Urine,Klebsiella pneumoniae,Ciprofloxacin,139721,17808,1159,6.50831087151842,6.508310871518419,8.881784197001252e-16,True
CHE,Switzerland,European Region,2019,Urine,Klebsiella pneumoniae,Colistin,139721,569,8,1.40597539543058,1.4059753954305798,2.220446049250313e-16,True
CHE,Switzerland,European Region,2019,Urine,Klebsiella pneumoniae,Ertapenem,139721,11005,50,0.454338936846888,0.4543389368468878,1.6653345369377348e-16,True
CHE,Switzerland,European Region,2019,Urine,Klebsiella pneumoniae,Imipenem,139721,12742,16,0.125568984460838,0.12556898446083817,-1.6653345369377348e-16,True
CHE,Switzerland,European Region,2019,Urine,Klebsiella pneumoniae,Levofloxacin,139721,6656,421,6.32512019230769,6.3251201923076925,-2.6645352591003757e-15,True
CHE,Switzerland,European Region,2019,Urine,Klebsiella pneumoniae,Meropenem,139721,8914,18,0.201929549024007,0.2019295490240072,-1.942890293094024e-16,True
CHE,Switzerland,European Region,2019,Urine,Klebsiella pneumoniae,Trimethoprim/sulfamethoxazole,139721,18377,1686,9.1745116177831,9.174511617783098,1.7763568394002505e-15,True
CHE,Switzerland,European Region,2020,Blood,Acinetobacter,Amikacin,10256,73,5,6.84931506849315,6.8493150684931505,-8.881784197001252e-16,True
CHE,Switzerland,European Region,2020,Blood,Acinetobacter,Gentamicin,10256,81,11,13.5802469135802,13.580246913580247,-4.618527782440651e-14,True
CHE,Switzerland,European Region,2020,Blood,Acinetobacter,Imipenem,10256,91,9,9.89010989010989,9.89010989010989,0.0,True
CHE,Switzerland,European Region,2020,Blood,Acinetobacter,Meropenem,10256,83,9,10.8433734939759,10.843373493975903,-3.552713678800501e-15,True
CHE,Switzerland,European Region,2020,Blood,Escherichia coli,Ampicillin,10256,4156,1920,46.1982675649663,46.19826756496631,-7.105427357601002e-15,True
CHE,Switzerland,European Region,2020,Blood,Escherichia coli,Cefotaxime,10256,523,58,11.0898661567878,11.089866156787762,3.730349362740526e-14,True
CHE,Switzerland,European Region,2020,Blood,Escherichia coli,Ceftazidime,10256,5922,443,7.4805808848362,7.480580884836203,-3.552713678800501e-15,True
CHE,Switzerland,European Region,2020,Blood,Escherichia coli,Ceftriaxone,10256,5945,579,9.73927670311186,9.739276703111859,1.7763568394002505e-15,True
CHE,Switzerland,European Region,2020,Blood,Escherichia coli,Ciprofloxacin,10256,5994,944,15.7490824157491,15.749082415749083,1.7763568394002505e-14,True
CHE,Switzerland,European Region,2020,Blood,Escherichia coli,Colistin,10256,259,4,1.54440154440154,1.5444015444015444,-4.440892098500626e-15,True
CHE,Switzerland,European Region,2020,Blood,Escherichia coli,Ertapenem,10256,4463,10,0.224064530584808,0.2240645305848084,-4.163336342344337e-16,True
CHE,Switzerland,European Region,2020,Blood,Escherichia coli,Imipenem,10256,5600,2,0.0357142857142857,0.03571428571428571,-1.3877787807814457e-17,True
CHE,Switzerland,European Region,2020,Blood,Escherichia coli,Levofloxacin,10256,2489,380,15.2671755725191,15.267175572519085,1.5987211554602254e-14,True
CHE,Switzerland,European Region,2020,Blood,Escherichia coli,Meropenem,10256,5187,1,0.0192789666473877,0.0192789666473877,0.0,True
CHE,Switzerland,European Region,2020,Blood,Escherichia coli,Tinidazole,10256,523,58,11.0898661567878,11.089866156787762,3.730349362740526e-14,True
CHE,Switzerland,European Region,2020,Blood,Klebsiella pneumoniae,Cefotaxime,10256,121,12,9.91735537190083,9.917355371900827,3.552713678800501e-15,True
CHE,Switzerland,European Region,2020,Blood,Klebsiella pneumoniae,Ceftazidime,10256,1275,84,6.58823529411765,6.588235294117648,2.6645352591003757e-15,True
CHE,Switzerland,European Region,2020,Blood,Klebsiella pneumoniae,Ceftriaxone,10256,1273,80,6.28436763550668,6.284367635506677,2.6645352591003757e-15,True
CHE,Switzerland,European Region,2020,Blood,Klebsiella pneumoniae,Ciprofloxacin,10256,1287,92,7.14840714840715,7.1484071484071485,1.7763568394002505e-15,True
CHE,Switzerland,European Region,2020,Blood,Klebsiella pneumoniae,Colistin,10256,51,0,0.0,0.0,0.0,True
CHE,Switzerland,European Region,2020,Blood,Klebsiella pneumoniae,Ertapenem,10256,931,14,1.50375939849624,1.5037593984962405,-4.440892098500626e-16,True
CHE,Switzerland,European Region,2020,Blood,Klebsiella pneumoniae,Imipenem,10256,1197,4,0.334168755221387,0.3341687552213868,2.220446049250313e-16,True
CHE,Switzerland,European Region,2020,Blood,Klebsiella pneumoniae,Levofloxacin,10256,588,44,7.48299319727891,7.482993197278912,-1.7763568394002505e-15,True
CHE,Switzerland,European Region,2020,Blood,Klebsiella pneumoniae,Meropenem,10256,1133,4,0.353045013239188,0.353045013239188,0.0,True
CHE,Switzerland,European Region,2020,Blood,Salmonella,Ceftazidime,10256,47,1,2.12765957446809,2.127659574468085,4.884981308350689e-15,True
CHE,Switzerland,European Region,2020,Blood,Salmonella,Ceftriaxone,10256,64,1,1.5625,1.5625,0.0,True
CHE,Switzerland,European Region,2020,Blood,Salmonella,Ciprofloxacin,10256,61,12,19.672131147541,19.672131147540984,1.4210854715202004e-14,True
CHE,Switzerland,European Region,2020,Blood,Salmonella,Ertapenem,10256,36,0,0.0,0.0,0.0,True
CHE,Switzerland,European Region,2020,Blood,Salmonella,Levofloxacin,10256,19,3,15.7894736842105,15.789473684210526,-2.4868995751603507e-14,True
CHE,Switzerland,European Region,2020,Blood,Salmonella,Meropenem,10256,41,0,0.0,0.0,0.0,True
CHE,Switzerland,European Region,2020,Blood,Staphylococcus aureus,Meticillin,10256,1132,58,5.12367491166078,5.123674911660777,2.6645352591003757e-15,True
CHE,Switzerland,European Region,2020,Blood,Streptococcus pneumoniae,Benzylpenicillin,10256,433,11,2.54041570438799,2.5404157043879905,-4.440892098500626e-16,True
CHE,Switzerland,European Region,2020,Blood,Streptococcus pneumoniae,Cefotaxime,10256,16,0,0.0,0.0,0.0,True
CHE,Switzerland,European Region,2020,Blood,Streptococcus pneumoniae,Ceftriaxone,10256,360,0,0.0,0.0,0.0,True
CHE,Switzerland,European Region,2020,Blood,Streptococcus pneumoniae,Oxacillin,10256,118,7,5.93220338983051,5.932203389830509,1.7763568394002505e-15,True
CHE,Switzerland,European Region,2020,Genital,Neisseria gonorrhoeae,Azithromycin,154,81,9,11.1111111111111,11.11111111111111,-1.0658141036401503e-14,True
CHE,Switzerland,European Region,2020,Genital,Neisseria gonorrhoeae,Cefixime,154,67,0,0.0,0.0,0.0,True
CHE,Switzerland,European Region,2020,Genital,Neisseria gonorrhoeae,Ceftriaxone,154,154,0,0.0,0.0,0.0,True
CHE,Switzerland,European Region,2020,Genital,Neisseria gonorrhoeae,Ciprofloxacin,154,153,77,50.3267973856209,50.326797385620914,-1.4210854715202004e-14,True
CHE,Switzerland,European Region,2020,Stool,Salmonella,Cefotaxime,482,44,0,0.0,0.0,0.0,True
CHE,Switzerland,European Region,2020,Stool,Salmonella,Ceftazidime,482,163,1,0.613496932515337,0.6134969325153374,-4.440892098500626e-16,True
CHE,Switzerland,European Region,2020,Stool,Salmonella,Ceftriaxone,482,250,0,0.0,0.0,0.0,True
CHE,Switzerland,European Region,2020,Stool,Salmonella,Ciprofloxacin,482,398,44,11.0552763819095,11.055276381909549,-4.796163466380676e-14,True
CHE,Switzerland,European Region,2020,Stool,Salmonella,Ertapenem,482,150,0,0.0,0.0,0.0,True
CHE,Switzerland,European Region,2020,Stool,Salmonella,Levofloxacin,482,81,4,4.93827160493827,4.938271604938271,-8.881784197001252e-16,True
CHE,Switzerland,European Region,2020,Stool,Salmonella,Meropenem,482,118,0,0.0,0.0,0.0,True
CHE,Switzerland,European Region,2020,Stool,Shigella,Ceftazidime,482,14,1,7.14285714285714,7.142857142857142,-2.6645352591003757e-15,True
CHE,Switzerland,European Region,2020,Stool,Shigella,Ceftriaxone,482,21,3,14.2857142857143,14.285714285714285,1.5987211554602254e-14,True
CHE,Switzerland,European Region,2020,Stool,Shigella,Ciprofloxacin,482,36,13,36.1111111111111,36.11111111111111,-7.105427357601002e-15,True
CHE,Switzerland,European Region,2020,Urine,Escherichia coli,Cefepime,153286,90939,3435,3.77725728235411,3.777257282354105,4.884981308350689e-15,True
CHE,Switzerland,European Region,2020,Urine,Escherichia coli,Cefotaxime,153286,6557,353,5.38355955467439,5.3835595546743935,-3.552713678800501e-15,True
CHE,Switzerland,European Region,2020,Urine,Escherichia coli,Ceftazidime,153286,98115,4933,5.02777353106049,5.02777353106049,0.0,True
CHE,Switzerland,European Region,2020,Urine,Escherichia coli,Ceftriaxone,153286,113291,6687,5.90249887457962,5.9024988745796225,-2.6645352591003757e-15,True
CHE,Switzerland,European Region,2020,Urine,Escherichia coli,Ciprofloxacin,153286,126546,15556,12.2927631059062,12.292763105906152,4.796163466380676e-14,True
CHE,Switzerland,European Region,2020,Urine,Escherichia coli,Colistin,153286,1834,21,1.14503816793893,1.1450381679389312,-1.1102230246251565e-15,True
CHE,Switzerland,European Region,2020,Urine,Escherichia coli,Ertapenem,153286,75131,60,0.0798605103086609,0.07986051030866088,1.3877787807814457e-17,True
CHE,Switzerland,European Region,2020,Urine,Escherichia coli,Imipenem,153286,84358,11,0.0130396642879158,0.013039664287915788,1.214306433183765e-17,True
CHE,Switzerland,European Region,2020,Urine,Escherichia coli,Levofloxacin,153286,41985,5147,12.259140169108,12.259140169108015,-1.4210854715202004e-14,True
CHE,Switzerland,European Region,2020,Urine,Escherichia coli,Meropenem,153286,64229,11,0.0171262202431923,0.017126220243192325,-2.42861286636753e-17,True
CHE,Switzerland,European Region,2020,Urine,Escherichia coli,Trimethoprim/sulfamethoxazole,153286,130377,27237,20.890954692929,20.89095469292897,3.197442310920451e-14,True
CHE,Switzerland,European Region,2020,Urine,Klebsiella pneumoniae,Cefepime,153286,14814,503,3.3954367490212,3.395436749021196,3.9968028886505635e-15,True
CHE,Switzerland,European Region,2020,Urine,Klebsiella pneumoniae,Cefotaxime,153286,1135,46,4.05286343612335,4.052863436123348,1.7763568394002505e-15,True
CHE,Switzerland,European Region,2020,Urine,Klebsiella pneumoniae,Ceftazidime,153286,15971,774,4.84628388954981,4.8462838895498095,8.881784197001252e-16,True
CHE,Switzerland,European Region,2020,Urine,Klebsiella pneumoniae,Ceftriaxone,153286,17898,844,4.71561068275785,4.71561068275785,0.0,True
CHE,Switzerland,European Region,2020,Urine,Klebsiella pneumoniae,Ciprofloxacin,153286,19556,1303,6.662916751892,6.662916751892002,-1.7763568394002505e-15,True
CHE,Switzerland,European Region,2020,Urine,Klebsiella pneumoniae,Colistin,153286,406,6,1.47783251231527,1.477832512315271,-8.881784197001252e-16,True
CHE,Switzerland,European Region,2020,Urine,Klebsiella pneumoniae,Ertapenem,153286,12061,50,0.414559323439184,0.4145593234391841,-1.1102230246251565e-16,True
CHE,Switzerland,European Region,2020,Urine,Klebsiella pneumoniae,Imipenem,153286,13315,17,0.127675553886594,0.12767555388659407,-8.326672684688674e-17,True
CHE,Switzerland,European Region,2020,Urine,Klebsiella pneumoniae,Levofloxacin,153286,6765,439,6.48928307464893,6.489283074648928,1.7763568394002505e-15,True
CHE,Switzerland,European Region,2020,Urine,Klebsiella pneumoniae,Trimethoprim/sulfamethoxazole,153286,20084,1733,8.62875921131249,8.628759211312488,1.7763568394002505e-15,True
CYP,Cyprus,European Region,2017,Blood,Escherichia coli,Tinidazole,413,156,48,30.7692307692308,30.76923076923077,2.842170943040401e-14,True
CYP,Cyprus,European Region,2017,Blood,Staphylococcus aureus,Meticillin,413,125,39,31.2,31.2,0.0,True
CYP,Cyprus,European Region,2018,Blood,Escherichia coli,Tinidazole,428,151,56,37.0860927152318,37.086092715231786,1.4210854715202004e-14,True
CYP,Cyprus,European Region,2018,Blood,Staphylococcus aureus,Meticillin,428,117,47,40.1709401709402,40.17094017094017,2.842170943040401e-14,True
CYP,Cyprus,European Region,2019,Blood,Acinetobacter,Colistin,242,29,7,24.1379310344828,24.137931034482758,4.263256414560601e-14,True
CYP,Cyprus,European Region,2019,Blood,Acinetobacter,Gentamicin,242,32,27,84.375,84.375,0.0,True
CYP,Cyprus,European Region,2019,Blood,Acinetobacter,Imipenem,242,32,28,87.5,87.5,0.0,True
CYP,Cyprus,European Region,2019,Blood,Acinetobacter,Meropenem,242,32,28,87.5,87.5,0.0,True
CYP,Cyprus,European Region,2019,Blood,Escherichia coli,Ampicillin,242,92,66,71.7391304347826,71.73913043478261,-1.4210854715202004e-14,True
CYP,Cyprus,European Region,2019,Blood,Escherichia coli,Cefotaxime,242,92,18,19.5652173913043,19.565217391304348,-4.618527782440651e-14,True
CYP,Cyprus,European Region,2019,Blood,Escherichia coli,Ceftazidime,242,91,9,9.89010989010989,9.89010989010989,0.0,True
CYP,Cyprus,European Region,2019,Blood,Escherichia coli,Ciprofloxacin,242,92,39,42.3913043478261,42.391304347826086,1.4210854715202004e-14,True
CYP,Cyprus,European Region,2019,Blood,Escherichia coli,Imipenem,242,92,0,0.0,0.0,0.0,True
CYP,Cyprus,European Region,2019,Blood,Escherichia coli,Meropenem,242,92,0,0.0,0.0,0.0,True
CYP,Cyprus,European Region,2019,Blood,Escherichia coli,Tinidazole,250,92,18,19.5652173913043,19.565217391304348,-4.618527782440651e-14,True
CYP,Cyprus,European Region,2019,Blood,Klebsiella pneumoniae,Cefepime,242,12,4,33.3333333333333,33.33333333333333,-2.842170943040401e-14,True
CYP,Cyprus,European Region,2019,Blood,Klebsiella pneumoniae,Cefotaxime,242,58,28,48.2758620689655,48.275862068965516,-1.4210854715202004e-14,True
CYP,Cyprus,European Region,2019,Blood,Klebsiella pneumoniae,Ceftazidime,242,55,23,41.8181818181818,41.81818181818181,-1.4210854715202004e-14,True
CYP,Cyprus,European Region,2019,Blood,Klebsiella pneumoniae,Ceftriaxone,242,13,6,46.1538461538462,46.15384615384615,4.973799150320701e-14,True
CYP,Cyprus,European Region,2019,Blood,Klebsiella pneumoniae,Ciprofloxacin,242,58,18,31.0344827586207,31.03448275862069,1.0658141036401503e-14,True
CYP,Cyprus,European Region,2019,Blood,Klebsiella pneumoniae,Colistin,242,14,5,35.7142857142857,35.714285714285715,-1.4210854715202004e-14,True
CYP,Cyprus,European Region,2019,Blood,Klebsiella pneumoniae,Imipenem,242,58,6,10.3448275862069,10.344827586206897,3.552713678800501e-15,True
CYP,Cyprus,European Region,2019,Blood,Klebsiella pneumoniae,Levofloxacin,242,10,4,40.0,40.0,0.0,True
CYP,Cyprus,European Region,2019,Blood,Klebsiella pneumoniae,Meropenem,242,60,7,11.6666666666667,11.666666666666666,3.375077994860476e-14,True
CYP,Cyprus,European Region,2019,Blood,Staphylococcus aureus,Cefoxitin,242,58,21,36.2068965517241,36.206896551724135,-3.552713678800501e-14,True
CYP,Cyprus,European Region,2019,Blood,Staphylococcus aureus,Meticillin,250,21,21,100.0,100.0,0.0,True
CYP,Cyprus,European Region,2019,Blood,Staphylococcus aureus,Oxacillin,242,21,21,100.0,100.0,0.0,True
CYP,Cyprus,European Region,2020,Blood,Escherichia coli,Tinidazole,739,62,32,51.6129032258064,51.61290322580645,-4.973799150320701e-14,True
CYP,Cyprus,European Region,2020,Blood,Staphylococcus aureus,Meticillin,739,210,104,49.5238095238095,49.523809523809526,-2.842170943040401e-14,True
CZE,Czechia,European Region,2017,Blood,Escherichia coli,Tinidazole,6893,3199,455,14.2231947483589,14.22319474835886,3.907985046680551e-14,True
CZE,Czechia,European Region,2017,Blood,Staphylococcus aureus,Meticillin,6893,1944,257,13.2201646090535,13.220164609053498,1.7763568394002505e-15,True
CZE,Czechia,European Region,2018,Blood,Escherichia coli,Tinidazole,7835,3641,554,15.2156001098599,15.215600109859928,-2.842170943040401e-14,True
CZE,Czechia,European Region,2018,Blood,Staphylococcus aureus,Meticillin,7835,2243,304,13.5532768613464,13.553276861346411,-1.0658141036401503e-14,True
CZE,Czechia,European Region,2019,Blood,Acinetobacter,Amikacin,7711,95,26,27.3684210526316,27.368421052631582,1.7763568394002505e-14,True
CZE,Czechia,European Region,2019,Blood,Acinetobacter,Colistin,7711,95,4,4.21052631578947,4.2105263157894735,-3.552713678800501e-15,True
CZE,Czechia,European Region,2019,Blood,Acinetobacter,Gentamicin,7711,95,31,32.6315789473684,32.631578947368425,-2.1316282072803006e-14,True
CZE,Czechia,European Region,2019,Blood,Acinetobacter,Imipenem,7711,95,29,30.5263157894737,30.526315789473685,1.4210854715202004e-14,True
CZE,Czechia,European Region,2019,Blood,Acinetobacter,Meropenem,7711,95,28,29.4736842105263,29.47368421052631,-1.0658141036401503e-14,True
CZE,Czechia,European Region,2019,Blood,Escherichia coli,Ampicillin,7711,3556,1942,54.6119235095613,54.6119235095613,0.0,True
CZE,Czechia,European Region,2019,Blood,Escherichia coli,Cefepime,7711,75,37,49.3333333333333,49.333333333333336,-3.552713678800501e-14,True
CZE,Czechia,European Region,2019,Blood,Escherichia coli,Cefotaxime,7711,3554,546,15.3629712999437,15.362971299943725,-2.4868995751603507e-14,True
CZE,Czechia,European Region,2019,Blood,Escherichia coli,Ceftazidime,7711,3557,466,13.1009277481023,13.100927748102334,-3.375077994860476e-14,True
CZE,Czechia,European Region,2019,Blood,Escherichia coli,Ciprofloxacin,7711,3554,819,23.0444569499156,23.04445694991559,1.0658141036401503e-14,True
CZE,Czechia,European Region,2019,Blood,Escherichia coli,Colistin,7711,502,8,1.59362549800797,1.593625498007968,1.9984014443252818e-15,True
CZE,Czechia,European Region,2019,Blood,Escherichia coli,Imipenem,7711,279,0,0.0,0.0,0.0,True
CZE,Czechia,European Region,2019,Blood,Escherichia coli,Meropenem,7711,1606,0,0.0,0.0,0.0,True
CZE,Czechia,European Region,2019,Blood,Escherichia coli,Tinidazole,7711,3554,546,15.3629712999437,15.362971299943725,-2.4868995751603507e-14,True
CZE,Czechia,European Region,2019,Blood,Klebsiella pneumoniae,Cefepime,7711,1231,611,49.6344435418359,49.63444354183591,-7.105427357601002e-15,True
CZE,Czechia,European Region,2019,Blood,Klebsiella pneumoniae,Cefotaxime,7711,1563,779,49.8400511836212,49.84005118362124,-4.263256414560601e-14,True
CZE,Czechia,European Region,2019,Blood,Klebsiella pneumoniae,Ceftazidime,7711,1563,779,49.8400511836212,49.84005118362124,-4.263256414560601e-14,True
CZE,Czechia,European Region,2019,Blood,Klebsiella pneumoniae,Ciprofloxacin,7711,1562,761,48.719590268886,48.719590268886044,-4.263256414560601e-14,True
CZE,Czechia,European Region,2019,Blood,Klebsiella pneumoniae,Colistin,7711,1324,45,3.3987915407855,3.3987915407854987,1.3322676295501878e-15,True
CZE,Czechia,European Region,2019,Blood,Klebsiella pneumoniae,Imipenem,7711,42,0,0.0,0.0,0.0,True
CZE,Czechia,European Region,2019,Blood,Klebsiella pneumoniae,Meropenem,7711,1309,8,0.611153552330023,0.6111535523300229,1.1102230246251565e-16,True
CZE,Czechia,European Region,2019,Blood,Staphylococcus aureus,Cefoxitin,7711,2108,264,12.5237191650854,12.523719165085389,1.0658141036401503e-14,True
CZE,Czechia,European Region,2019,Blood,Staphylococcus aureus,Meticillin,7711,2108,264,12.5237191650854,12.523719165085389,1.0658141036401503e-14,True
CZE,Czechia,European Region,2019,Blood,Staphylococcus aureus,Oxacillin,7711,1729,207,11.9722382880278,11.972238288027762,3.730349362740526e-14,True
CZE,Czechia,European Region,2019,Blood,Streptococcus pneumoniae,Benzylpenicillin,7711,371,1,0.269541778975741,0.2695417789757413,-2.7755575615628914e-16,True
CZE,Czechia,European Region,2019,Blood,Streptococcus pneumoniae,Cefotaxime,7711,371,0,0.0,0.0,0.0,True
CZE,Czechia,European Region,2019,Blood,Streptococcus pneumoniae,Oxacillin,7711,387,18,4.65116279069767,4.651162790697675,-4.440892098500626e-15,True
CZE,Czechia,European Region,2020,Blood,Escherichia coli,Tinidazole,6846,2995,392,13.0884808013356,13.088480801335558,4.085620730620576e-14,True
CZE,Czechia,European Region,2020,Blood,Staphylococcus aureus,Meticillin,6846,2089,195,9.3346098611776,9.334609861177597,3.552713678800501e-15,True
DEU,Germany,European Region,2017,Blood,Escherichia coli,Tinidazole,39144,21070,2588,12.2828666350261,12.282866635026103,-3.552713678800501e-15,True
DEU,Germany,European Region,2017,Blood,Staphylococcus aureus,Meticillin,39144,12021,1094,9.10074037101739,9.100740371017386,3.552713678800501e-15,True
DEU,Germany,European Region,2018,Blood,Escherichia coli,Tinidazole,39366,21517,2621,12.1810661337547,12.181066133754706,-7.105427357601002e-15,True
DEU,Germany,European Region,2018,Blood,Staphylococcus aureus,Meticillin,39366,11611,878,7.56179484971148,7.56179484971148,0.0,True
DEU,Germany,European Region,2019,Blood,Acinetobacter,Amikacin,41630,128,8,6.25,6.25,0.0,True
DEU,Germany,European Region,2019,Blood,Acinetobacter,Gentamicin,41630,425,14,3.29411764705882,3.294117647058824,-3.9968028886505635e-15,True
DEU,Germany,European Region,2019,Blood,Acinetobacter,Imipenem,41630,432,8,1.85185185185185,1.8518518518518516,-1.5543122344752192e-15,True
DEU,Germany,European Region,2019,Blood,Acinetobacter,Meropenem,41630,440,10,2.27272727272727,2.272727272727273,-3.1086244689504383e-15,True
DEU,Germany,European Region,2019,Blood,Escherichia coli,Ampicillin,41630,20815,10119,48.6139803026663,48.61398030266635,-4.973799150320701e-14,True
DEU,Germany,European Region,2019,Blood,Escherichia coli,Cefepime,41630,5834,674,11.5529653753857,11.55296537538567,3.019806626980426e-14,True
DEU,Germany,European Region,2019,Blood,Escherichia coli,Cefotaxime,41630,22406,2557,11.4121217531018,11.412121753101848,-4.796163466380676e-14,True
DEU,Germany,European Region,2019,Blood,Escherichia coli,Ceftazidime,41630,23012,2519,10.9464627151052,10.946462715105163,3.730349362740526e-14,True
DEU,Germany,European Region,2019,Blood,Escherichia coli,Ceftriaxone,41630,16172,1853,11.4580756863715,11.458075686371506,-7.105427357601002e-15,True
DEU,Germany,European Region,2019,Blood,Escherichia coli,Ciprofloxacin,41630,23366,4078,17.4527090644526,17.452709064452623,-2.4868995751603507e-14,True
DEU,Germany,European Region,2019,Blood,Escherichia coli,Ertapenem,41630,15279,12,0.0785391714117416,0.0785391714117416,0.0,True
DEU,Germany,European Region,2019,Blood,Escherichia coli,Imipenem,41630,22529,3,0.0133161702694305,0.013316170269430511,-1.214306433183765e-17,True
DEU,Germany,European Region,2019,Blood,Escherichia coli,Levofloxacin,41630,17829,3080,17.2752257557911,17.275225755791126,-2.4868995751603507e-14,True
DEU,Germany,European Region,2019,Blood,Escherichia coli,Meropenem,41630,23385,1,0.0042762454564892,0.004276245456489202,-1.734723475976807e-18,True
DEU,Germany,European Region,2019,Blood,Escherichia coli,Tinidazole,41630,16172,1853,11.4580756863715,11.458075686371506,-7.105427357601002e-15,True
DEU,Germany,European Region,2019,Blood,Klebsiella pneumoniae,Cefepime,41630,1043,115,11.025886864813,11.025886864813039,-3.907985046680551e-14,True
DEU,Germany,European Region,2019,Blood,Klebsiella pneumoniae,Cefotaxime,41630,4586,555,12.1020497165286,12.102049716528565,3.375077994860476e-14,True
DEU,Germany,European Region,2019,Blood,Klebsiella pneumoniae,Ceftazidime,41630,4647,558,12.0077469335055,12.007746933505487,1.2434497875801753e-14,True
DEU,Germany,European Region,2019,Blood,Klebsiella pneumoniae,Ceftriaxone,41630,3220,370,11.4906832298137,11.490683229813664,3.552713678800501e-14,True
DEU,Germany,European Region,2019,Blood,Klebsiella pneumoniae,Ciprofloxacin,41630,4714,614,13.0250318201103,13.02503182011031,-1.0658141036401503e-14,True
DEU,Germany,European Region,2019,Blood,Klebsiella pneumoniae,Ertapenem,41630,3174,54,1.70132325141777,1.7013232514177694,6.661338147750939e-16,True
DEU,Germany,European Region,2019,Blood,Klebsiella pneumoniae,Imipenem,41630,4569,43,0.941124972641716,0.9411249726417159,1.1102230246251565e-16,True
DEU,Germany,European Region,2019,Blood,Klebsiella pneumoniae,Levofloxacin,41630,3500,412,11.7714285714286,11.771428571428572,2.842170943040401e-14,True
DEU,Germany,European Region,2019,Blood,Klebsiella pneumoniae,Meropenem,41630,4717,41,0.869196523213907,0.8691965232139072,-2.220446049250313e-16,True
DEU,Germany,European Region,2019,Blood,Salmonella,Cefotaxime,41630,148,5,3.37837837837838,3.3783783783783785,1.3322676295501878e-15,True
DEU,Germany,European Region,2019,Blood,Salmonella,Ceftazidime,41630,149,5,3.35570469798658,3.3557046979865772,2.6645352591003757e-15,True
DEU,Germany,European Region,2019,Blood,Salmonella,Ceftriaxone,41630,107,5,4.67289719626168,4.672897196261682,-2.6645352591003757e-15,True
DEU,Germany,European Region,2019,Blood,Salmonella,Ciprofloxacin,41630,149,39,26.1744966442953,26.174496644295303,-3.552713678800501e-15,True
DEU,Germany,European Region,2019,Blood,Salmonella,Ertapenem,41630,104,0,0.0,0.0,0.0,True
DEU,Germany,European Region,2019,Blood,Salmonella,Imipenem,41630,147,0,0.0,0.0,0.0,True
DEU,Germany,European Region,2019,Blood,Salmonella,Levofloxacin,41630,75,16,21.3333333333333,21.333333333333336,-3.552713678800501e-14,True
DEU,Germany,European Region,2019,Blood,Salmonella,Meropenem,41630,151,0,0.0,0.0,0.0,True
DEU,Germany,European Region,2019,Blood,Staphylococcus aureus,Cefoxitin,41630,2218,135,6.08656447249775,6.086564472497746,4.440892098500626e-15,True
DEU,Germany,European Region,2019,Blood,Staphylococcus aureus,Meticillin,41630,10939,744,6.80135295730871,6.801352957308712,-1.7763568394002505e-15,True
DEU,Germany,European Region,2019,Blood,Staphylococcus aureus,Oxacillin,41630,10939,744,6.80135295730871,6.801352957308712,-1.7763568394002505e-15,True
DEU,Germany,European Region,2019,Blood,Streptococcus pneumoniae,Benzylpenicillin,41630,1962,29,1.47808358817533,1.4780835881753314,-1.3322676295501878e-15,True
DEU,Germany,European Region,2019,Blood,Streptococcus pneumoniae,Cefotaxime,41630,1708,0,0.0,0.0,0.0,True
DEU,Germany,European Region,2019,Blood,Streptococcus pneumoniae,Ceftriaxone,41630,1623,1,0.0616142945163278,0.06161429451632779,6.938893903907228e-18,True
DEU,Germany,European Region,2019,Stool,Salmonella,Cefotaxime,1610,1198,23,1.91986644407346,1.9198664440734556,4.440892098500626e-15,True
DEU,Germany,European Region,2019,Stool,Salmonella,Ceftazidime,1610,1125,19,1.68888888888889,1.6888888888888887,1.3322676295501878e-15,True
DEU,Germany,European Region,2019,Stool,Salmonella,Ceftriaxone,1610,655,11,1.6793893129771,1.6793893129770994,6.661338147750939e-16,True
DEU,Germany,European Region,2019,Stool,Salmonella,Ciprofloxacin,1610,1324,203,15.3323262839879,15.332326283987916,-1.5987211554602254e-14,True
DEU,Germany,European Region,2019,Stool,Salmonella,Ertapenem,1610,632,1,0.158227848101266,0.15822784810126583,1.6653345369377348e-16,True
DEU,Germany,European Region,2019,Stool,Salmonella,Imipenem,1610,1133,1,0.088261253309797,0.088261253309797,0.0,True
DEU,Germany,European Region,2019,Stool,Salmonella,Levofloxacin,1610,681,80,11.7474302496329,11.747430249632892,8.881784197001252e-15,True
DEU,Germany,European Region,2019,Stool,Salmonella,Meropenem,1610,1131,0,0.0,0.0,0.0,True
DEU,Germany,European Region,2019,Stool,Shigella,Cefotaxime,1610,66,15,22.7272727272727,22.727272727272727,-2.4868995751603507e-14,True
DEU,Germany,European Region,2019,Stool,Shigella,Ceftazidime,1610,59,9,15.2542372881356,15.254237288135593,7.105427357601002e-15,True
DEU,Germany,European Region,2019,Stool,Shigella,Ceftriaxone,1610,42,4,9.52380952380952,9.523809523809524,-3.552713678800501e-15,True
DEU,Germany,European Region,2019,Stool,Shigella,Ciprofloxacin,1610,76,24,31.5789473684211,31.57894736842105,4.973799150320701e-14,True
DEU,Germany,European Region,2019,Stool,Shigella,Levofloxacin,1610,63,23,36.5079365079365,36.507936507936506,-7.105427357601002e-15,True
DEU,Germany,European Region,2019,Urine,Escherichia coli,Ampicillin,416849,285218,123927,43.4499225154093,43.44992251540927,2.842170943040401e-14,True
DEU,Germany,European Region,2019,Urine,Escherichia coli,Cefepime,416849,159256,13018,8.17426031044356,8.174260310443563,-3.552713678800501e-15,True
DEU,Germany,European Region,2019,Urine,Escherichia coli,Cefotaxime,416849,303365,27221,8.97301930018295,8.973019300182948,1.7763568394002505e-15,True
DEU,Germany,European Region,2019,Urine,Escherichia coli,Ceftazidime,416849,316582,27563,8.70643308842575,8.706433088425749,1.7763568394002505e-15,True
DEU,Germany,European Region,2019,Urine,Escherichia coli,Ceftriaxone,416849,180869,17247,9.53563076038459,9.535630760384588,1.7763568394002505e-15,True
DEU,Germany,European Region,2019,Urine,Escherichia coli,Ciprofloxacin,416849,356246,54861,15.399751856863,15.399751856862952,4.796163466380676e-14,True
DEU,Germany,European Region,2019,Urine,Escherichia coli,Ertapenem,416849,188556,102,0.0540953350728696,0.0540953350728696,0.0,True
DEU,Germany,European Region,2019,Urine,Escherichia coli,Imipenem,416849,175299,37,0.0211067946765241,0.02110679467652411,-1.0408340855860843e-17,True
DEU,Germany,European Region,2019,Urine,Escherichia coli,Levofloxacin,416849,283264,41889,14.787971644826,14.787971644826028,-2.842170943040401e-14,True
DEU,Germany,European Region,2019,Urine,Escherichia coli,Meropenem,416849,327170,35,0.0106978023657426,0.010697802365742581,1.9081958235744878e-17,True
DEU,Germany,European Region,2019,Urine,Escherichia coli,Trimethoprim/sulfamethoxazole,416849,356802,75395,21.1307672042197,21.13076720421971,-7.105427357601002e-15,True
DEU,Germany,European Region,2019,Urine,Klebsiella pneumoniae,Cefepime,416849,24518,2176,8.87511216249286,8.875112162492863,-3.552713678800501e-15,True
DEU,Germany,European Region,2019,Urine,Klebsiella pneumoniae,Cefotaxime,416849,51952,5140,9.89374807514629,9.893748075146288,1.7763568394002505e-15,True
DEU,Germany,European Region,2019,Urine,Klebsiella pneumoniae,Ceftazidime,416849,53871,5358,9.94598206827421,9.94598206827421,0.0,True
DEU,Germany,European Region,2019,Urine,Klebsiella pneumoniae,Ceftriaxone,416849,32807,3465,10.5617703538879,10.561770353887889,1.0658141036401503e-14,True
DEU,Germany,European Region,2019,Urine,Klebsiella pneumoniae,Ciprofloxacin,416849,59020,6612,11.2029820399864,11.202982039986445,-4.440892098500626e-14,True
DEU,Germany,European Region,2019,Urine,Klebsiella pneumoniae,Ertapenem,416849,32703,167,0.510656514692842,0.5106565146928416,4.440892098500626e-16,True
DEU,Germany,European Region,2019,Urine,Klebsiella pneumoniae,Imipenem,416849,31940,94,0.294301815904822,0.2943018159048216,4.440892098500626e-16,True
DEU,Germany,European Region,2019,Urine,Klebsiella pneumoniae,Levofloxacin,416849,48607,4535,9.32993190281235,9.329931902812353,-3.552713678800501e-15,True
DEU,Germany,European Region,2019,Urine,Klebsiella pneumoniae,Meropenem,416849,55769,114,0.204414638957127,0.20441463895712672,2.7755575615628914e-16,True
DEU,Germany,European Region,2019,Urine,Klebsiella pneumoniae,Trimethoprim/sulfamethoxazole,416849,59040,6940,11.7547425474255,11.754742547425474,2.6645352591003757e-14,True
DEU,Germany,European Region,2020,Blood,Escherichia coli,Tinidazole,48396,19955,2035,10.1979453770985,10.197945377098472,2.842170943040401e-14,True
DEU,Germany,European Region,2020,Blood,Staphylococcus aureus,Meticillin,48396,13095,731,5.58228331424208,5.582283314242077,2.6645352591003757e-15,True
EGY,Egypt,Eastern Mediterranean Region,2017,Blood,Acinetobacter,Amikacin,102,11,9,81.8181818181818,81.81818181818183,-2.842170943040401e-14,True
EGY,Egypt,Eastern Mediterranean Region,2017,Blood,Acinetobacter,Gentamicin,102,10,8,80.0,80.0,0.0,True
EGY,Egypt,Eastern Mediterranean Region,2017,Blood,Acinetobacter,Imipenem,102,11,7,63.6363636363636,63.63636363636363,-3.552713678800501e-14,True
EGY,Egypt,Eastern Mediterranean Region,2017,Blood,Klebsiella pneumoniae,Cefepime,102,57,55,96.4912280701754,96.49122807017544,-4.263256414560601e-14,True
EGY,Egypt,Eastern Mediterranean Region,2017,Blood,Klebsiella pneumoniae,Cefotaxime,102,55,54,98.1818181818182,98.18181818181819,1.4210854715202004e-14,True
EGY,Egypt,Eastern Mediterranean Region,2017,Blood,Klebsiella pneumoniae,Ceftazidime,102,57,54,94.7368421052632,94.73684210526315,4.263256414560601e-14,True
EGY,Egypt,Eastern Mediterranean Region,2017,Blood,Klebsiella pneumoniae,Ceftriaxone,102,33,33,100.0,100.0,0.0,True
EGY,Egypt,Eastern Mediterranean Region,2017,Blood,Klebsiella pneumoniae,Ciprofloxacin,102,61,47,77.0491803278689,77.04918032786885,4.263256414560601e-14,True
EGY,Egypt,Eastern Mediterranean Region,2017,Blood,Klebsiella pneumoniae,Imipenem,102,61,40,65.5737704918033,65.57377049180327,2.842170943040401e-14,True
EGY,Egypt,Eastern Mediterranean Region,2017,Blood,Klebsiella pneumoniae,Levofloxacin,102,46,31,67.3913043478261,67.3913043478261,0.0,True
EGY,Egypt,Eastern Mediterranean Region,2017,Blood,Klebsiella pneumoniae,Meropenem,102,42,28,66.6666666666667,66.66666666666666,4.263256414560601e-14,True
EGY,Egypt,Eastern Mediterranean Region,2018,Blood,Acinetobacter,Amikacin,967,76,53,69.7368421052632,69.73684210526315,4.263256414560601e-14,True
EGY,Egypt,Eastern Mediterranean Region,2018,Blood,Acinetobacter,Gentamicin,967,76,56,73.6842105263158,73.68421052631578,1.4210854715202004e-14,True
EGY,Egypt,Eastern Mediterranean Region,2018,Blood,Acinetobacter,Imipenem,967,68,50,73.5294117647059,73.52941176470588,1.4210854715202004e-14,True
EGY,Egypt,Eastern Mediterranean Region,2018,Blood,Klebsiella pneumoniae,Cefepime,967,361,328,90.8587257617728,90.85872576177285,-4.263256414560601e-14,True
EGY,Egypt,Eastern Mediterranean Region,2018,Blood,Klebsiella pneumoniae,Cefotaxime,967,338,330,97.6331360946746,97.63313609467455,4.263256414560601e-14,True
EGY,Egypt,Eastern Mediterranean Region,2018,Blood,Klebsiella pneumoniae,Ceftazidime,967,344,332,96.5116279069768,96.51162790697676,4.263256414560601e-14,True
EGY,Egypt,Eastern Mediterranean Region,2018,Blood,Klebsiella pneumoniae,Ceftriaxone,967,235,233,99.1489361702128,99.14893617021276,4.263256414560601e-14,True
EGY,Egypt,Eastern Mediterranean Region,2018,Blood,Klebsiella pneumoniae,Ciprofloxacin,967,349,235,67.3352435530086,67.3352435530086,0.0,True
EGY,Egypt,Eastern Mediterranean Region,2018,Blood,Klebsiella pneumoniae,Imipenem,967,356,206,57.8651685393258,57.865168539325836,-3.552713678800501e-14,True
EGY,Egypt,Eastern Mediterranean Region,2018,Blood,Klebsiella pneumoniae,Levofloxacin,967,273,152,55.6776556776557,55.67765567765568,2.1316282072803006e-14,True
EGY,Egypt,Eastern Mediterranean Region,2018,Blood,Klebsiella pneumoniae,Meropenem,967,315,206,65.3968253968254,65.39682539682539,1.4210854715202004e-14,True
EGY,Egypt,Eastern Mediterranean Region,2019,Blood,Acinetobacter,Amikacin,1114,94,60,63.8297872340426,63.829787234042556,4.263256414560601e-14,True
EGY,Egypt,Eastern Mediterranean Region,2019,Blood,Acinetobacter,Colistin,1114,51,6,11.7647058823529,11.76470588235294,-4.085620730620576e-14,True
EGY,Egypt,Eastern Mediterranean Region,2019,Blood,Acinetobacter,Gentamicin,1114,94,68,72.3404255319149,72.3404255319149,0.0,True
EGY,Egypt,Eastern Mediterranean Region,2019,Blood,Acinetobacter,Imipenem,1114,93,57,61.2903225806452,61.29032258064516,4.263256414560601e-14,True
EGY,Egypt,Eastern Mediterranean Region,2019,Blood,Acinetobacter,Meropenem,1114,92,64,69.5652173913043,69.56521739130434,-4.263256414560601e-14,True
EGY,Egypt,Eastern Mediterranean Region,2019,Blood,Escherichia coli,Ampicillin,1114,31,24,77.4193548387097,77.41935483870968,1.4210854715202004e-14,True
EGY,Egypt,Eastern Mediterranean Region,2019,Blood,Escherichia coli,Cefepime,1114,63,50,79.3650793650794,79.36507936507937,2.842170943040401e-14,True
EGY,Egypt,Eastern Mediterranean Region,2019,Blood,Escherichia coli,Cefotaxime,1114,53,43,81.1320754716981,81.13207547169812,-1.4210854715202004e-14,True
EGY,Egypt,Eastern Mediterranean Region,2019,Blood,Escherichia coli,Ceftazidime,1114,58,46,79.3103448275862,79.3103448275862,0.0,True
EGY,Egypt,Eastern Mediterranean Region,2019,Blood,Escherichia coli,Ceftriaxone,1114,41,36,87.8048780487805,87.8048780487805,0.0,True
EGY,Egypt,Eastern Mediterranean Region,2019,Blood,Escherichia coli,Ciprofloxacin,1114,45,28,62.2222222222222,62.22222222222222,-2.1316282072803006e-14,True
EGY,Egypt,Eastern Mediterranean Region,2019,Blood,Escherichia coli,Colistin,1114,14,2,14.2857142857143,14.285714285714285,1.5987211554602254e-14,True
EGY,Egypt,Eastern Mediterranean Region,2019,Blood,Escherichia coli,Ertapenem,1114,12,5,41.6666666666667,41.66666666666667,2.842170943040401e-14,True
EGY,Egypt,Eastern Mediterranean Region,2019,Blood,Escherichia coli,Imipenem,1114,68,22,32.3529411764706,32.35294117647059,1.4210854715202004e-14,True
EGY,Egypt,Eastern Mediterranean Region,2019,Blood,Escherichia coli,Levofloxacin,1114,62,34,54.8387096774194,54.83870967741935,4.973799150320701e-14,True
EGY,Egypt,Eastern Mediterranean Region,2019,Blood,Escherichia coli,Meropenem,1114,64,18,28.125,28.125,0.0,True
EGY,Egypt,Eastern Mediterranean Region,2019,Blood,Klebsiella pneumoniae,Cefepime,1114,368,349,94.8369565217391,94.83695652173914,-4.263256414560601e-14,True
EGY,Egypt,Eastern Mediterranean Region,2019,Blood,Klebsiella pneumoniae,Cefotaxime,1114,385,368,95.5844155844156,95.58441558441558,1.4210854715202004e-14,True
EGY,Egypt,Eastern Mediterranean Region,2019,Blood,Klebsiella pneumoniae,Ceftazidime,1114,383,364,95.0391644908616,95.03916449086162,-2.842170943040401e-14,True
EGY,Egypt,Eastern Mediterranean Region,2019,Blood,Klebsiella pneumoniae,Ceftriaxone,1114,290,280,96.551724137931,96.55172413793103,-2.842170943040401e-14,True
EGY,Egypt,Eastern Mediterranean Region,2019,Blood,Klebsiella pneumoniae,Ciprofloxacin,1114,329,244,74.1641337386018,74.16413373860182,-1.4210854715202004e-14,True
EGY,Egypt,Eastern Mediterranean Region,2019,Blood,Klebsiella pneumoniae,Doripenem,1114,31,19,61.2903225806452,61.29032258064516,4.263256414560601e-14,True
EGY,Egypt,Eastern Mediterranean Region,2019,Blood,Klebsiella pneumoniae,Ertapenem,1114,113,88,77.8761061946903,77.87610619469027,2.842170943040401e-14,True
EGY,Egypt,Eastern Mediterranean Region,2019,Blood,Klebsiella pneumoniae,Imipenem,1114,409,237,57.9462102689486,57.94621026894865,-4.973799150320701e-14,True
EGY,Egypt,Eastern Mediterranean Region,2019,Blood,Klebsiella pneumoniae,Levofloxacin,1114,362,224,61.878453038674,61.87845303867403,-2.842170943040401e-14,True
EGY,Egypt,Eastern Mediterranean Region,2019,Blood,Klebsiella pneumoniae,Meropenem,1114,395,268,67.8481012658228,67.84810126582278,2.842170943040401e-14,True
EGY,Egypt,Eastern Mediterranean Region,2019,Blood,Staphylococcus aureus,Oxacillin,1114,49,39,79.5918367346939,79.59183673469387,2.842170943040401e-14,True
EGY,Egypt,Eastern Mediterranean Region,2019,Urine,Escherichia coli,Ampicillin,86,11,10,90.9090909090909,90.9090909090909,0.0,True
EGY,Egypt,Eastern Mediterranean Region,2019,Urine,Escherichia coli,Cefepime,86,30,25,83.3333333333333,83.33333333333334,-4.263256414560601e-14,True
EGY,Egypt,Eastern Mediterranean Region,2019,Urine,Escherichia coli,Cefotaxime,86,23,20,86.9565217391304,86.95652173913044,-4.263256414560601e-14,True
EGY,Egypt,Eastern Mediterranean Region,2019,Urine,Escherichia coli,Ceftazidime,86,28,22,78.5714285714286,78.57142857142857,2.842170943040401e-14,True
EGY,Egypt,Eastern Mediterranean Region,2019,Urine,Escherichia coli,Ceftriaxone,86,17,16,94.1176470588235,94.11764705882352,-2.842170943040401e-14,True
EGY,Egypt,Eastern Mediterranean Region,2019,Urine,Escherichia coli,Ciprofloxacin,86,27,21,77.7777777777778,77.77777777777779,1.4210854715202004e-14,True
EGY,Egypt,Eastern Mediterranean Region,2019,Urine,Escherichia coli,Imipenem,86,27,7,25.9259259259259,25.925925925925924,-2.4868995751603507e-14,True
EGY,Egypt,Eastern Mediterranean Region,2019,Urine,Escherichia coli,Levofloxacin,86,28,22,78.5714285714286,78.57142857142857,2.842170943040401e-14,True
EGY,Egypt,Eastern Mediterranean Region,2019,Urine,Escherichia coli,Meropenem,86,24,8,33.3333333333333,33.33333333333333,-2.842170943040401e-14,True
EGY,Egypt,Eastern Mediterranean Region,2019,Urine,Klebsiella pneumoniae,Cefepime,86,34,28,82.3529411764706,82.35294117647058,1.4210854715202004e-14,True
EGY,Egypt,Eastern Mediterranean Region,2019,Urine,Klebsiella pneumoniae,Cefotaxime,86,30,28,93.3333333333333,93.33333333333333,-2.842170943040401e-14,True
EGY,Egypt,Eastern Mediterranean Region,2019,Urine,Klebsiella pneumoniae,Ceftazidime,86,34,30,88.2352941176471,88.23529411764706,4.263256414560601e-14,True
EGY,Egypt,Eastern Mediterranean Region,2019,Urine,Klebsiella pneumoniae,Ceftriaxone,86,20,19,95.0,95.0,0.0,True
EGY,Egypt,Eastern Mediterranean Region,2019,Urine,Klebsiella pneumoniae,Ciprofloxacin,86,30,27,90.0,90.0,0.0,True
EGY,Egypt,Eastern Mediterranean Region,2019,Urine,Klebsiella pneumoniae,Imipenem,86,35,19,54.2857142857143,54.285714285714285,1.4210854715202004e-14,True
EGY,Egypt,Eastern Mediterranean Region,2019,Urine,Klebsiella pneumoniae,Levofloxacin,86,24,20,83.3333333333333,83.33333333333334,-4.263256414560601e-14,True
EGY,Egypt,Eastern Mediterranean Region,2019,Urine,Klebsiella pneumoniae,Meropenem,86,37,26,70.2702702702703,70.27027027027027,2.842170943040401e-14,True
EGY,Egypt,Eastern Mediterranean Region,2020,Blood,Acinetobacter,Amikacin,901,47,35,74.468085106383,74.46808510638297,2.842170943040401e-14,True
EGY,Egypt,Eastern Mediterranean Region,2020,Blood,Acinetobacter,Gentamicin,901,42,33,78.5714285714286,78.57142857142857,2.842170943040401e-14,True
EGY,Egypt,Eastern Mediterranean Region,2020,Blood,Acinetobacter,Imipenem,901,42,29,69.0476190476191,69.04761904761905,4.263256414560601e-14,True
EGY,Egypt,Eastern Mediterranean Region,2020,Blood,Klebsiella pneumoniae,Cefepime,901,225,210,93.3333333333333,93.33333333333333,-2.842170943040401e-14,True
EGY,Egypt,Eastern Mediterranean Region,2020,Blood,Klebsiella pneumoniae,Cefotaxime,901,181,174,96.1325966850829,96.13259668508287,2.842170943040401e-14,True
EGY,Egypt,Eastern Mediterranean Region,2020,Blood,Klebsiella pneumoniae,Ceftazidime,901,186,174,93.5483870967742,93.54838709677419,1.4210854715202004e-14,True
EGY,Egypt,Eastern Mediterranean Region,2020,Blood,Klebsiella pneumoniae,Ceftriaxone,901,162,155,95.679012345679,95.67901234567901,-1.4210854715202004e-14,True
EGY,Egypt,Eastern Mediterranean Region,2020,Blood,Klebsiella pneumoniae,Ciprofloxacin,901,170,140,82.3529411764706,82.35294117647058,1.4210854715202004e-14,True
EGY,Egypt,Eastern Mediterranean Region,2020,Blood,Klebsiella pneumoniae,Imipenem,901,206,138,66.9902912621359,66.99029126213593,-2.842170943040401e-14,True
EGY,Egypt,Eastern Mediterranean Region,2020,Blood,Klebsiella pneumoniae,Levofloxacin,901,188,124,65.9574468085106,65.95744680851064,-4.263256414560601e-14,True
EGY,Egypt,Eastern Mediterranean Region,2020,Blood,Klebsiella pneumoniae,Meropenem,901,174,132,75.8620689655172,75.86206896551724,-4.263256414560601e-14,True
ETH,Ethiopia,African Region,2019,Blood,Acinetobacter,Amikacin,129,10,4,40.0,40.0,0.0,True
ETH,Ethiopia,African Region,2019,Blood,Acinetobacter,Gentamicin,129,16,13,81.25,81.25,0.0,True
ETH,Ethiopia,African Region,2019,Blood,Acinetobacter,Meropenem,129,19,16,84.2105263157895,84.21052631578947,2.842170943040401e-14,True
ETH,Ethiopia,African Region,2019,Blood,Escherichia coli,Ampicillin,129,10,10,100.0,100.0,0.0,True
ETH,Ethiopia,African Region,2019,Blood,Escherichia coli,Meropenem,129,14,4,28.5714285714286,28.57142857142857,3.197442310920451e-14,True
ETH,Ethiopia,African Region,2019,Blood,Escherichia coli,Trimethoprim/sulfamethoxazole,129,15,12,80.0,80.0,0.0,True
ETH,Ethiopia,African Region,2019,Blood,Klebsiella pneumoniae,Cefepime,129,38,36,94.7368421052632,94.73684210526315,4.263256414560601e-14,True
ETH,Ethiopia,African Region,2019,Blood,Klebsiella pneumoniae,Cefotaxime,129,12,12,100.0,100.0,0.0,True
ETH,Ethiopia,African Region,2019,Blood,Klebsiella pneumoniae,Ceftazidime,129,20,19,95.0,95.0,0.0,True
ETH,Ethiopia,African Region,2019,Blood,Klebsiella pneumoniae,Ceftriaxone,129,47,46,97.8723404255319,97.87234042553192,-1.4210854715202004e-14,True
ETH,Ethiopia,African Region,2019,Blood,Klebsiella pneumoniae,Meropenem,129,77,13,16.8831168831169,16.883116883116884,1.7763568394002505e-14,True
ETH,Ethiopia,African Region,2019,Blood,Klebsiella pneumoniae,Trimethoprim/sulfamethoxazole,129,77,73,94.8051948051948,94.8051948051948,0.0,True
ETH,Ethiopia,African Region,2019,Urine,Escherichia coli,Ampicillin,449,237,221,93.2489451476793,93.24894514767934,-4.263256414560601e-14,True
ETH,Ethiopia,African Region,2019,Urine,Escherichia coli,Cefepime,449,142,71,50.0,50.0,0.0,True
ETH,Ethiopia,African Region,2019,Urine,Escherichia coli,Cefotaxime,449,88,61,69.3181818181818,69.31818181818183,-2.842170943040401e-14,True
ETH,Ethiopia,African Region,2019,Urine,Escherichia coli,Ceftazidime,449,154,75,48.7012987012987,48.701298701298704,-7.105427357601002e-15,True
ETH,Ethiopia,African Region,2019,Urine,Escherichia coli,Ceftriaxone,449,134,92,68.6567164179104,68.65671641791045,-4.263256414560601e-14,True
ETH,Ethiopia,African Region,2019,Urine,Escherichia coli,Imipenem,449,12,0,0.0,0.0,0.0,True
ETH,Ethiopia,African Region,2019,Urine,Escherichia coli,Meropenem,449,289,5,1.73010380622837,1.7301038062283738,-3.774758283725532e-15,True
ETH,Ethiopia,African Region,2019,Urine,Escherichia coli,Trimethoprim/sulfamethoxazole,449,291,238,81.786941580756,81.78694158075601,-1.4210854715202004e-14,True
ETH,Ethiopia,African Region,2019,Urine,Klebsiella pneumoniae,Cefepime,449,56,42,75.0,75.0,0.0,True
ETH,Ethiopia,African Region,2019,Urine,Klebsiella pneumoniae,Cefotaxime,449,25,22,88.0,88.0,0.0,True
ETH,Ethiopia,African Region,2019,Urine,Klebsiella pneumoniae,Ceftazidime,449,70,56,80.0,80.0,0.0,True
ETH,Ethiopia,African Region,2019,Urine,Klebsiella pneumoniae,Ceftriaxone,449,63,56,88.8888888888889,88.88888888888889,1.4210854715202004e-14,True
ETH,Ethiopia,African Region,2019,Urine,Klebsiella pneumoniae,Meropenem,449,107,26,24.2990654205607,24.299065420560748,-4.618527782440651e-14,True
ETH,Ethiopia,African Region,2019,Urine,Klebsiella pneumoniae,Trimethoprim/sulfamethoxazole,449,98,90,91.8367346938776,91.83673469387756,4.263256414560601e-14,True
FIN,Finland,European Region,2017,Blood,Escherichia coli,Tinidazole,22539,5141,337,6.55514491344096,6.555144913440965,-5.329070518200751e-15,True
FIN,Finland,European Region,2017,Blood,Staphylococcus aureus,Meticillin,22539,1701,33,1.94003527336861,1.9400352733686066,3.3306690738754696e-15,True
FIN,Finland,European Region,2017,Genital,Neisseria gonorrhoeae,Ceftriaxone,342,340,0,0.0,0.0,0.0,True
FIN,Finland,European Region,2017,Stool,Salmonella,Ceftriaxone,1181,809,14,1.73053152039555,1.73053152039555,0.0,True
FIN,Finland,European Region,2017,Stool,Salmonella,Ciprofloxacin,1181,1171,250,21.3492741246798,21.34927412467976,3.907985046680551e-14,True
FIN,Finland,European Region,2017,Stool,Salmonella,Meropenem,1181,140,0,0.0,0.0,0.0,True
FIN,Finland,European Region,2017,Urine,Escherichia coli,Ampicillin,281729,1423,382,26.8446943078004,26.84469430780042,-2.1316282072803006e-14,True
FIN,Finland,European Region,2017,Urine,Escherichia coli,Ceftazidime,281729,41941,810,1.93128442335662,1.93128442335662,0.0,True
FIN,Finland,European Region,2017,Urine,Escherichia coli,Ceftriaxone,281729,42037,1490,3.5444965149749,3.544496514974903,-2.6645352591003757e-15,True
FIN,Finland,European Region,2017,Urine,Escherichia coli,Ciprofloxacin,281729,117972,10237,8.67748279252704,8.67748279252704,0.0,True
FIN,Finland,European Region,2017,Urine,Escherichia coli,Meropenem,281729,41591,10,0.0240436632925392,0.02404366329253925,-4.85722573273506e-17,True
FIN,Finland,European Region,2017,Urine,Escherichia coli,Trimethoprim/sulfamethoxazole,281729,45323,6855,15.1247710875273,15.124771087527304,-3.552713678800501e-15,True
FIN,Finland,European Region,2017,Urine,Klebsiella pneumoniae,Ceftazidime,281729,3832,76,1.98329853862213,1.9832985386221296,4.440892098500626e-16,True
FIN,Finland,European Region,2017,Urine,Klebsiella pneumoniae,Ceftriaxone,281729,3794,87,2.29309435951502,2.2930943595150235,-3.552713678800501e-15,True
FIN,Finland,European Region,2017,Urine,Klebsiella pneumoniae,Ciprofloxacin,281729,12417,763,6.14480148183941,6.144801481839414,-3.552713678800501e-15,True
FIN,Finland,European Region,2017,Urine,Klebsiella pneumoniae,Meropenem,281729,3969,0,0.0,0.0,0.0,True
FIN,Finland,European Region,2017,Urine,Klebsiella pneumoniae,Trimethoprim/sulfamethoxazole,281729,4106,404,9.83925962006819,9.839259620068193,-1.7763568394002505e-15,True
FIN,Finland,European Region,2018,Blood,Escherichia coli,Tinidazole,8600,5020,381,7.58964143426295,7.589641434262948,2.6645352591003757e-15,True
FIN,Finland,European Region,2018,Blood,Staphylococcus aureus,Meticillin,8600,2105,42,1.99524940617577,1.9952494061757717,-1.7763568394002505e-15,True
FIN,Finland,European Region,2018,Genital,Neisseria gonorrhoeae,Ceftriaxone,125,124,0,0.0,0.0,0.0,True
FIN,Finland,European Region,2018,Stool,Salmonella,Ceftriaxone,873,492,9,1.82926829268293,1.8292682926829267,3.3306690738754696e-15,True
FIN,Finland,European Region,2018,Stool,Salmonella,Ciprofloxacin,873,388,27,6.95876288659794,6.958762886597938,1.7763568394002505e-15,True
FIN,Finland,European Region,2018,Stool,Salmonella,Meropenem,873,162,0,0.0,0.0,0.0,True
FIN,Finland,European Region,2018,Urine,Escherichia coli,Ampicillin,159588,91,91,100.0,100.0,0.0,True
FIN,Finland,European Region,2018,Urine,Escherichia coli,Ceftazidime,159588,9403,2665,28.3420185047325,28.34201850473253,-2.842170943040401e-14,True
FIN,Finland,European Region,2018,Urine,Escherichia coli,Ceftriaxone,159588,47715,4906,10.2818820077544,10.281882007754376,2.3092638912203256e-14,True
FIN,Finland,European Region,2018,Urine,Escherichia coli,Ciprofloxacin,159588,87605,7371,8.41390331602078,8.413903316020775,5.329070518200751e-15,True
FIN,Finland,European Region,2018,Urine,Escherichia coli,Meropenem,159588,9144,0,0.0,0.0,0.0,True
FIN,Finland,European Region,2018,Urine,Escherichia coli,Trimethoprim/sulfamethoxazole,159588,12244,3385,27.6461940542306,27.646194054230644,-4.263256414560601e-14,True
FIN,Finland,European Region,2018,Urine,Klebsiella pneumoniae,Ceftazidime,159588,2313,389,16.8179853004756,16.817985300475573,2.4868995751603507e-14,True
FIN,Finland,European Region,2018,Urine,Klebsiella pneumoniae,Ceftriaxone,159588,5313,508,9.56145303971391,9.561453039713909,1.7763568394002505e-15,True
FIN,Finland,European Region,2018,Urine,Klebsiella pneumoniae,Ciprofloxacin,159588,11122,546,4.90918899478511,4.909188994785111,-8.881784197001252e-16,True
FIN,Finland,European Region,2018,Urine,Klebsiella pneumoniae,Meropenem,159588,2062,4,0.193986420950533,0.19398642095053348,-4.718447854656915e-16,True
FIN,Finland,European Region,2018,Urine,Klebsiella pneumoniae,Trimethoprim/sulfamethoxazole,159588,2576,656,25.4658385093168,25.465838509316768,3.197442310920451e-14,True
FIN,Finland,European Region,2019,Blood,Acinetobacter,Meropenem,9354,50,0,0.0,0.0,0.0,True
FIN,Finland,European Region,2019,Blood,Escherichia coli,Ampicillin,9354,3174,1126,35.4757403906742,35.475740390674225,-2.842170943040401e-14,True
FIN,Finland,European Region,2019,Blood,Escherichia coli,Cefotaxime,9354,244,19,7.78688524590164,7.786885245901639,8.881784197001252e-16,True
FIN,Finland,European Region,2019,Blood,Escherichia coli,Ceftazidime,9354,5946,339,5.70131180625631,5.701311806256307,3.552713678800501e-15,True
FIN,Finland,European Region,2019,Blood,Escherichia coli,Ceftriaxone,9354,6219,473,7.60572439298923,7.605724392989227,2.6645352591003757e-15,True
FIN,Finland,European Region,2019,Blood,Escherichia coli,Ciprofloxacin,9354,4462,542,12.1470192738682,12.14701927386822,-2.1316282072803006e-14,True
FIN,Finland,European Region,2019,Blood,Escherichia coli,Ertapenem,9354,2972,11,0.370121130551817,0.37012113055181695,5.551115123125783e-17,True
FIN,Finland,European Region,2019,Blood,Escherichia coli,Imipenem,9354,275,1,0.363636363636364,0.36363636363636365,3.3306690738754696e-16,True
FIN,Finland,European Region,2019,Blood,Escherichia coli,Levofloxacin,9354,1991,193,9.69362129583124,9.69362129583124,0.0,True
FIN,Finland,European Region,2019,Blood,Escherichia coli,Meropenem,9354,6172,0,0.0,0.0,0.0,True
FIN,Finland,European Region,2019,Blood,Escherichia coli,Tinidazole,9354,244,19,7.78688524590164,7.786885245901639,8.881784197001252e-16,True
FIN,Finland,European Region,2019,Blood,Klebsiella pneumoniae,Cefotaxime,9354,28,5,17.8571428571429,17.857142857142858,4.263256414560601e-14,True
FIN,Finland,European Region,2019,Blood,Klebsiella pneumoniae,Ceftazidime,9354,913,56,6.13362541073384,6.133625410733845,-4.440892098500626e-15,True
FIN,Finland,European Region,2019,Blood,Klebsiella pneumoniae,Ceftriaxone,9354,955,60,6.282722513089,6.282722513089005,-4.440892098500626e-15,True
FIN,Finland,European Region,2019,Blood,Klebsiella pneumoniae,Ciprofloxacin,9354,723,57,7.88381742738589,7.883817427385892,-1.7763568394002505e-15,True
FIN,Finland,European Region,2019,Blood,Klebsiella pneumoniae,Ertapenem,9354,538,10,1.85873605947955,1.858736059479554,-3.9968028886505635e-15,True
FIN,Finland,European Region,2019,Blood,Klebsiella pneumoniae,Imipenem,9354,35,1,2.85714285714286,2.857142857142857,2.6645352591003757e-15,True
FIN,Finland,European Region,2019,Blood,Klebsiella pneumoniae,Levofloxacin,9354,263,21,7.98479087452472,7.984790874524715,4.440892098500626e-15,True
FIN,Finland,European Region,2019,Blood,Klebsiella pneumoniae,Meropenem,9354,945,2,0.211640211640212,0.21164021164021166,3.3306690738754696e-16,True
FIN,Finland,European Region,2019,Blood,Staphylococcus aureus,Meticillin,9354,1494,31,2.07496653279786,2.074966532797858,1.7763568394002505e-15,True
FIN,Finland,European Region,2019,Blood,Staphylococcus aureus,Oxacillin,9354,1494,31,2.07496653279786,2.074966532797858,1.7763568394002505e-15,True
FIN,Finland,European Region,2019,Blood,Streptococcus pneumoniae,Benzylpenicillin,9354,628,4,0.636942675159236,0.6369426751592357,2.220446049250313e-16,True
FIN,Finland,European Region,2019,Genital,Neisseria gonorrhoeae,Ceftriaxone,124,123,0,0.0,0.0,0.0,True
FIN,Finland,European Region,2019,Stool,Salmonella,Ceftazidime,927,114,5,4.3859649122807,4.385964912280701,-8.881784197001252e-16,True
FIN,Finland,European Region,2019,Stool,Salmonella,Ceftriaxone,927,512,11,2.1484375,2.1484375,0.0,True
FIN,Finland,European Region,2019,Stool,Salmonella,Ciprofloxacin,927,583,91,15.6089193825043,15.608919382504288,1.2434497875801753e-14,True
FIN,Finland,European Region,2019,Stool,Salmonella,Levofloxacin,927,19,0,0.0,0.0,0.0,True
FIN,Finland,European Region,2019,Stool,Salmonella,Meropenem,927,137,0,0.0,0.0,0.0,True
FIN,Finland,European Region,2019,Urine,Escherichia coli,Ampicillin,159676,123,123,100.0,100.0,0.0,True
FIN,Finland,European Region,2019,Urine,Escherichia coli,Cefotaxime,159676,336,146,43.452380952381,43.452380952380956,4.263256414560601e-14,True
FIN,Finland,European Region,2019,Urine,Escherichia coli,Ceftazidime,159676,10747,2904,27.021494370522,27.021494370522003,-3.552713678800501e-15,True
FIN,Finland,European Region,2019,Urine,Escherichia coli,Ceftriaxone,159676,47068,5312,11.2857992691425,11.285799269142517,-1.7763568394002505e-14,True
FIN,Finland,European Region,2019,Urine,Escherichia coli,Ciprofloxacin,159676,94798,7996,8.43477710500222,8.434777105002215,5.329070518200751e-15,True
FIN,Finland,European Region,2019,Urine,Escherichia coli,Ertapenem,159676,3379,37,1.09499852027227,1.0949985202722698,2.220446049250313e-16,True
FIN,Finland,European Region,2019,Urine,Escherichia coli,Imipenem,159676,294,0,0.0,0.0,0.0,True
FIN,Finland,European Region,2019,Urine,Escherichia coli,Levofloxacin,159676,5373,1138,21.179973943793,21.17997394379304,-3.907985046680551e-14,True
FIN,Finland,European Region,2019,Urine,Escherichia coli,Meropenem,159676,11546,3,0.025983024424043,0.02598302442404296,3.8163916471489756e-17,True
FIN,Finland,European Region,2019,Urine,Escherichia coli,Trimethoprim/sulfamethoxazole,159676,39235,8340,21.2565311584045,21.256531158404485,1.4210854715202004e-14,True
FIN,Finland,European Region,2019,Urine,Klebsiella pneumoniae,Cefotaxime,159676,24,19,79.1666666666667,79.16666666666666,4.263256414560601e-14,True
FIN,Finland,European Region,2019,Urine,Klebsiella pneumoniae,Ceftazidime,159676,2324,442,19.0189328743546,19.01893287435456,3.907985046680551e-14,True
FIN,Finland,European Region,2019,Urine,Klebsiella pneumoniae,Ceftriaxone,159676,5474,582,10.6320789185239,10.63207891852393,-3.019806626980426e-14,True
FIN,Finland,European Region,2019,Urine,Klebsiella pneumoniae,Ciprofloxacin,159676,10735,569,5.30041918956684,5.3004191895668376,2.6645352591003757e-15,True
FIN,Finland,European Region,2019,Urine,Klebsiella pneumoniae,Ertapenem,159676,639,27,4.22535211267606,4.225352112676056,3.552713678800501e-15,True
FIN,Finland,European Region,2019,Urine,Klebsiella pneumoniae,Imipenem,159676,45,0,0.0,0.0,0.0,True
FIN,Finland,European Region,2019,Urine,Klebsiella pneumoniae,Levofloxacin,159676,612,97,15.8496732026144,15.849673202614378,2.1316282072803006e-14,True
FIN,Finland,European Region,2019,Urine,Klebsiella pneumoniae,Meropenem,159676,2213,4,0.180750112968821,0.18075011296882063,3.608224830031759e-16,True
FIN,Finland,European Region,2019,Urine,Klebsiella pneumoniae,Trimethoprim/sulfamethoxazole,159676,4809,974,20.2536909960491,20.253690996049077,2.4868995751603507e-14,True
FIN,Finland,European Region,2020,Blood,Escherichia coli,Tinidazole,8809,6068,402,6.62491760052736,6.624917600527357,3.552713678800501e-15,True
FIN,Finland,European Region,2020,Blood,Staphylococcus aureus,Meticillin,8809,1428,17,1.19047619047619,1.1904761904761905,-4.440892098500626e-16,True
FIN,Finland,European Region,2020,Genital,Neisseria gonorrhoeae,Ceftriaxone,86,86,0,0.0,0.0,0.0,True
FIN,Finland,European Region,2020,Stool,Salmonella,Ceftriaxone,455,254,6,2.36220472440945,2.3622047244094486,1.3322676295501878e-15,True
FIN,Finland,European Region,2020,Stool,Salmonella,Ciprofloxacin,455,357,32,8.96358543417367,8.96358543417367,0.0,True
FIN,Finland,European Region,2020,Stool,Salmonella,Meropenem,455,64,2,3.125,3.125,0.0,True
FIN,Finland,European Region,2020,Urine,Escherichia coli,Ampicillin,146108,134,132,98.5074626865672,98.50746268656717,2.842170943040401e-14,True
FIN,Finland,European Region,2020,Urine,Escherichia coli,Ceftazidime,146108,8156,2892,35.4585581167239,35.45855811672388,2.1316282072803006e-14,True
FIN,Finland,European Region,2020,Urine,Escherichia coli,Ceftriaxone,146108,42718,4760,11.1428437660939,11.142843766093918,-1.7763568394002505e-14,True
FIN,Finland,European Region,2020,Urine,Escherichia coli,Ciprofloxacin,146108,93235,7594,8.14500992116694,8.145009921166944,-3.552713678800501e-15,True
FIN,Finland,European Region,2020,Urine,Escherichia coli,Meropenem,146108,11873,0,0.0,0.0,0.0,True
FIN,Finland,European Region,2020,Urine,Escherichia coli,Trimethoprim/sulfamethoxazole,146108,49166,9699,19.727047146402,19.727047146401986,1.4210854715202004e-14,True
FIN,Finland,European Region,2020,Urine,Klebsiella pneumoniae,Ceftazidime,146108,1932,425,21.9979296066253,21.99792960662526,3.907985046680551e-14,True
FIN,Finland,European Region,2020,Urine,Klebsiella pneumoniae,Ceftriaxone,146108,5097,568,11.1438100843634,11.14381008436335,4.973799150320701e-14,True
FIN,Finland,European Region,2020,Urine,Klebsiella pneumoniae,Ciprofloxacin,146108,10802,623,5.76745047213479,5.76745047213479,0.0,True
FIN,Finland,European Region,2020,Urine,Klebsiella pneumoniae,Meropenem,146108,2082,2,0.0960614793467819,0.09606147934678194,-4.163336342344337e-17,True
FIN,Finland,European Region,2020,Urine,Klebsiella pneumoniae,Trimethoprim/sulfamethoxazole,146108,6028,1197,19.8573324485733,19.857332448573324,-2.4868995751603507e-14,True
FRA,France,European Region,2017,Blood,Escherichia coli,Tinidazole,23811,13352,1365,10.2231875374476,10.223187537447572,2.842170943040401e-14,True
FRA,France,European Region,2017,Blood,Staphylococcus aureus,Meticillin,23811,6472,836,12.9171817058096,12.917181705809641,-4.085620730620576e-14,True
FRA,France,European Region,2018,Blood,Escherichia coli,Tinidazole,24089,12614,1210,9.59251625178373,9.592516251783731,-1.7763568394002505e-15,True
FRA,France,European Region,2018,Blood,Staphylococcus aureus,Meticillin,24089,6903,836,12.1106765174562,12.110676517456179,2.1316282072803006e-14,True
FRA,France,European Region,2019,Blood,Acinetobacter,Amikacin,24352,425,52,12.2352941176471,12.23529411764706,4.085620730620576e-14,True
FRA,France,European Region,2019,Blood,Acinetobacter,Colistin,24352,34,1,2.94117647058824,2.941176470588235,4.884981308350689e-15,True
FRA,France,European Region,2019,Blood,Acinetobacter,Gentamicin,24352,427,58,13.5831381733021,13.583138173302109,-8.881784197001252e-15,True
FRA,France,European Region,2019,Blood,Acinetobacter,Imipenem,24352,470,43,9.14893617021277,9.148936170212766,3.552713678800501e-15,True
FRA,France,European Region,2019,Blood,Acinetobacter,Meropenem,24352,162,22,13.5802469135802,13.580246913580247,-4.618527782440651e-14,True
FRA,France,European Region,2019,Blood,Escherichia coli,Ampicillin,24352,8469,4628,54.6463573031054,54.64635730310544,-4.263256414560601e-14,True
FRA,France,European Region,2019,Blood,Escherichia coli,Cefepime,24352,10283,621,6.03909364971312,6.039093649713119,8.881784197001252e-16,True
FRA,France,European Region,2019,Blood,Escherichia coli,Cefotaxime,24352,12093,994,8.21963119159845,8.219631191598445,5.329070518200751e-15,True
FRA,France,European Region,2019,Blood,Escherichia coli,Ceftazidime,24352,12971,805,6.2061521856449,6.206152185644901,-8.881784197001252e-16,True
FRA,France,European Region,2019,Blood,Escherichia coli,Ceftriaxone,24352,4739,430,9.07364422874024,9.07364422874024,0.0,True
FRA,France,European Region,2019,Blood,Escherichia coli,Ciprofloxacin,24352,13076,1638,12.5267665952891,12.526766595289079,2.1316282072803006e-14,True
FRA,France,European Region,2019,Blood,Escherichia coli,Colistin,24352,655,5,0.763358778625954,0.7633587786259541,-1.1102230246251565e-16,True
FRA,France,European Region,2019,Blood,Escherichia coli,Imipenem,24352,12605,6,0.0476001586671956,0.04760015866719556,4.163336342344337e-17,True
FRA,France,European Region,2019,Blood,Escherichia coli,Levofloxacin,24352,5455,689,12.6306141154904,12.630614115490376,2.4868995751603507e-14,True
FRA,France,European Region,2019,Blood,Escherichia coli,Meropenem,24352,2590,6,0.231660231660232,0.23166023166023164,3.608224830031759e-16,True
FRA,France,European Region,2019,Blood,Escherichia coli,Tinidazole,24352,4739,430,9.07364422874024,9.07364422874024,0.0,True
FRA,France,European Region,2019,Blood,Klebsiella pneumoniae,Cefepime,24352,2529,584,23.0921312771847,23.092131277184656,4.263256414560601e-14,True
FRA,France,European Region,2019,Blood,Klebsiella pneumoniae,Cefotaxime,24352,2873,793,27.6018099547511,27.601809954751133,-3.197442310920451e-14,True
FRA,France,European Region,2019,Blood,Klebsiella pneumoniae,Ceftazidime,24352,3057,835,27.3143604841348,27.314360484134774,2.4868995751603507e-14,True
FRA,France,European Region,2019,Blood,Klebsiella pneumoniae,Ceftriaxone,24352,1177,348,29.5666949872557,29.566694987255737,-3.552713678800501e-14,True
FRA,France,European Region,2019,Blood,Klebsiella pneumoniae,Ciprofloxacin,24352,3085,858,27.8119935170178,27.81199351701783,-2.842170943040401e-14,True
FRA,France,European Region,2019,Blood,Klebsiella pneumoniae,Colistin,24352,281,10,3.55871886120996,3.558718861209965,-4.884981308350689e-15,True
FRA,France,European Region,2019,Blood,Klebsiella pneumoniae,Imipenem,24352,2990,27,0.903010033444816,0.9030100334448161,-1.1102230246251565e-16,True
FRA,France,European Region,2019,Blood,Klebsiella pneumoniae,Levofloxacin,24352,1410,265,18.7943262411348,18.79432624113475,4.973799150320701e-14,True
FRA,France,European Region,2019,Blood,Klebsiella pneumoniae,Meropenem,24352,848,10,1.17924528301887,1.179245283018868,1.9984014443252818e-15,True
FRA,France,European Region,2019,Blood,Staphylococcus aureus,Cefoxitin,24352,3698,463,12.520281233099,12.520281233098974,2.6645352591003757e-14,True
FRA,France,European Region,2019,Blood,Staphylococcus aureus,Meticillin,24352,3698,463,12.520281233099,12.520281233098974,2.6645352591003757e-14,True
FRA,France,European Region,2019,Blood,Staphylococcus aureus,Oxacillin,24352,6424,747,11.6282689912827,11.62826899128269,1.0658141036401503e-14,True
FRA,France,European Region,2019,Blood,Streptococcus pneumoniae,Benzylpenicillin,24352,1264,25,1.97784810126582,1.9778481012658229,-2.886579864025407e-15,True
FRA,France,European Region,2019,Blood,Streptococcus pneumoniae,Cefotaxime,24352,1264,1,0.0791139240506329,0.07911392405063292,-1.3877787807814457e-17,True
FRA,France,European Region,2020,Blood,Escherichia coli,Tinidazole,33689,5718,596,10.4232249038125,10.423224903812523,-2.3092638912203256e-14,True
FRA,France,European Region,2020,Blood,Staphylococcus aureus,Meticillin,33689,4113,497,12.083637247751,12.083637247751033,-3.375077994860476e-14,True
GBR,United Kingdom Of Great Britain And Northern Ireland,European Region,2017,Blood,Escherichia coli,Tinidazole,49161,27925,2864,10.2560429722471,10.25604297224709,8.881784197001252e-15,True
GBR,United Kingdom Of Great Britain And Northern Ireland,European Region,2017,Blood,Staphylococcus aureus,Meticillin,49161,8883,615,6.92333671057075,6.923336710570753,-3.552713678800501e-15,True
GBR,United Kingdom Of Great Britain And Northern Ireland,European Region,2017,Urine,Escherichia coli,Ampicillin,810851,700045,361004,51.5686848702583,51.56868487025834,-3.552713678800501e-14,True
GBR,United Kingdom Of Great Britain And Northern Ireland,European Region,2017,Urine,Escherichia coli,Cefepime,810851,111988,9327,8.32857091831268,8.328570918312677,3.552713678800501e-15,True
GBR,United Kingdom Of Great Britain And Northern Ireland,European Region,2017,Urine,Escherichia coli,Cefotaxime,810851,151814,22429,14.7739997628677,14.77399976286772,-2.1316282072803006e-14,True
GBR,United Kingdom Of Great Britain And Northern Ireland,European Region,2017,Urine,Escherichia coli,Ceftazidime,810851,206155,24994,12.1238873663021,12.123887366302053,4.618527782440651e-14,True
GBR,United Kingdom Of Great Britain And Northern Ireland,European Region,2017,Urine,Escherichia coli,Ceftriaxone,810851,53249,5713,10.7288399782156,10.728839978215552,4.796163466380676e-14,True
GBR,United Kingdom Of Great Britain And Northern Ireland,European Region,2017,Urine,Escherichia coli,Ciprofloxacin,810851,767049,80686,10.5190150824784,10.519015082478433,-3.197442310920451e-14,True
GBR,United Kingdom Of Great Britain And Northern Ireland,European Region,2017,Urine,Escherichia coli,Ertapenem,810851,328193,490,0.149302392189961,0.14930239218996139,-3.885780586188048e-16,True
GBR,United Kingdom Of Great Britain And Northern Ireland,European Region,2017,Urine,Escherichia coli,Imipenem,810851,27694,39,0.140824727377771,0.14082472737777135,-3.608224830031759e-16,True
GBR,United Kingdom Of Great Britain And Northern Ireland,European Region,2017,Urine,Escherichia coli,Levofloxacin,810851,35440,3648,10.293453724605,10.293453724604966,3.375077994860476e-14,True
GBR,United Kingdom Of Great Britain And Northern Ireland,European Region,2017,Urine,Escherichia coli,Meropenem,810851,276950,130,0.0469398808449179,0.046939880844917854,4.85722573273506e-17,True
GBR,United Kingdom Of Great Britain And Northern Ireland,European Region,2017,Urine,Escherichia coli,Trimethoprim/sulfamethoxazole,810851,60381,18580,30.7712691078319,30.771269107831934,-3.552713678800501e-14,True
GBR,United Kingdom Of Great Britain And Northern Ireland,European Region,2017,Urine,Klebsiella pneumoniae,Cefepime,810851,15908,1685,10.5921548906211,10.592154890621071,2.842170943040401e-14,True
GBR,United Kingdom Of Great Britain And Northern Ireland,European Region,2017,Urine,Klebsiella pneumoniae,Cefotaxime,810851,18908,3277,17.3312883435583,17.33128834355828,1.7763568394002505e-14,True
GBR,United Kingdom Of Great Britain And Northern Ireland,European Region,2017,Urine,Klebsiella pneumoniae,Ceftazidime,810851,23336,3916,16.7809393212204,16.78093932122043,-2.842170943040401e-14,True
GBR,United Kingdom Of Great Britain And Northern Ireland,European Region,2017,Urine,Klebsiella pneumoniae,Ceftriaxone,810851,6536,926,14.1676866585067,14.167686658506732,-3.197442310920451e-14,True
GBR,United Kingdom Of Great Britain And Northern Ireland,European Region,2017,Urine,Klebsiella pneumoniae,Ciprofloxacin,810851,43787,5525,12.6179002900404,12.617900290040424,-2.4868995751603507e-14,True
GBR,United Kingdom Of Great Britain And Northern Ireland,European Region,2017,Urine,Klebsiella pneumoniae,Ertapenem,810851,30605,350,1.14360398627675,1.1436039862767522,-2.220446049250313e-15,True
GBR,United Kingdom Of Great Britain And Northern Ireland,European Region,2017,Urine,Klebsiella pneumoniae,Imipenem,810851,3697,28,0.757370841222613,0.7573708412226129,1.1102230246251565e-16,True
GBR,United Kingdom Of Great Britain And Northern Ireland,European Region,2017,Urine,Klebsiella pneumoniae,Levofloxacin,810851,3715,308,8.2907133243607,8.2907133243607,0.0,True
GBR,United Kingdom Of Great Britain And Northern Ireland,European Region,2017,Urine,Klebsiella pneumoniae,Meropenem,810851,29459,160,0.543127736854611,0.5431277368546115,-4.440892098500626e-16,True
GBR,United Kingdom Of Great Britain And Northern Ireland,European Region,2017,Urine,Klebsiella pneumoniae,Trimethoprim/sulfamethoxazole,810851,6979,2409,34.5178392319817,34.51783923198166,3.552713678800501e-14,True
GBR,United Kingdom Of Great Britain And Northern Ireland,European Region,2018,Blood,Escherichia coli,Tinidazole,50898,28676,3145,10.9673594643604,10.96735946436044,-3.907985046680551e-14,True
GBR,United Kingdom Of Great Britain And Northern Ireland,European Region,2018,Blood,Staphylococcus aureus,Meticillin,50898,9045,659,7.28579325594251,7.285793255942509,8.881784197001252e-16,True
GBR,United Kingdom Of Great Britain And Northern Ireland,European Region,2018,Urine,Escherichia coli,Ampicillin,863293,751551,380972,50.6914367754151,50.69143677541511,-1.4210854715202004e-14,True
GBR,United Kingdom Of Great Britain And Northern Ireland,European Region,2018,Urine,Escherichia coli,Cefepime,863293,109425,11118,10.1603838245374,10.160383824537353,4.618527782440651e-14,True
GBR,United Kingdom Of Great Britain And Northern Ireland,European Region,2018,Urine,Escherichia coli,Cefotaxime,863293,157062,26603,16.9378971361628,16.93789713616279,1.0658141036401503e-14,True
GBR,United Kingdom Of Great Britain And Northern Ireland,European Region,2018,Urine,Escherichia coli,Ceftazidime,863293,211356,29705,14.0544862696115,14.054486269611461,3.907985046680551e-14,True
GBR,United Kingdom Of Great Britain And Northern Ireland,European Region,2018,Urine,Escherichia coli,Ceftriaxone,863293,65248,7030,10.7742766061795,10.7742766061795,0.0,True
GBR,United Kingdom Of Great Britain And Northern Ireland,European Region,2018,Urine,Escherichia coli,Ciprofloxacin,863293,816875,89172,10.9162356541699,10.916235654169855,4.618527782440651e-14,True
GBR,United Kingdom Of Great Britain And Northern Ireland,European Region,2018,Urine,Escherichia coli,Ertapenem,863293,351561,455,0.12942277442606,0.1294227744260598,2.220446049250313e-16,True
GBR,United Kingdom Of Great Britain And Northern Ireland,European Region,2018,Urine,Escherichia coli,Imipenem,863293,35006,24,0.0685596754842027,0.0685596754842027,0.0,True
GBR,United Kingdom Of Great Britain And Northern Ireland,European Region,2018,Urine,Escherichia coli,Levofloxacin,863293,47049,5141,10.9269059916258,10.926905991625752,4.796163466380676e-14,True
GBR,United Kingdom Of Great Britain And Northern Ireland,European Region,2018,Urine,Escherichia coli,Meropenem,863293,296601,125,0.0421441599994606,0.042144159999460556,4.163336342344337e-17,True
GBR,United Kingdom Of Great Britain And Northern Ireland,European Region,2018,Urine,Escherichia coli,Trimethoprim/sulfamethoxazole,863293,70313,24328,34.5995761807916,34.5995761807916,0.0,True
GBR,United Kingdom Of Great Britain And Northern Ireland,European Region,2018,Urine,Klebsiella pneumoniae,Cefepime,863293,15128,2060,13.6171337916446,13.617133791644632,-3.197442310920451e-14,True
GBR,United Kingdom Of Great Britain And Northern Ireland,European Region,2018,Urine,Klebsiella pneumoniae,Cefotaxime,863293,19620,4106,20.927624872579,20.927624872579003,-3.552713678800501e-15,True
GBR,United Kingdom Of Great Britain And Northern Ireland,European Region,2018,Urine,Klebsiella pneumoniae,Ceftazidime,863293,24563,4870,19.8265684159101,19.82656841591011,-1.0658141036401503e-14,True
GBR,United Kingdom Of Great Britain And Northern Ireland,European Region,2018,Urine,Klebsiella pneumoniae,Ceftriaxone,863293,10285,1208,11.7452600875061,11.745260087506077,2.3092638912203256e-14,True
GBR,United Kingdom Of Great Britain And Northern Ireland,European Region,2018,Urine,Klebsiella pneumoniae,Ciprofloxacin,863293,46414,7271,15.6655319515663,15.665531951566338,-3.907985046680551e-14,True
GBR,United Kingdom Of Great Britain And Northern Ireland,European Region,2018,Urine,Klebsiella pneumoniae,Ertapenem,863293,32648,508,1.55599117863269,1.555991178632688,1.9984014443252818e-15,True
GBR,United Kingdom Of Great Britain And Northern Ireland,European Region,2018,Urine,Klebsiella pneumoniae,Imipenem,863293,4987,35,0.701824744335272,0.7018247443352718,2.220446049250313e-16,True
GBR,United Kingdom Of Great Britain And Northern Ireland,European Region,2018,Urine,Klebsiella pneumoniae,Levofloxacin,863293,5259,546,10.3822019395322,10.38220193953223,-3.019806626980426e-14,True
GBR,United Kingdom Of Great Britain And Northern Ireland,European Region,2018,Urine,Klebsiella pneumoniae,Meropenem,863293,31397,184,0.586043252540052,0.5860432525400516,3.3306690738754696e-16,True
GBR,United Kingdom Of Great Britain And Northern Ireland,European Region,2018,Urine,Klebsiella pneumoniae,Trimethoprim/sulfamethoxazole,863293,8686,3382,38.9362192033157,38.93621920331568,2.1316282072803006e-14,True
GBR,United Kingdom Of Great Britain And Northern Ireland,European Region,2019,Blood,Acinetobacter,Amikacin,39230,314,9,2.86624203821656,2.8662420382165608,-8.881784197001252e-16,True
GBR,United Kingdom Of Great Britain And Northern Ireland,European Region,2019,Blood,Acinetobacter,Gentamicin,39230,692,32,4.6242774566474,4.624277456647398,1.7763568394002505e-15,True
GBR,United Kingdom Of Great Britain And Northern Ireland,European Region,2019,Blood,Acinetobacter,Imipenem,39230,110,3,2.72727272727273,2.727272727272727,3.1086244689504383e-15,True
GBR,United Kingdom Of Great Britain And Northern Ireland,European Region,2019,Blood,Acinetobacter,Meropenem,39230,689,15,2.17706821480406,2.1770682148040637,-3.552713678800501e-15,True
GBR,United Kingdom Of Great Britain And Northern Ireland,European Region,2019,Blood,Escherichia coli,Ampicillin,39230,23155,13810,59.6415461023537,59.6415461023537,0.0,True
GBR,United Kingdom Of Great Britain And Northern Ireland,European Region,2019,Blood,Escherichia coli,Cefepime,39230,7189,805,11.1976630963973,11.197663096397275,2.4868995751603507e-14,True
GBR,United Kingdom Of Great Britain And Northern Ireland,European Region,2019,Blood,Escherichia coli,Cefotaxime,39230,16845,1898,11.2674384090234,11.267438409023448,-4.796163466380676e-14,True
GBR,United Kingdom Of Great Britain And Northern Ireland,European Region,2019,Blood,Escherichia coli,Ceftazidime,39230,22345,2459,11.0046990378161,11.004699037816067,3.197442310920451e-14,True
GBR,United Kingdom Of Great Britain And Northern Ireland,European Region,2019,Blood,Escherichia coli,Ceftriaxone,39230,7909,850,10.7472499683904,10.747249968390442,-4.085620730620576e-14,True
GBR,United Kingdom Of Great Britain And Northern Ireland,European Region,2019,Blood,Escherichia coli,Ciprofloxacin,39230,27623,4953,17.93070991565,17.93070991565,0.0,True
GBR,United Kingdom Of Great Britain And Northern Ireland,European Region,2019,Blood,Escherichia coli,Ertapenem,39230,25500,31,0.12156862745098,0.12156862745098039,-3.885780586188048e-16,True
GBR,United Kingdom Of Great Britain And Northern Ireland,European Region,2019,Blood,Escherichia coli,Imipenem,39230,3172,5,0.157629255989912,0.15762925598991173,2.7755575615628914e-16,True
GBR,United Kingdom Of Great Britain And Northern Ireland,European Region,2019,Blood,Escherichia coli,Levofloxacin,39230,2672,503,18.8248502994012,18.8248502994012,0.0,True
GBR,United Kingdom Of Great Britain And Northern Ireland,European Region,2019,Blood,Escherichia coli,Meropenem,39230,27941,10,0.0357896997244193,0.03578969972441931,-1.3877787807814457e-17,True
GBR,United Kingdom Of Great Britain And Northern Ireland,European Region,2019,Blood,Escherichia coli,Tinidazole,39230,16845,1898,11.2674384090234,11.267438409023448,-4.796163466380676e-14,True
GBR,United Kingdom Of Great Britain And Northern Ireland,European Region,2019,Blood,Klebsiella pneumoniae,Cefepime,39230,1328,165,12.4246987951807,12.424698795180724,-2.4868995751603507e-14,True
GBR,United Kingdom Of Great Britain And Northern Ireland,European Region,2019,Blood,Klebsiella pneumoniae,Cefotaxime,39230,3000,351,11.7,11.700000000000001,-1.7763568394002505e-15,True
GBR,United Kingdom Of Great Britain And Northern Ireland,European Region,2019,Blood,Klebsiella pneumoniae,Ceftazidime,39230,4133,543,13.1381563029277,13.138156302927657,4.263256414560601e-14,True
GBR,United Kingdom Of Great Britain And Northern Ireland,European Region,2019,Blood,Klebsiella pneumoniae,Ceftriaxone,39230,1427,166,11.6327960756833,11.632796075683252,4.796163466380676e-14,True
GBR,United Kingdom Of Great Britain And Northern Ireland,European Region,2019,Blood,Klebsiella pneumoniae,Ciprofloxacin,39230,5047,642,12.720427977016,12.72042797701605,-4.973799150320701e-14,True
GBR,United Kingdom Of Great Britain And Northern Ireland,European Region,2019,Blood,Klebsiella pneumoniae,Ertapenem,39230,4662,63,1.35135135135135,1.3513513513513513,-1.3322676295501878e-15,True
GBR,United Kingdom Of Great Britain And Northern Ireland,European Region,2019,Blood,Klebsiella pneumoniae,Imipenem,39230,632,7,1.10759493670886,1.1075949367088607,-6.661338147750939e-16,True
GBR,United Kingdom Of Great Britain And Northern Ireland,European Region,2019,Blood,Klebsiella pneumoniae,Levofloxacin,39230,546,70,12.8205128205128,12.82051282051282,-1.9539925233402755e-14,True
GBR,United Kingdom Of Great Britain And Northern Ireland,European Region,2019,Blood,Klebsiella pneumoniae,Meropenem,39230,5074,34,0.670082774931021,0.6700827749310209,1.1102230246251565e-16,True
GBR,United Kingdom Of Great Britain And Northern Ireland,European Region,2019,Blood,Staphylococcus aureus,Cefoxitin,39230,1932,201,10.4037267080745,10.403726708074535,-3.552713678800501e-14,True
GBR,United Kingdom Of Great Britain And Northern Ireland,European Region,2019,Blood,Staphylococcus aureus,Meticillin,39230,1932,201,10.4037267080745,10.403726708074535,-3.552713678800501e-14,True
GBR,United Kingdom Of Great Britain And Northern Ireland,European Region,2019,Blood,Streptococcus pneumoniae,Benzylpenicillin,39230,3556,48,1.34983127109111,1.3498312710911136,-3.552713678800501e-15,True
GBR,United Kingdom Of Great Britain And Northern Ireland,European Region,2019,Blood,Streptococcus pneumoniae,Cefotaxime,39230,1131,1,0.0884173297966401,0.08841732979664013,-2.7755575615628914e-17,True
GBR,United Kingdom Of Great Britain And Northern Ireland,European Region,2019,Blood,Streptococcus pneumoniae,Ceftriaxone,39230,861,2,0.232288037166086,0.23228803716608595,5.551115123125783e-17,True
GBR,United Kingdom Of Great Britain And Northern Ireland,European Region,2019,Urine,Escherichia coli,Ampicillin,880701,711243,344948,48.4993173922274,48.49931739222741,-1.4210854715202004e-14,True
GBR,United Kingdom Of Great Britain And Northern Ireland,European Region,2019,Urine,Escherichia coli,Cefepime,880701,108425,12721,11.7325340096841,11.732534009684112,-1.2434497875801753e-14,True
GBR,United Kingdom Of Great Britain And Northern Ireland,European Region,2019,Urine,Escherichia coli,Cefotaxime,880701,221371,24789,11.1979437234326,11.197943723432608,-8.881784197001252e-15,True
GBR,United Kingdom Of Great Britain And Northern Ireland,European Region,2019,Urine,Escherichia coli,Ceftazidime,880701,270461,29340,10.8481444644514,10.848144464451437,-3.730349362740526e-14,True
GBR,United Kingdom Of Great Britain And Northern Ireland,European Region,2019,Urine,Escherichia coli,Ceftriaxone,880701,87398,8730,9.98878692876267,9.988786928762671,-1.7763568394002505e-15,True
GBR,United Kingdom Of Great Britain And Northern Ireland,European Region,2019,Urine,Escherichia coli,Ciprofloxacin,880701,822931,87265,10.6041697299045,10.604169729904452,4.796163466380676e-14,True
GBR,United Kingdom Of Great Britain And Northern Ireland,European Region,2019,Urine,Escherichia coli,Ertapenem,880701,439827,630,0.143238136812883,0.14323813681288325,-2.498001805406602e-16,True
GBR,United Kingdom Of Great Britain And Northern Ireland,European Region,2019,Urine,Escherichia coli,Imipenem,880701,33716,35,0.103808280934868,0.10380828093486771,2.914335439641036e-16,True
GBR,United Kingdom Of Great Britain And Northern Ireland,European Region,2019,Urine,Escherichia coli,Levofloxacin,880701,53089,5658,10.6575750155399,10.657575015539942,-4.263256414560601e-14,True
GBR,United Kingdom Of Great Britain And Northern Ireland,European Region,2019,Urine,Escherichia coli,Meropenem,880701,397232,157,0.0395235026382567,0.039523502638256734,-3.469446951953614e-17,True
GBR,United Kingdom Of Great Britain And Northern Ireland,European Region,2019,Urine,Escherichia coli,Trimethoprim/sulfamethoxazole,880701,62651,14905,23.7905220986098,23.79052209860976,3.907985046680551e-14,True
GBR,United Kingdom Of Great Britain And Northern Ireland,European Region,2019,Urine,Klebsiella pneumoniae,Cefepime,880701,14294,2058,14.3976493633692,14.397649363369247,-4.618527782440651e-14,True
GBR,United Kingdom Of Great Britain And Northern Ireland,European Region,2019,Urine,Klebsiella pneumoniae,Cefotaxime,880701,27867,3783,13.5751964689418,13.575196468941758,4.085620730620576e-14,True
GBR,United Kingdom Of Great Britain And Northern Ireland,European Region,2019,Urine,Klebsiella pneumoniae,Ceftazidime,880701,33819,4777,14.1251958957982,14.125195895798221,-2.1316282072803006e-14,True
GBR,United Kingdom Of Great Britain And Northern Ireland,European Region,2019,Urine,Klebsiella pneumoniae,Ceftriaxone,880701,12590,1569,12.462271644162,12.462271644162033,-3.375077994860476e-14,True
GBR,United Kingdom Of Great Britain And Northern Ireland,European Region,2019,Urine,Klebsiella pneumoniae,Ciprofloxacin,880701,57770,7664,13.2664012463216,13.266401246321621,-2.1316282072803006e-14,True
GBR,United Kingdom Of Great Britain And Northern Ireland,European Region,2019,Urine,Klebsiella pneumoniae,Ertapenem,880701,44910,541,1.20463148519261,1.2046314851926074,2.6645352591003757e-15,True
GBR,United Kingdom Of Great Britain And Northern Ireland,European Region,2019,Urine,Klebsiella pneumoniae,Imipenem,880701,4240,43,1.01415094339623,1.0141509433962264,3.552713678800501e-15,True
GBR,United Kingdom Of Great Britain And Northern Ireland,European Region,2019,Urine,Klebsiella pneumoniae,Levofloxacin,880701,5896,529,8.97218453188602,8.972184531886024,-3.552713678800501e-15,True
GBR,United Kingdom Of Great Britain And Northern Ireland,European Region,2019,Urine,Klebsiella pneumoniae,Meropenem,880701,44416,191,0.430025216138329,0.4300252161383285,4.996003610813204e-16,True
GBR,United Kingdom Of Great Britain And Northern Ireland,European Region,2019,Urine,Klebsiella pneumoniae,Trimethoprim/sulfamethoxazole,880701,7927,2127,26.8323451494891,26.83234514948909,1.0658141036401503e-14,True
GBR,United Kingdom Of Great Britain And Northern Ireland,European Region,2020,Blood,Escherichia coli,Tinidazole,40326,14362,1500,10.4442278234229,10.444227823422922,-2.3092638912203256e-14,True
GBR,United Kingdom Of Great Britain And Northern Ireland,European Region,2020,Blood,Staphylococcus aureus,Meticillin,40326,1544,60,3.8860103626943,3.8860103626943006,-4.440892098500626e-16,True
GBR,United Kingdom Of Great Britain And Northern Ireland,European Region,2020,Urine,Escherichia coli,Ampicillin,651538,576712,285973,49.5867954889095,49.586795488909544,-4.263256414560601e-14,True
GBR,United Kingdom Of Great Britain And Northern Ireland,European Region,2020,Urine,Escherichia coli,Cefepime,651538,78764,8065,10.239449494693,10.239449494693007,-7.105427357601002e-15,True
GBR,United Kingdom Of Great Britain And Northern Ireland,European Region,2020,Urine,Escherichia coli,Cefotaxime,651538,176994,18116,10.2353752104591,10.235375210459113,-1.2434497875801753e-14,True
GBR,United Kingdom Of Great Britain And Northern Ireland,European Region,2020,Urine,Escherichia coli,Ceftazidime,651538,207900,20786,9.998075998076,9.998075998075997,3.552713678800501e-15,True
GBR,United Kingdom Of Great Britain And Northern Ireland,European Region,2020,Urine,Escherichia coli,Ceftriaxone,651538,64670,6260,9.67991340652544,9.679913406525436,3.552713678800501e-15,True
GBR,United Kingdom Of Great Britain And Northern Ireland,European Region,2020,Urine,Escherichia coli,Ciprofloxacin,651538,605515,66023,10.9036109757809,10.903610975780948,-4.796163466380676e-14,True
GBR,United Kingdom Of Great Britain And Northern Ireland,European Region,2020,Urine,Escherichia coli,Ertapenem,651538,339155,557,0.164231693473486,0.16423169347348557,4.440892098500626e-16,True
GBR,United Kingdom Of Great Britain And Northern Ireland,European Region,2020,Urine,Escherichia coli,Imipenem,651538,25802,35,0.135648399348888,0.13564839934888767,3.3306690738754696e-16,True
GBR,United Kingdom Of Great Britain And Northern Ireland,European Region,2020,Urine,Escherichia coli,Levofloxacin,651538,40255,4114,10.2198484660291,10.219848466029065,3.552713678800501e-14,True
GBR,United Kingdom Of Great Britain And Northern Ireland,European Region,2020,Urine,Escherichia coli,Meropenem,651538,300783,135,0.0448828557465016,0.04488285574650163,-2.7755575615628914e-17,True
GBR,United Kingdom Of Great Britain And Northern Ireland,European Region,2020,Urine,Escherichia coli,Trimethoprim/sulfamethoxazole,651538,53214,12351,23.2100575036645,23.21005750366445,4.973799150320701e-14,True
GBR,United Kingdom Of Great Britain And Northern Ireland,European Region,2020,Urine,Klebsiella pneumoniae,Cefepime,651538,12273,1612,13.1345229365273,13.134522936527338,-3.730349362740526e-14,True
GBR,United Kingdom Of Great Britain And Northern Ireland,European Region,2020,Urine,Klebsiella pneumoniae,Cefotaxime,651538,22211,2774,12.4893071000855,12.489307100085544,-4.440892098500626e-14,True
GBR,United Kingdom Of Great Britain And Northern Ireland,European Region,2020,Urine,Klebsiella pneumoniae,Ceftazidime,651538,26240,3541,13.4946646341463,13.494664634146341,-4.085620730620576e-14,True
GBR,United Kingdom Of Great Britain And Northern Ireland,European Region,2020,Urine,Klebsiella pneumoniae,Ceftriaxone,651538,9533,1150,12.0633588587014,12.063358858701353,4.796163466380676e-14,True
GBR,United Kingdom Of Great Britain And Northern Ireland,European Region,2020,Urine,Klebsiella pneumoniae,Ciprofloxacin,651538,46020,6394,13.8939591481964,13.893959148196435,-3.552713678800501e-14,True
GBR,United Kingdom Of Great Britain And Northern Ireland,European Region,2020,Urine,Klebsiella pneumoniae,Ertapenem,651538,36044,479,1.32893130618133,1.328931306181334,-3.9968028886505635e-15,True
GBR,United Kingdom Of Great Britain And Northern Ireland,European Region,2020,Urine,Klebsiella pneumoniae,Imipenem,651538,4781,23,0.48107090566827,0.48107090566827027,-2.7755575615628914e-16,True
GBR,United Kingdom Of Great Britain And Northern Ireland,European Region,2020,Urine,Klebsiella pneumoniae,Levofloxacin,651538,6202,712,11.4801676878426,11.48016768784263,-3.019806626980426e-14,True
GBR,United Kingdom Of Great Britain And Northern Ireland,European Region,2020,Urine,Klebsiella pneumoniae,Meropenem,651538,35882,128,0.356724820244134,0.35672482024413354,4.440892098500626e-16,True
GBR,United Kingdom Of Great Britain And Northern Ireland,European Region,2020,Urine,Klebsiella pneumoniae,Trimethoprim/sulfamethoxazole,651538,8177,1825,22.318698789287,22.318698789287026,-2.4868995751603507e-14,True
GEO,Georgia,European Region,2017,Blood,Acinetobacter,Amikacin,105,17,12,70.5882352941177,70.58823529411765,4.263256414560601e-14,True
GEO,Georgia,European Region,2017,Blood,Acinetobacter,Gentamicin,105,21,16,76.1904761904762,76.19047619047619,1.4210854715202004e-14,True
GEO,Georgia,European Region,2017,Blood,Acinetobacter,Imipenem,105,20,16,80.0,80.0,0.0,True
GEO,Georgia,European Region,2017,Blood,Acinetobacter,Meropenem,105,18,14,77.7777777777778,77.77777777777779,1.4210854715202004e-14,True
GEO,Georgia,European Region,2017,Blood,Escherichia coli,Cefotaxime,105,10,5,50.0,50.0,0.0,True
GEO,Georgia,European Region,2017,Blood,Escherichia coli,Ceftazidime,105,16,7,43.75,43.75,0.0,True
GEO,Georgia,European Region,2017,Blood,Escherichia coli,Ceftriaxone,105,17,8,47.0588235294118,47.05882352941176,3.552713678800501e-14,True
GEO,Georgia,European Region,2017,Blood,Escherichia coli,Ciprofloxacin,105,17,5,29.4117647058824,29.411764705882355,4.618527782440651e-14,True
GEO,Georgia,European Region,2017,Blood,Escherichia coli,Imipenem,105,15,0,0.0,0.0,0.0,True
GEO,Georgia,European Region,2017,Blood,Escherichia coli,Levofloxacin,105,11,3,27.2727272727273,27.27272727272727,2.842170943040401e-14,True
GEO,Georgia,European Region,2017,Blood,Escherichia coli,Meropenem,105,13,0,0.0,0.0,0.0,True
GEO,Georgia,European Region,2017,Blood,Escherichia coli,Tinidazole,105,10,5,50.0,50.0,0.0,True
GEO,Georgia,European Region,2017,Blood,Klebsiella pneumoniae,Cefotaxime,105,25,22,88.0,88.0,0.0,True
GEO,Georgia,European Region,2017,Blood,Klebsiella pneumoniae,Ceftazidime,105,36,32,88.8888888888889,88.88888888888889,1.4210854715202004e-14,True
GEO,Georgia,European Region,2017,Blood,Klebsiella pneumoniae,Ceftriaxone,105,35,29,82.8571428571429,82.85714285714286,4.263256414560601e-14,True
GEO,Georgia,European Region,2017,Blood,Klebsiella pneumoniae,Ciprofloxacin,105,34,20,58.8235294117647,58.82352941176471,-7.105427357601002e-15,True
GEO,Georgia,European Region,2017,Blood,Klebsiella pneumoniae,Colistin,105,19,3,15.7894736842105,15.789473684210526,-2.4868995751603507e-14,True
GEO,Georgia,European Region,2017,Blood,Klebsiella pneumoniae,Ertapenem,105,13,5,38.4615384615385,38.46153846153847,3.552713678800501e-14,True
GEO,Georgia,European Region,2017,Blood,Klebsiella pneumoniae,Imipenem,105,30,10,33.3333333333333,33.33333333333333,-2.842170943040401e-14,True
GEO,Georgia,European Region,2017,Blood,Klebsiella pneumoniae,Levofloxacin,105,25,12,48.0,48.0,0.0,True
GEO,Georgia,European Region,2017,Blood,Klebsiella pneumoniae,Meropenem,105,30,14,46.6666666666667,46.666666666666664,3.552713678800501e-14,True
GEO,Georgia,European Region,2017,Blood,Staphylococcus aureus,Meticillin,105,24,1,4.16666666666667,4.166666666666666,3.552713678800501e-15,True
GEO,Georgia,European Region,2018,Blood,Acinetobacter,Amikacin,216,28,20,71.4285714285714,71.42857142857143,-2.842170943040401e-14,True
GEO,Georgia,European Region,2018,Blood,Acinetobacter,Gentamicin,216,29,22,75.8620689655172,75.86206896551724,-4.263256414560601e-14,True
GEO,Georgia,European Region,2018,Blood,Acinetobacter,Imipenem,216,28,24,85.7142857142857,85.71428571428571,-1.4210854715202004e-14,True
GEO,Georgia,European Region,2018,Blood,Acinetobacter,Meropenem,216,24,20,83.3333333333333,83.33333333333334,-4.263256414560601e-14,True
GEO,Georgia,European Region,2018,Blood,Escherichia coli,Cefotaxime,216,48,25,52.0833333333333,52.083333333333336,-3.552713678800501e-14,True
GEO,Georgia,European Region,2018,Blood,Escherichia coli,Ceftazidime,216,50,25,50.0,50.0,0.0,True
GEO,Georgia,European Region,2018,Blood,Escherichia coli,Ceftriaxone,216,50,27,54.0,54.0,0.0,True
GEO,Georgia,European Region,2018,Blood,Escherichia coli,Ciprofloxacin,216,49,24,48.9795918367347,48.97959183673469,7.105427357601002e-15,True
GEO,Georgia,European Region,2018,Blood,Escherichia coli,Imipenem,216,48,4,8.33333333333333,8.333333333333332,-1.7763568394002505e-15,True
GEO,Georgia,European Region,2018,Blood,Escherichia coli,Levofloxacin,216,46,23,50.0,50.0,0.0,True
GEO,Georgia,European Region,2018,Blood,Escherichia coli,Meropenem,216,42,4,9.52380952380952,9.523809523809524,-3.552713678800501e-15,True
GEO,Georgia,European Region,2018,Blood,Escherichia coli,Tinidazole,216,50,27,54.0,54.0,0.0,True
GEO,Georgia,European Region,2018,Blood,Klebsiella pneumoniae,Cefotaxime,216,59,51,86.4406779661017,86.4406779661017,0.0,True
GEO,Georgia,European Region,2018,Blood,Klebsiella pneumoniae,Ceftazidime,216,71,54,76.056338028169,76.05633802816901,-1.4210854715202004e-14,True
GEO,Georgia,European Region,2018,Blood,Klebsiella pneumoniae,Ceftriaxone,216,70,59,84.2857142857143,84.28571428571429,1.4210854715202004e-14,True
GEO,Georgia,European Region,2018,Blood,Klebsiella pneumoniae,Ciprofloxacin,216,71,35,49.2957746478873,49.29577464788733,-2.842170943040401e-14,True
GEO,Georgia,European Region,2018,Blood,Klebsiella pneumoniae,Colistin,216,11,0,0.0,0.0,0.0,True
GEO,Georgia,European Region,2018,Blood,Klebsiella pneumoniae,Ertapenem,216,13,8,61.5384615384615,61.53846153846154,-4.263256414560601e-14,True
GEO,Georgia,European Region,2018,Blood,Klebsiella pneumoniae,Imipenem,216,74,20,27.027027027027,27.027027027027028,-2.842170943040401e-14,True
GEO,Georgia,European Region,2018,Blood,Klebsiella pneumoniae,Levofloxacin,216,59,34,57.6271186440678,57.6271186440678,0.0,True
GEO,Georgia,European Region,2018,Blood,Klebsiella pneumoniae,Meropenem,216,60,20,33.3333333333333,33.33333333333333,-2.842170943040401e-14,True
GEO,Georgia,European Region,2018,Blood,Staphylococcus aureus,Meticillin,216,43,5,11.6279069767442,11.627906976744185,1.4210854715202004e-14,True
GEO,Georgia,European Region,2019,Blood,Acinetobacter,Amikacin,433,38,21,55.2631578947368,55.26315789473685,-4.973799150320701e-14,True
GEO,Georgia,European Region,2019,Blood,Acinetobacter,Colistin,425,26,0,0.0,0.0,0.0,True
GEO,Georgia,European Region,2019,Blood,Acinetobacter,Gentamicin,433,82,31,37.8048780487805,37.80487804878049,1.4210854715202004e-14,True
GEO,Georgia,European Region,2019,Blood,Acinetobacter,Imipenem,433,83,62,74.6987951807229,74.69879518072288,1.4210854715202004e-14,True
GEO,Georgia,European Region,2019,Blood,Acinetobacter,Meropenem,433,82,63,76.8292682926829,76.82926829268293,-2.842170943040401e-14,True
GEO,Georgia,European Region,2019,Blood,Escherichia coli,Ampicillin,425,77,57,74.025974025974,74.02597402597402,-2.842170943040401e-14,True
GEO,Georgia,European Region,2019,Blood,Escherichia coli,Cefotaxime,433,76,43,56.578947368421,56.57894736842105,-4.973799150320701e-14,True
GEO,Georgia,European Region,2019,Blood,Escherichia coli,Ceftazidime,433,78,43,55.1282051282051,55.12820512820513,-2.842170943040401e-14,True
GEO,Georgia,European Region,2019,Blood,Escherichia coli,Ceftriaxone,433,76,42,55.2631578947368,55.26315789473685,-4.973799150320701e-14,True
GEO,Georgia,European Region,2019,Blood,Escherichia coli,Ciprofloxacin,433,78,33,42.3076923076923,42.30769230769231,-7.105427357601002e-15,True
GEO,Georgia,European Region,2019,Blood,Escherichia coli,Ertapenem,425,57,1,1.75438596491228,1.7543859649122806,-6.661338147750939e-16,True
GEO,Georgia,European Region,2019,Blood,Escherichia coli,Imipenem,433,78,6,7.69230769230769,7.6923076923076925,-2.6645352591003757e-15,True
GEO,Georgia,European Region,2019,Blood,Escherichia coli,Levofloxacin,433,18,8,44.4444444444444,44.44444444444444,-4.263256414560601e-14,True
GEO,Georgia,European Region,2019,Blood,Escherichia coli,Meropenem,433,77,6,7.79220779220779,7.792207792207792,-1.7763568394002505e-15,True
GEO,Georgia,European Region,2019,Blood,Escherichia coli,Tinidazole,433,76,43,56.578947368421,56.57894736842105,-4.973799150320701e-14,True
GEO,Georgia,European Region,2019,Blood,Klebsiella pneumoniae,Cefotaxime,433,120,92,76.6666666666667,76.66666666666667,2.842170943040401e-14,True
GEO,Georgia,European Region,2019,Blood,Klebsiella pneumoniae,Ceftazidime,433,133,102,76.6917293233083,76.69172932330827,2.842170943040401e-14,True
GEO,Georgia,European Region,2019,Blood,Klebsiella pneumoniae,Ceftriaxone,433,126,96,76.1904761904762,76.19047619047619,1.4210854715202004e-14,True
GEO,Georgia,European Region,2019,Blood,Klebsiella pneumoniae,Ciprofloxacin,433,136,68,50.0,50.0,0.0,True
GEO,Georgia,European Region,2019,Blood,Klebsiella pneumoniae,Colistin,433,13,0,0.0,0.0,0.0,True
GEO,Georgia,European Region,2019,Blood,Klebsiella pneumoniae,Ertapenem,433,99,42,42.4242424242424,42.42424242424242,-2.1316282072803006e-14,True
GEO,Georgia,European Region,2019,Blood,Klebsiella pneumoniae,Imipenem,433,134,48,35.8208955223881,35.82089552238806,4.263256414560601e-14,True
GEO,Georgia,European Region,2019,Blood,Klebsiella pneumoniae,Levofloxacin,433,38,17,44.7368421052632,44.73684210526316,4.263256414560601e-14,True
GEO,Georgia,European Region,2019,Blood,Klebsiella pneumoniae,Meropenem,433,134,48,35.8208955223881,35.82089552238806,4.263256414560601e-14,True
GEO,Georgia,European Region,2019,Blood,Klebsiella pneumoniae,Trimethoprim/sulfamethoxazole,425,12,4,33.3333333333333,33.33333333333333,-2.842170943040401e-14,True
GEO,Georgia,European Region,2019,Blood,Staphylococcus aureus,Cefoxitin,425,91,13,14.2857142857143,14.285714285714285,1.5987211554602254e-14,True
GEO,Georgia,European Region,2019,Blood,Staphylococcus aureus,Meticillin,433,35,10,28.5714285714286,28.57142857142857,3.197442310920451e-14,True
GEO,Georgia,European Region,2019,Blood,Staphylococcus aureus,Oxacillin,425,35,10,28.5714285714286,28.57142857142857,3.197442310920451e-14,True
GEO,Georgia,European Region,2020,Blood,Acinetobacter,Amikacin,741,80,50,62.5,62.5,0.0,True
GEO,Georgia,European Region,2020,Blood,Acinetobacter,Gentamicin,741,166,93,56.0240963855422,56.024096385542165,3.552713678800501e-14,True
GEO,Georgia,European Region,2020,Blood,Acinetobacter,Imipenem,741,171,115,67.2514619883041,67.2514619883041,0.0,True
GEO,Georgia,European Region,2020,Blood,Acinetobacter,Meropenem,741,172,117,68.0232558139535,68.02325581395348,1.4210854715202004e-14,True
GEO,Georgia,European Region,2020,Blood,Escherichia coli,Cefotaxime,741,126,51,40.4761904761905,40.476190476190474,2.842170943040401e-14,True
GEO,Georgia,European Region,2020,Blood,Escherichia coli,Ceftazidime,741,134,57,42.5373134328358,42.53731343283582,-2.1316282072803006e-14,True
GEO,Georgia,European Region,2020,Blood,Escherichia coli,Ceftriaxone,741,126,55,43.6507936507937,43.65079365079365,4.973799150320701e-14,True
GEO,Georgia,European Region,2020,Blood,Escherichia coli,Ciprofloxacin,741,134,59,44.0298507462687,44.02985074626866,4.263256414560601e-14,True
GEO,Georgia,European Region,2020,Blood,Escherichia coli,Imipenem,741,135,1,0.740740740740741,0.7407407407407408,2.220446049250313e-16,True
GEO,Georgia,European Region,2020,Blood,Escherichia coli,Levofloxacin,741,38,17,44.7368421052632,44.73684210526316,4.263256414560601e-14,True
GEO,Georgia,European Region,2020,Blood,Escherichia coli,Meropenem,741,134,1,0.746268656716418,0.7462686567164178,1.1102230246251565e-16,True
GEO,Georgia,European Region,2020,Blood,Escherichia coli,Tinidazole,741,126,55,43.6507936507937,43.65079365079365,4.973799150320701e-14,True
GEO,Georgia,European Region,2020,Blood,Klebsiella pneumoniae,Cefotaxime,741,191,153,80.1047120418848,80.10471204188482,-2.842170943040401e-14,True
GEO,Georgia,European Region,2020,Blood,Klebsiella pneumoniae,Ceftazidime,741,223,167,74.8878923766816,74.88789237668162,-1.4210854715202004e-14,True
GEO,Georgia,European Region,2020,Blood,Klebsiella pneumoniae,Ceftriaxone,741,219,167,76.2557077625571,76.25570776255708,1.4210854715202004e-14,True
GEO,Georgia,European Region,2020,Blood,Klebsiella pneumoniae,Ciprofloxacin,741,224,102,45.5357142857143,45.535714285714285,1.4210854715202004e-14,True
GEO,Georgia,European Region,2020,Blood,Klebsiella pneumoniae,Colistin,741,42,0,0.0,0.0,0.0,True
GEO,Georgia,European Region,2020,Blood,Klebsiella pneumoniae,Ertapenem,741,168,113,67.2619047619048,67.26190476190477,2.842170943040401e-14,True
GEO,Georgia,European Region,2020,Blood,Klebsiella pneumoniae,Imipenem,741,231,127,54.978354978355,54.97835497835498,2.1316282072803006e-14,True
GEO,Georgia,European Region,2020,Blood,Klebsiella pneumoniae,Levofloxacin,741,68,27,39.7058823529412,39.705882352941174,2.842170943040401e-14,True
GEO,Georgia,European Region,2020,Blood,Klebsiella pneumoniae,Meropenem,741,230,127,55.2173913043478,55.21739130434783,-2.842170943040401e-14,True
GEO,Georgia,European Region,2020,Blood,Staphylococcus aureus,Meticillin,741,139,28,20.1438848920863,20.14388489208633,-2.842170943040401e-14,True
GRC,Greece,European Region,2017,Blood,Escherichia coli,Tinidazole,4750,1470,269,18.2993197278912,18.299319727891156,4.263256414560601e-14,True
GRC,Greece,European Region,2017,Blood,Staphylococcus aureus,Meticillin,4750,822,316,38.4428223844282,38.44282238442822,-2.1316282072803006e-14,True
GRC,Greece,European Region,2018,Blood,Escherichia coli,Tinidazole,5044,1640,317,19.3292682926829,19.329268292682926,-2.4868995751603507e-14,True
GRC,Greece,European Region,2018,Blood,Staphylococcus aureus,Meticillin,5044,888,323,36.3738738738739,36.373873873873876,2.1316282072803006e-14,True
GRC,Greece,European Region,2019,Blood,Acinetobacter,Amikacin,5814,1030,885,85.9223300970874,85.92233009708737,2.842170943040401e-14,True
GRC,Greece,European Region,2019,Blood,Acinetobacter,Gentamicin,5814,1158,928,80.1381692573402,80.13816925734024,-4.263256414560601e-14,True
GRC,Greece,European Region,2019,Blood,Acinetobacter,Imipenem,5814,1134,1064,93.8271604938272,93.82716049382715,4.263256414560601e-14,True
GRC,Greece,European Region,2019,Blood,Acinetobacter,Meropenem,5814,1104,1031,93.3876811594203,93.38768115942028,1.4210854715202004e-14,True
GRC,Greece,European Region,2019,Blood,Escherichia coli,Ampicillin,5814,1596,903,56.578947368421,56.57894736842105,-4.973799150320701e-14,True
GRC,Greece,European Region,2019,Blood,Escherichia coli,Cefepime,5814,1467,181,12.3381049761418,12.338104976141787,1.2434497875801753e-14,True
GRC,Greece,European Region,2019,Blood,Escherichia coli,Cefotaxime,5814,1491,296,19.8524480214621,19.852448021462106,-7.105427357601002e-15,True
GRC,Greece,European Region,2019,Blood,Escherichia coli,Ceftazidime,5814,1833,258,14.0752864157119,14.075286415711949,-4.796163466380676e-14,True
GRC,Greece,European Region,2019,Blood,Escherichia coli,Ceftriaxone,5814,1077,234,21.7270194986072,21.72701949860724,-4.263256414560601e-14,True
GRC,Greece,European Region,2019,Blood,Escherichia coli,Ciprofloxacin,5814,1872,597,31.8910256410256,31.89102564102564,-3.907985046680551e-14,True
GRC,Greece,European Region,2019,Blood,Escherichia coli,Ertapenem,5814,1416,20,1.41242937853107,1.4124293785310735,-3.552713678800501e-15,True
GRC,Greece,European Region,2019,Blood,Escherichia coli,Imipenem,5814,1795,26,1.44846796657382,1.448467966573816,3.9968028886505635e-15,True
GRC,Greece,European Region,2019,Blood,Escherichia coli,Meropenem,5814,1453,23,1.58293186510668,1.5829318651066757,4.218847493575595e-15,True
GRC,Greece,European Region,2019,Blood,Escherichia coli,Tinidazole,5814,1077,234,21.7270194986072,21.72701949860724,-4.263256414560601e-14,True
GRC,Greece,European Region,2019,Blood,Escherichia coli,Trimethoprim/sulfamethoxazole,5814,1652,519,31.4164648910412,31.416464891041162,3.907985046680551e-14,True
GRC,Greece,European Region,2019,Blood,Klebsiella pneumoniae,Cefepime,5814,1354,786,58.0502215657312,58.050221565731164,3.552713678800501e-14,True
GRC,Greece,European Region,2019,Blood,Klebsiella pneumoniae,Cefotaxime,5814,1027,626,60.9542356377799,60.95423563777994,-3.552713678800501e-14,True
GRC,Greece,European Region,2019,Blood,Klebsiella pneumoniae,Ceftazidime,5814,1490,940,63.0872483221477,63.08724832214765,4.973799150320701e-14,True
GRC,Greece,European Region,2019,Blood,Klebsiella pneumoniae,Ceftriaxone,5814,1202,842,70.0499168053245,70.04991680532446,4.263256414560601e-14,True
GRC,Greece,European Region,2019,Blood,Klebsiella pneumoniae,Ciprofloxacin,5814,1503,994,66.1343978709248,66.13439787092481,-1.4210854715202004e-14,True
GRC,Greece,European Region,2019,Blood,Klebsiella pneumoniae,Ertapenem,5814,956,514,53.765690376569,53.76569037656904,-4.263256414560601e-14,True
GRC,Greece,European Region,2019,Blood,Klebsiella pneumoniae,Imipenem,5814,1463,844,57.6896787423103,57.68967874231032,-2.1316282072803006e-14,True
GRC,Greece,European Region,2019,Blood,Klebsiella pneumoniae,Meropenem,5814,1374,801,58.296943231441,58.29694323144105,-4.973799150320701e-14,True
GRC,Greece,European Region,2019,Blood,Klebsiella pneumoniae,Trimethoprim/sulfamethoxazole,5814,1310,720,54.9618320610687,54.961832061068705,-7.105427357601002e-15,True
GRC,Greece,European Region,2019,Blood,Staphylococcus aureus,Cefoxitin,5814,227,88,38.7665198237885,38.76651982378855,-4.973799150320701e-14,True
GRC,Greece,European Region,2019,Blood,Staphylococcus aureus,Meticillin,5814,1002,435,43.4131736526946,43.41317365269461,-7.105427357601002e-15,True
GRC,Greece,European Region,2019,Blood,Staphylococcus aureus,Oxacillin,5814,1002,435,43.4131736526946,43.41317365269461,-7.105427357601002e-15,True
GRC,Greece,European Region,2019,Urine,Escherichia coli,Ampicillin,27016,18372,8782,47.8010015240583,47.80100152405835,-4.973799150320701e-14,True
GRC,Greece,European Region,2019,Urine,Escherichia coli,Cefepime,27016,11124,1215,10.9223300970874,10.922330097087379,2.1316282072803006e-14,True
GRC,Greece,European Region,2019,Urine,Escherichia coli,Cefotaxime,27016,16649,2078,12.4812301039101,12.481230103910145,-4.440892098500626e-14,True
GRC,Greece,European Region,2019,Urine,Escherichia coli,Ceftazidime,27016,19258,1682,8.73403260982449,8.734032609824489,1.7763568394002505e-15,True
GRC,Greece,European Region,2019,Urine,Escherichia coli,Ceftriaxone,27016,6839,918,13.4230150606814,13.423015060681387,1.4210854715202004e-14,True
GRC,Greece,European Region,2019,Urine,Escherichia coli,Ciprofloxacin,27016,19225,4222,21.9609882964889,21.96098829648895,-4.973799150320701e-14,True
GRC,Greece,European Region,2019,Urine,Escherichia coli,Ertapenem,27016,11472,103,0.897838214783821,0.8978382147838214,-4.440892098500626e-16,True
GRC,Greece,European Region,2019,Urine,Escherichia coli,Imipenem,27016,18757,103,0.549128325425175,0.5491283254251746,3.3306690738754696e-16,True
GRC,Greece,European Region,2019,Urine,Escherichia coli,Meropenem,27016,13281,86,0.647541600783074,0.6475416007830735,4.440892098500626e-16,True
GRC,Greece,European Region,2019,Urine,Escherichia coli,Trimethoprim/sulfamethoxazole,27016,18075,4506,24.9294605809129,24.929460580912863,3.552713678800501e-14,True
GRC,Greece,European Region,2019,Urine,Klebsiella pneumoniae,Cefepime,27016,4097,1821,44.4471564559434,44.44715645594337,2.842170943040401e-14,True
GRC,Greece,European Region,2019,Urine,Klebsiella pneumoniae,Cefotaxime,27016,3901,1661,42.5788259420661,42.57882594206613,-2.842170943040401e-14,True
GRC,Greece,European Region,2019,Urine,Klebsiella pneumoniae,Ceftazidime,27016,5404,2313,42.8016284233901,42.801628423390085,1.4210854715202004e-14,True
GRC,Greece,European Region,2019,Urine,Klebsiella pneumoniae,Ceftriaxone,27016,3077,1620,52.6486837829054,52.64868378290542,-2.1316282072803006e-14,True
GRC,Greece,European Region,2019,Urine,Klebsiella pneumoniae,Ciprofloxacin,27016,5430,2738,50.4235727440147,50.423572744014734,-3.552713678800501e-14,True
GRC,Greece,European Region,2019,Urine,Klebsiella pneumoniae,Ertapenem,27016,3054,909,29.7642436149312,29.764243614931235,-3.552713678800501e-14,True
GRC,Greece,European Region,2019,Urine,Klebsiella pneumoniae,Imipenem,27016,5346,1726,32.2858211747101,32.28582117471006,4.263256414560601e-14,True
GRC,Greece,European Region,2019,Urine,Klebsiella pneumoniae,Meropenem,27016,4337,1478,34.0788563523173,34.078856352317274,2.842170943040401e-14,True
GRC,Greece,European Region,2019,Urine,Klebsiella pneumoniae,Trimethoprim/sulfamethoxazole,27016,4884,2077,42.5266175266175,42.52661752661753,-2.842170943040401e-14,True
GRC,Greece,European Region,2020,Blood,Escherichia coli,Tinidazole,2415,323,79,24.4582043343653,24.458204334365323,-2.4868995751603507e-14,True
GRC,Greece,European Region,2020,Blood,Staphylococcus aureus,Meticillin,2415,413,170,41.1622276029056,41.162227602905574,2.842170943040401e-14,True
HRV,Croatia,European Region,2017,Blood,Escherichia coli,Tinidazole,2326,1148,189,16.4634146341463,16.463414634146343,-4.263256414560601e-14,True
HRV,Croatia,European Region,2017,Blood,Staphylococcus aureus,Meticillin,2326,520,148,28.4615384615385,28.46153846153846,3.907985046680551e-14,True
HRV,Croatia,European Region,2018,Blood,Escherichia coli,Tinidazole,2296,1168,173,14.8116438356164,14.81164383561644,-4.085620730620576e-14,True
HRV,Croatia,European Region,2018,Blood,Staphylococcus aureus,Meticillin,2296,458,121,26.4192139737991,26.419213973799128,-2.842170943040401e-14,True
HRV,Croatia,European Region,2019,Blood,Acinetobacter,Amikacin,2093,139,121,87.0503597122302,87.05035971223022,-1.4210854715202004e-14,True
HRV,Croatia,European Region,2019,Blood,Acinetobacter,Colistin,2093,106,5,4.71698113207547,4.716981132075472,-1.7763568394002505e-15,True
HRV,Croatia,European Region,2019,Blood,Acinetobacter,Gentamicin,2093,140,129,92.1428571428571,92.14285714285714,-4.263256414560601e-14,True
HRV,Croatia,European Region,2019,Blood,Acinetobacter,Imipenem,2093,143,132,92.3076923076923,92.3076923076923,0.0,True
HRV,Croatia,European Region,2019,Blood,Acinetobacter,Meropenem,2093,143,132,92.3076923076923,92.3076923076923,0.0,True
HRV,Croatia,European Region,2019,Blood,Escherichia coli,Ampicillin,2093,1096,627,57.2080291970803,57.20802919708029,7.105427357601002e-15,True
HRV,Croatia,European Region,2019,Blood,Escherichia coli,Cefotaxime,2093,287,40,13.9372822299652,13.937282229965156,4.440892098500626e-14,True
HRV,Croatia,European Region,2019,Blood,Escherichia coli,Ceftazidime,2093,1074,153,14.2458100558659,14.24581005586592,-1.9539925233402755e-14,True
HRV,Croatia,European Region,2019,Blood,Escherichia coli,Ceftriaxone,2093,1078,168,15.5844155844156,15.584415584415584,1.5987211554602254e-14,True
HRV,Croatia,European Region,2019,Blood,Escherichia coli,Ciprofloxacin,2093,1105,300,27.1493212669683,27.149321266968325,-2.4868995751603507e-14,True
HRV,Croatia,European Region,2019,Blood,Escherichia coli,Imipenem,2093,1090,2,0.18348623853211,0.1834862385321101,-1.1102230246251565e-16,True
HRV,Croatia,European Region,2019,Blood,Escherichia coli,Levofloxacin,2093,386,87,22.5388601036269,22.53886010362694,-4.263256414560601e-14,True
HRV,Croatia,European Region,2019,Blood,Escherichia coli,Meropenem,2093,1083,0,0.0,0.0,0.0,True
HRV,Croatia,European Region,2019,Blood,Escherichia coli,Tinidazole,2093,1078,168,15.5844155844156,15.584415584415584,1.5987211554602254e-14,True
HRV,Croatia,European Region,2019,Blood,Klebsiella pneumoniae,Cefotaxime,2093,80,44,55.0,55.00000000000001,-7.105427357601002e-15,True
HRV,Croatia,European Region,2019,Blood,Klebsiella pneumoniae,Ceftazidime,2093,316,159,50.3164556962025,50.31645569620253,-2.842170943040401e-14,True
HRV,Croatia,European Region,2019,Blood,Klebsiella pneumoniae,Ceftriaxone,2093,316,165,52.2151898734177,52.21518987341772,-2.1316282072803006e-14,True
HRV,Croatia,European Region,2019,Blood,Klebsiella pneumoniae,Ciprofloxacin,2093,318,184,57.8616352201258,57.861635220125784,1.4210854715202004e-14,True
HRV,Croatia,European Region,2019,Blood,Klebsiella pneumoniae,Imipenem,2093,325,31,9.53846153846154,9.538461538461538,1.7763568394002505e-15,True
HRV,Croatia,European Region,2019,Blood,Klebsiella pneumoniae,Levofloxacin,2093,110,59,53.6363636363636,53.63636363636364,-4.263256414560601e-14,True
HRV,Croatia,European Region,2019,Blood,Klebsiella pneumoniae,Meropenem,2093,325,38,11.6923076923077,11.692307692307692,8.881784197001252e-15,True
HRV,Croatia,European Region,2019,Blood,Staphylococcus aureus,Cefoxitin,2093,358,89,24.8603351955307,24.860335195530723,-2.4868995751603507e-14,True
HRV,Croatia,European Region,2019,Blood,Staphylococcus aureus,Meticillin,2093,358,89,24.8603351955307,24.860335195530723,-2.4868995751603507e-14,True
HRV,Croatia,European Region,2019,Blood,Staphylococcus aureus,Oxacillin,2093,29,6,20.6896551724138,20.689655172413794,7.105427357601002e-15,True
HRV,Croatia,European Region,2019,Blood,Streptococcus pneumoniae,Benzylpenicillin,2093,114,3,2.63157894736842,2.631578947368421,-8.881784197001252e-16,True
HRV,Croatia,European Region,2019,Blood,Streptococcus pneumoniae,Ceftriaxone,2093,114,0,0.0,0.0,0.0,True
HRV,Croatia,European Region,2019,Blood,Streptococcus pneumoniae,Oxacillin,2093,153,33,21.5686274509804,21.568627450980394,7.105427357601002e-15,True
HRV,Croatia,European Region,2019,Stool,Salmonella,Ceftazidime,475,455,1,0.21978021978022,0.21978021978021978,2.220446049250313e-16,True
HRV,Croatia,European Region,2019,Stool,Salmonella,Ceftriaxone,475,455,1,0.21978021978022,0.21978021978021978,2.220446049250313e-16,True
HRV,Croatia,European Region,2019,Stool,Salmonella,Ciprofloxacin,475,455,24,5.27472527472527,5.274725274725275,-4.440892098500626e-15,True
HRV,Croatia,European Region,2019,Stool,Shigella,Ceftazidime,475,20,0,0.0,0.0,0.0,True
HRV,Croatia,European Region,2019,Stool,Shigella,Ceftriaxone,475,20,0,0.0,0.0,0.0,True
HRV,Croatia,European Region,2019,Stool,Shigella,Ciprofloxacin,475,20,8,40.0,40.0,0.0,True
HRV,Croatia,European Region,2020,Blood,Escherichia coli,Tinidazole,1800,159,29,18.2389937106918,18.238993710691823,-2.1316282072803006e-14,True
HRV,Croatia,European Region,2020,Blood,Staphylococcus aureus,Meticillin,1800,20,10,50.0,50.0,0.0,True
IDN,Indonesia,South-East Asia Region,2019,Blood,Acinetobacter,Amikacin,2314,305,98,32.1311475409836,32.131147540983605,-7.105427357601002e-15,True
IDN,Indonesia,South-East Asia Region,2019,Blood,Acinetobacter,Doripenem,2314,19,17,89.4736842105263,89.47368421052632,-1.4210854715202004e-14,True
IDN,Indonesia,South-East Asia Region,2019,Blood,Acinetobacter,Gentamicin,2314,315,184,58.4126984126984,58.41269841269842,-2.1316282072803006e-14,True
IDN,Indonesia,South-East Asia Region,2019,Blood,Acinetobacter,Imipenem,2314,53,37,69.811320754717,69.81132075471697,2.842170943040401e-14,True
IDN,Indonesia,South-East Asia Region,2019,Blood,Acinetobacter,Meropenem,2314,299,153,51.1705685618729,51.17056856187291,-1.4210854715202004e-14,True
IDN,Indonesia,South-East Asia Region,2019,Blood,Acinetobacter,Tigecycline,2314,223,10,4.48430493273543,4.484304932735426,4.440892098500626e-15,True
IDN,Indonesia,South-East Asia Region,2019,Blood,Escherichia coli,Ampicillin,2314,477,443,92.8721174004193,92.87211740041928,1.4210854715202004e-14,True
IDN,Indonesia,South-East Asia Region,2019,Blood,Escherichia coli,Cefepime,2314,492,177,35.9756097560976,35.97560975609756,3.552713678800501e-14,True
IDN,Indonesia,South-East Asia Region,2019,Blood,Escherichia coli,Cefotaxime,2314,221,143,64.7058823529412,64.70588235294117,2.842170943040401e-14,True
IDN,Indonesia,South-East Asia Region,2019,Blood,Escherichia coli,Ceftazidime,2314,583,298,51.114922813036,51.114922813036024,-2.1316282072803006e-14,True
IDN,Indonesia,South-East Asia Region,2019,Blood,Escherichia coli,Ceftriaxone,2314,576,404,70.1388888888889,70.13888888888889,1.4210854715202004e-14,True
IDN,Indonesia,South-East Asia Region,2019,Blood,Escherichia coli,Ciprofloxacin,2314,553,381,68.8969258589512,68.89692585895118,2.842170943040401e-14,True
IDN,Indonesia,South-East Asia Region,2019,Blood,Escherichia coli,Doripenem,2314,13,2,15.3846153846154,15.384615384615385,1.4210854715202004e-14,True
IDN,Indonesia,South-East Asia Region,2019,Blood,Escherichia coli,Ertapenem,2314,474,10,2.10970464135021,2.109704641350211,-8.881784197001252e-16,True
IDN,Indonesia,South-East Asia Region,2019,Blood,Escherichia coli,Imipenem,2314,59,2,3.38983050847458,3.389830508474576,3.9968028886505635e-15,True
IDN,Indonesia,South-East Asia Region,2019,Blood,Escherichia coli,Levofloxacin,2314,151,98,64.9006622516556,64.90066225165563,-2.842170943040401e-14,True
IDN,Indonesia,South-East Asia Region,2019,Blood,Escherichia coli,Meropenem,2314,576,25,4.34027777777778,4.340277777777778,2.6645352591003757e-15,True
IDN,Indonesia,South-East Asia Region,2019,Blood,Escherichia coli,Trimethoprim/sulfamethoxazole,2314,424,260,61.3207547169811,61.32075471698113,-2.842170943040401e-14,True
IDN,Indonesia,South-East Asia Region,2019,Blood,Klebsiella pneumoniae,Cefepime,2314,549,256,46.6302367941712,46.63023679417122,-1.4210854715202004e-14,True
IDN,Indonesia,South-East Asia Region,2019,Blood,Klebsiella pneumoniae,Cefotaxime,2314,283,223,78.7985865724382,78.79858657243817,2.842170943040401e-14,True
IDN,Indonesia,South-East Asia Region,2019,Blood,Klebsiella pneumoniae,Ceftazidime,2314,656,451,68.75,68.75,0.0,True
IDN,Indonesia,South-East Asia Region,2019,Blood,Klebsiella pneumoniae,Ceftriaxone,2314,643,508,79.00466562986,79.00466562986003,-2.842170943040401e-14,True
IDN,Indonesia,South-East Asia Region,2019,Blood,Klebsiella pneumoniae,Ciprofloxacin,2314,614,357,58.14332247557,58.14332247557004,-3.552713678800501e-14,True
IDN,Indonesia,South-East Asia Region,2019,Blood,Klebsiella pneumoniae,Colistin,2314,17,0,0.0,0.0,0.0,True
IDN,Indonesia,South-East Asia Region,2019,Blood,Klebsiella pneumoniae,Doripenem,2314,62,9,14.5161290322581,14.516129032258066,3.375077994860476e-14,True
IDN,Indonesia,South-East Asia Region,2019,Blood,Klebsiella pneumoniae,Ertapenem,2314,460,78,16.9565217391304,16.956521739130434,-3.197442310920451e-14,True
IDN,Indonesia,South-East Asia Region,2019,Blood,Klebsiella pneumoniae,Imipenem,2314,137,19,13.8686131386861,13.86861313868613,-3.019806626980426e-14,True
IDN,Indonesia,South-East Asia Region,2019,Blood,Klebsiella pneumoniae,Levofloxacin,2314,244,93,38.1147540983607,38.114754098360656,4.263256414560601e-14,True
IDN,Indonesia,South-East Asia Region,2019,Blood,Klebsiella pneumoniae,Meropenem,2314,648,96,14.8148148148148,14.814814814814813,-1.2434497875801753e-14,True
IDN,Indonesia,South-East Asia Region,2019,Blood,Klebsiella pneumoniae,Trimethoprim/sulfamethoxazole,2314,497,303,60.9657947686117,60.96579476861167,2.842170943040401e-14,True
IDN,Indonesia,South-East Asia Region,2019,Blood,Salmonella,Cefotaxime,2314,52,8,15.3846153846154,15.384615384615385,1.4210854715202004e-14,True
IDN,Indonesia,South-East Asia Region,2019,Blood,Salmonella,Ceftazidime,2314,92,20,21.7391304347826,21.73913043478261,-1.0658141036401503e-14,True
IDN,Indonesia,South-East Asia Region,2019,Blood,Salmonella,Ceftriaxone,2314,91,19,20.8791208791209,20.87912087912088,2.1316282072803006e-14,True
IDN,Indonesia,South-East Asia Region,2019,Blood,Salmonella,Ciprofloxacin,2314,86,9,10.4651162790698,10.465116279069768,3.197442310920451e-14,True
IDN,Indonesia,South-East Asia Region,2019,Blood,Salmonella,Ertapenem,2314,80,1,1.25,1.25,0.0,True
IDN,Indonesia,South-East Asia Region,2019,Blood,Salmonella,Meropenem,2314,90,1,1.11111111111111,1.1111111111111112,-1.1102230246251565e-15,True
IDN,Indonesia,South-East Asia Region,2019,Blood,Staphylococcus aureus,Cefoxitin,2314,383,140,36.5535248041775,36.55352480417754,-4.263256414560601e-14,True
IDN,Indonesia,South-East Asia Region,2019,Blood,Staphylococcus aureus,Oxacillin,2314,404,161,39.8514851485149,39.851485148514854,4.263256414560601e-14,True
IDN,Indonesia,South-East Asia Region,2019,Blood,Streptococcus pneumoniae,Benzylpenicillin,2314,10,2,20.0,20.0,0.0,True
IDN,Indonesia,South-East Asia Region,2019,Blood,Streptococcus pneumoniae,Ceftriaxone,2314,10,0,0.0,0.0,0.0,True
IDN,Indonesia,South-East Asia Region,2019,Blood,Streptococcus pneumoniae,Trimethoprim/sulfamethoxazole,2314,10,2,20.0,20.0,0.0,True
IDN,Indonesia,South-East Asia Region,2019,Urine,Escherichia coli,Ampicillin,3383,1848,1677,90.7467532467532,90.74675324675324,-4.263256414560601e-14,True
IDN,Indonesia,South-East Asia Region,2019,Urine,Escherichia coli,Cefepime,3383,1600,703,43.9375,43.9375,0.0,True
IDN,Indonesia,South-East Asia Region,2019,Urine,Escherichia coli,Cefotaxime,3383,822,546,66.4233576642336,66.42335766423358,2.842170943040401e-14,True
IDN,Indonesia,South-East Asia Region,2019,Urine,Escherichia coli,Ceftazidime,3383,2115,1134,53.6170212765957,53.61702127659574,-4.263256414560601e-14,True
IDN,Indonesia,South-East Asia Region,2019,Urine,Escherichia coli,Ceftriaxone,3383,2122,1508,71.0650329877474,71.06503298774741,-1.4210854715202004e-14,True
IDN,Indonesia,South-East Asia Region,2019,Urine,Escherichia coli,Ciprofloxacin,3383,2008,1473,73.3565737051793,73.35657370517929,1.4210854715202004e-14,True
IDN,Indonesia,South-East Asia Region,2019,Urine,Escherichia coli,Colistin,3383,18,5,27.7777777777778,27.77777777777778,2.1316282072803006e-14,True
IDN,Indonesia,South-East Asia Region,2019,Urine,Escherichia coli,Ertapenem,3383,1797,41,2.28158041179744,2.2815804117974405,-4.440892098500626e-16,True
IDN,Indonesia,South-East Asia Region,2019,Urine,Escherichia coli,Imipenem,3383,144,3,2.08333333333333,2.083333333333333,-3.1086244689504383e-15,True
IDN,Indonesia,South-East Asia Region,2019,Urine,Escherichia coli,Levofloxacin,3383,522,367,70.3065134099617,70.3065134099617,0.0,True
IDN,Indonesia,South-East Asia Region,2019,Urine,Escherichia coli,Meropenem,3383,2092,52,2.48565965583174,2.48565965583174,0.0,True
IDN,Indonesia,South-East Asia Region,2019,Urine,Escherichia coli,Trimethoprim/sulfamethoxazole,3383,1901,1228,64.5975802209364,64.59758022093635,4.263256414560601e-14,True
IDN,Indonesia,South-East Asia Region,2019,Urine,Klebsiella pneumoniae,Cefepime,3383,722,363,50.2770083102493,50.27700831024931,-7.105427357601002e-15,True
IDN,Indonesia,South-East Asia Region,2019,Urine,Klebsiella pneumoniae,Cefotaxime,3383,317,217,68.4542586750789,68.45425867507886,4.263256414560601e-14,True
IDN,Indonesia,South-East Asia Region,2019,Urine,Klebsiella pneumoniae,Ceftazidime,3383,900,594,66.0,66.0,0.0,True
IDN,Indonesia,South-East Asia Region,2019,Urine,Klebsiella pneumoniae,Ceftriaxone,3383,899,673,74.860956618465,74.86095661846495,4.263256414560601e-14,True
IDN,Indonesia,South-East Asia Region,2019,Urine,Klebsiella pneumoniae,Ciprofloxacin,3383,855,600,70.1754385964912,70.17543859649122,-1.4210854715202004e-14,True
IDN,Indonesia,South-East Asia Region,2019,Urine,Klebsiella pneumoniae,Ertapenem,3383,780,108,13.8461538461538,13.846153846153847,-4.618527782440651e-14,True
IDN,Indonesia,South-East Asia Region,2019,Urine,Klebsiella pneumoniae,Imipenem,3383,77,8,10.3896103896104,10.38961038961039,1.0658141036401503e-14,True
IDN,Indonesia,South-East Asia Region,2019,Urine,Klebsiella pneumoniae,Levofloxacin,3383,197,116,58.8832487309645,58.88324873096447,3.552713678800501e-14,True
IDN,Indonesia,South-East Asia Region,2019,Urine,Klebsiella pneumoniae,Meropenem,3383,876,107,12.2146118721461,12.214611872146119,-1.7763568394002505e-14,True
IDN,Indonesia,South-East Asia Region,2019,Urine,Klebsiella pneumoniae,Trimethoprim/sulfamethoxazole,3383,795,515,64.7798742138365,64.77987421383648,1.4210854715202004e-14,True
IND,India,South-East Asia Region,2017,Blood,Acinetobacter,Amikacin,8532,305,223,73.1147540983607,73.11475409836066,4.263256414560601e-14,True
IND,India,South-East Asia Region,2017,Blood,Acinetobacter,Colistin,8532,25,0,0.0,0.0,0.0,True
IND,India,South-East Asia Region,2017,Blood,Acinetobacter,Imipenem,8532,1171,735,62.7668659265585,62.7668659265585,0.0,True
IND,India,South-East Asia Region,2017,Blood,Acinetobacter,Meropenem,8532,331,220,66.4652567975831,66.46525679758308,1.4210854715202004e-14,True
IND,India,South-East Asia Region,2017,Blood,Acinetobacter,Minocycline,8532,325,141,43.3846153846154,43.38461538461538,2.1316282072803006e-14,True
IND,India,South-East Asia Region,2017,Blood,Escherichia coli,Cefepime,8532,487,288,59.1375770020534,59.13757700205339,7.105427357601002e-15,True
IND,India,South-East Asia Region,2017,Blood,Escherichia coli,Cefotaxime,8532,1219,930,76.2920426579163,76.29204265791633,-2.842170943040401e-14,True
IND,India,South-East Asia Region,2017,Blood,Escherichia coli,Ceftazidime,8532,257,181,70.4280155642023,70.42801556420234,-4.263256414560601e-14,True
IND,India,South-East Asia Region,2017,Blood,Escherichia coli,Ceftriaxone,8532,88,70,79.5454545454545,79.54545454545455,-4.263256414560601e-14,True
IND,India,South-East Asia Region,2017,Blood,Escherichia coli,Ciprofloxacin,8532,1149,787,68.4943429068755,68.49434290687554,-4.263256414560601e-14,True
IND,India,South-East Asia Region,2017,Blood,Escherichia coli,Ertapenem,8532,702,218,31.0541310541311,31.054131054131055,4.618527782440651e-14,True
IND,India,South-East Asia Region,2017,Blood,Escherichia coli,Imipenem,8532,1042,176,16.8905950095969,16.89059500959693,-2.842170943040401e-14,True
IND,India,South-East Asia Region,2017,Blood,Escherichia coli,Meropenem,8532,1086,183,16.8508287292818,16.85082872928177,3.197442310920451e-14,True
IND,India,South-East Asia Region,2017,Blood,Escherichia coli,Tinidazole,8532,88,70,79.5454545454545,79.54545454545455,-4.263256414560601e-14,True
IND,India,South-East Asia Region,2017,Blood,Escherichia coli,Trimethoprim/sulfamethoxazole,8532,184,126,68.4782608695652,68.47826086956522,-1.4210854715202004e-14,True
IND,India,South-East Asia Region,2017,Blood,Klebsiella pneumoniae,Cefepime,8532,821,653,79.537149817296,79.53714981729598,1.4210854715202004e-14,True
IND,India,South-East Asia Region,2017,Blood,Klebsiella pneumoniae,Cefotaxime,8532,1552,1275,82.1520618556701,82.1520618556701,0.0,True
IND,India,South-East Asia Region,2017,Blood,Klebsiella pneumoniae,Ceftazidime,8532,247,199,80.5668016194332,80.5668016194332,0.0,True
IND,India,South-East Asia Region,2017,Blood,Klebsiella pneumoniae,Ceftriaxone,8532,164,137,83.5365853658537,83.53658536585365,4.263256414560601e-14,True
IND,India,South-East Asia Region,2017,Blood,Klebsiella pneumoniae,Ciprofloxacin,8532,1786,1030,57.6707726763718,57.67077267637178,1.4210854715202004e-14,True
IND,India,South-East Asia Region,2017,Blood,Klebsiella pneumoniae,Ertapenem,8532,1137,603,53.0343007915567,53.03430079155673,-2.842170943040401e-14,True
IND,India,South-East Asia Region,2017,Blood,Klebsiella pneumoniae,Imipenem,8532,1339,460,34.3539955190441,34.35399551904406,3.552713678800501e-14,True
IND,India,South-East Asia Region,2017,Blood,Klebsiella pneumoniae,Trimethoprim/sulfamethoxazole,8532,528,451,85.4166666666667,85.41666666666666,4.263256414560601e-14,True
IND,India,South-East Asia Region,2017,Blood,Salmonella,Ceftriaxone,8532,508,3,0.590551181102362,0.5905511811023622,-1.1102230246251565e-16,True
IND,India,South-East Asia Region,2017,Blood,Salmonella,Ciprofloxacin,8532,506,159,31.4229249011858,31.422924901185773,2.842170943040401e-14,True
IND,India,South-East Asia Region,2017,Blood,Staphylococcus aureus,Meticillin,8532,2829,1485,52.492046659597,52.49204665959704,-3.552713678800501e-14,True
IND,India,South-East Asia Region,2017,Urine,Escherichia coli,Cefepime,10034,2079,1503,72.2943722943723,72.2943722943723,0.0,True
IND,India,South-East Asia Region,2017,Urine,Escherichia coli,Cefotaxime,10034,5221,4131,79.1227734150546,79.1227734150546,0.0,True
IND,India,South-East Asia Region,2017,Urine,Escherichia coli,Ceftazidime,10034,2102,1315,62.5594671741199,62.55946717411989,1.4210854715202004e-14,True
IND,India,South-East Asia Region,2017,Urine,Escherichia coli,Ceftriaxone,10034,964,764,79.253112033195,79.25311203319502,-2.842170943040401e-14,True
IND,India,South-East Asia Region,2017,Urine,Escherichia coli,Ciprofloxacin,10034,3632,2765,76.1288546255507,76.12885462555066,4.263256414560601e-14,True
IND,India,South-East Asia Region,2017,Urine,Escherichia coli,Ertapenem,10034,2688,765,28.4598214285714,28.45982142857143,-3.197442310920451e-14,True
IND,India,South-East Asia Region,2017,Urine,Escherichia coli,Imipenem,10034,1669,496,29.7183942480527,29.718394248052725,-2.4868995751603507e-14,True
IND,India,South-East Asia Region,2017,Urine,Escherichia coli,Meropenem,10034,381,47,12.3359580052493,12.335958005249344,-4.440892098500626e-14,True
IND,India,South-East Asia Region,2017,Urine,Escherichia coli,Trimethoprim/sulfamethoxazole,10034,6670,4611,69.1304347826087,69.1304347826087,0.0,True
IND,India,South-East Asia Region,2017,Urine,Klebsiella pneumoniae,Cefepime,10034,1275,1081,84.7843137254902,84.78431372549021,-1.4210854715202004e-14,True
IND,India,South-East Asia Region,2017,Urine,Klebsiella pneumoniae,Cefotaxime,10034,1852,1521,82.1274298056155,82.12742980561555,-4.263256414560601e-14,True
IND,India,South-East Asia Region,2017,Urine,Klebsiella pneumoniae,Ceftazidime,10034,566,280,49.469964664311,49.46996466431096,4.263256414560601e-14,True
IND,India,South-East Asia Region,2017,Urine,Klebsiella pneumoniae,Ceftriaxone,10034,260,224,86.1538461538462,86.15384615384616,4.263256414560601e-14,True
IND,India,South-East Asia Region,2017,Urine,Klebsiella pneumoniae,Ciprofloxacin,10034,1566,1173,74.904214559387,74.90421455938697,2.842170943040401e-14,True
IND,India,South-East Asia Region,2017,Urine,Klebsiella pneumoniae,Ertapenem,10034,1462,731,50.0,50.0,0.0,True
IND,India,South-East Asia Region,2017,Urine,Klebsiella pneumoniae,Imipenem,10034,599,284,47.4123539232053,47.412353923205345,-4.263256414560601e-14,True
IND,India,South-East Asia Region,2017,Urine,Klebsiella pneumoniae,Trimethoprim/sulfamethoxazole,10034,2310,1599,69.2207792207792,69.22077922077922,-1.4210854715202004e-14,True
IND,India,South-East Asia Region,2018,Blood,Acinetobacter,Amikacin,14459,1862,1188,63.8023630504833,63.80236305048334,-4.263256414560601e-14,True
IND,India,South-East Asia Region,2018,Blood,Acinetobacter,Colistin,14459,42,0,0.0,0.0,0.0,True
IND,India,South-East Asia Region,2018,Blood,Acinetobacter,Imipenem,14459,1605,944,58.816199376947,58.81619937694704,-4.263256414560601e-14,True
IND,India,South-East Asia Region,2018,Blood,Acinetobacter,Meropenem,14459,1065,678,63.6619718309859,63.66197183098592,-2.1316282072803006e-14,True
IND,India,South-East Asia Region,2018,Blood,Acinetobacter,Minocycline,14459,629,180,28.6168521462639,28.61685214626391,-1.0658141036401503e-14,True
IND,India,South-East Asia Region,2018,Blood,Escherichia coli,Cefepime,14459,387,250,64.5994832041344,64.59948320413437,2.842170943040401e-14,True
IND,India,South-East Asia Region,2018,Blood,Escherichia coli,Cefotaxime,14459,1954,1547,79.1709314227226,79.17093142272262,-1.4210854715202004e-14,True
IND,India,South-East Asia Region,2018,Blood,Escherichia coli,Ceftazidime,14459,1504,1033,68.6835106382979,68.68351063829788,2.842170943040401e-14,True
IND,India,South-East Asia Region,2018,Blood,Escherichia coli,Ceftriaxone,14459,55,48,87.2727272727273,87.27272727272727,2.842170943040401e-14,True
IND,India,South-East Asia Region,2018,Blood,Escherichia coli,Ciprofloxacin,14459,1841,1325,71.9717544812602,71.97175448126019,1.4210854715202004e-14,True
IND,India,South-East Asia Region,2018,Blood,Escherichia coli,Ertapenem,14459,1085,374,34.4700460829493,34.47004608294931,-7.105427357601002e-15,True
IND,India,South-East Asia Region,2018,Blood,Escherichia coli,Imipenem,14459,1582,343,21.6814159292035,21.68141592920354,-3.907985046680551e-14,True
IND,India,South-East Asia Region,2018,Blood,Escherichia coli,Meropenem,14459,1527,371,24.2960052390308,24.29600523903078,2.1316282072803006e-14,True
IND,India,South-East Asia Region,2018,Blood,Escherichia coli,Tinidazole,14459,55,48,87.2727272727273,87.27272727272727,2.842170943040401e-14,True
IND,India,South-East Asia Region,2018,Blood,Escherichia coli,Trimethoprim/sulfamethoxazole,14459,326,182,55.8282208588957,55.828220858895705,-7.105427357601002e-15,True
IND,India,South-East Asia Region,2018,Blood,Klebsiella pneumoniae,Cefepime,14459,396,291,73.4848484848485,73.48484848484848,1.4210854715202004e-14,True
IND,India,South-East Asia Region,2018,Blood,Klebsiella pneumoniae,Cefotaxime,14459,1680,1359,80.8928571428571,80.89285714285714,-4.263256414560601e-14,True
IND,India,South-East Asia Region,2018,Blood,Klebsiella pneumoniae,Ceftazidime,14459,1253,914,72.9449321628093,72.94493216280927,2.842170943040401e-14,True
IND,India,South-East Asia Region,2018,Blood,Klebsiella pneumoniae,Ceftriaxone,14459,92,79,85.8695652173913,85.86956521739131,-1.4210854715202004e-14,True
IND,India,South-East Asia Region,2018,Blood,Klebsiella pneumoniae,Ciprofloxacin,14459,1665,1023,61.4414414414414,61.44144144144145,-4.973799150320701e-14,True
IND,India,South-East Asia Region,2018,Blood,Klebsiella pneumoniae,Ertapenem,14459,1306,750,57.427258805513,57.42725880551301,-1.4210854715202004e-14,True
IND,India,South-East Asia Region,2018,Blood,Klebsiella pneumoniae,Imipenem,14459,1482,689,46.4912280701754,46.49122807017544,-3.552713678800501e-14,True
IND,India,South-East Asia Region,2018,Blood,Klebsiella pneumoniae,Trimethoprim/sulfamethoxazole,14459,341,200,58.6510263929619,58.65102639296188,2.1316282072803006e-14,True
IND,India,South-East Asia Region,2018,Blood,Salmonella,Ceftriaxone,14459,489,10,2.04498977505112,2.044989775051125,-4.884981308350689e-15,True
IND,India,South-East Asia Region,2018,Blood,Salmonella,Ciprofloxacin,14459,619,167,26.9789983844911,26.978998384491113,-1.4210854715202004e-14,True
IND,India,South-East Asia Region,2018,Blood,Staphylococcus aureus,Meticillin,14459,3879,2448,63.1090487238979,63.10904872389791,-7.105427357601002e-15,True
IND,India,South-East Asia Region,2018,Urine,Escherichia coli,Cefepime,25203,3403,2461,72.3185424625331,72.31854246253306,4.263256414560601e-14,True
IND,India,South-East Asia Region,2018,Urine,Escherichia coli,Cefotaxime,25203,12516,9845,78.6593160754235,78.65931607542346,4.263256414560601e-14,True
IND,India,South-East Asia Region,2018,Urine,Escherichia coli,Ceftazidime,25203,2813,1897,67.4369001066477,67.43690010664771,-1.4210854715202004e-14,True
IND,India,South-East Asia Region,2018,Urine,Escherichia coli,Ceftriaxone,25203,1589,1040,65.449968533669,65.44996853366898,1.4210854715202004e-14,True
IND,India,South-East Asia Region,2018,Urine,Escherichia coli,Ciprofloxacin,25203,10356,7985,77.1050598686752,77.10505986867517,2.842170943040401e-14,True
IND,India,South-East Asia Region,2018,Urine,Escherichia coli,Ertapenem,25203,8057,2700,33.5112324686608,33.51123246866079,7.105427357601002e-15,True
IND,India,South-East Asia Region,2018,Urine,Escherichia coli,Imipenem,25203,7334,2358,32.1516225797655,32.15162257976548,2.1316282072803006e-14,True
IND,India,South-East Asia Region,2018,Urine,Escherichia coli,Meropenem,25203,8637,3345,38.7287252518235,38.72872525182355,-4.973799150320701e-14,True
IND,India,South-East Asia Region,2018,Urine,Escherichia coli,Trimethoprim/sulfamethoxazole,25203,12977,8611,66.355860368344,66.35586036834398,1.4210854715202004e-14,True
IND,India,South-East Asia Region,2018,Urine,Klebsiella pneumoniae,Cefepime,25203,477,299,62.6834381551363,62.68343815513627,2.842170943040401e-14,True
IND,India,South-East Asia Region,2018,Urine,Klebsiella pneumoniae,Cefotaxime,25203,2005,1424,71.0224438902743,71.02244389027432,-1.4210854715202004e-14,True
IND,India,South-East Asia Region,2018,Urine,Klebsiella pneumoniae,Ceftazidime,25203,745,458,61.4765100671141,61.4765100671141,0.0,True
IND,India,South-East Asia Region,2018,Urine,Klebsiella pneumoniae,Ceftriaxone,25203,363,228,62.8099173553719,62.8099173553719,0.0,True
IND,India,South-East Asia Region,2018,Urine,Klebsiella pneumoniae,Ciprofloxacin,25203,1850,1134,61.2972972972973,61.29729729729729,7.105427357601002e-15,True
IND,India,South-East Asia Region,2018,Urine,Klebsiella pneumoniae,Ertapenem,25203,2055,844,41.0705596107056,41.0705596107056,0.0,True
IND,India,South-East Asia Region,2018,Urine,Klebsiella pneumoniae,Imipenem,25203,1699,677,39.8469688051795,39.846968805179515,-1.4210854715202004e-14,True
IND,India,South-East Asia Region,2018,Urine,Klebsiella pneumoniae,Trimethoprim/sulfamethoxazole,25203,2256,1311,58.1117021276596,58.11170212765957,2.842170943040401e-14,True
IND,India,South-East Asia Region,2019,Blood,Acinetobacter,Amikacin,24223,1245,867,69.6385542168675,69.63855421686746,4.263256414560601e-14,True
IND,India,South-East Asia Region,2019,Blood,Acinetobacter,Colistin,24223,330,15,4.54545454545455,4.545454545454546,4.440892098500626e-15,True
IND,India,South-East Asia Region,2019,Blood,Acinetobacter,Imipenem,24223,3518,2199,62.5071063104036,62.507106310403636,-3.552713678800501e-14,True
IND,India,South-East Asia Region,2019,Blood,Acinetobacter,Meropenem,24223,1746,1180,67.5830469644903,67.58304696449026,2.842170943040401e-14,True
IND,India,South-East Asia Region,2019,Blood,Acinetobacter,Minocycline,24223,2120,406,19.1509433962264,19.150943396226417,-1.7763568394002505e-14,True
IND,India,South-East Asia Region,2019,Blood,Escherichia coli,Cefepime,24223,1066,669,62.7579737335835,62.7579737335835,0.0,True
IND,India,South-East Asia Region,2019,Blood,Escherichia coli,Cefotaxime,24223,3883,3138,80.8138037599794,80.8138037599794,0.0,True
IND,India,South-East Asia Region,2019,Blood,Escherichia coli,Ceftazidime,24223,2532,1855,73.26224328594,73.26224328593996,4.263256414560601e-14,True
IND,India,South-East Asia Region,2019,Blood,Escherichia coli,Ceftriaxone,24223,424,320,75.4716981132076,75.47169811320755,4.263256414560601e-14,True
IND,India,South-East Asia Region,2019,Blood,Escherichia coli,Ciprofloxacin,24223,4321,3193,73.8949317287665,73.8949317287665,0.0,True
IND,India,South-East Asia Region,2019,Blood,Escherichia coli,Colistin,24223,514,3,0.583657587548638,0.5836575875486382,-2.220446049250313e-16,True
IND,India,South-East Asia Region,2019,Blood,Escherichia coli,Ertapenem,24223,2688,494,18.3779761904762,18.377976190476193,7.105427357601002e-15,True
IND,India,South-East Asia Region,2019,Blood,Escherichia coli,Imipenem,24223,3481,961,27.6070094800345,27.60700948003447,2.842170943040401e-14,True
IND,India,South-East Asia Region,2019,Blood,Escherichia coli,Levofloxacin,24223,505,416,82.3762376237624,82.37623762376238,2.842170943040401e-14,True
IND,India,South-East Asia Region,2019,Blood,Escherichia coli,Meropenem,24223,3433,650,18.9338770754442,18.933877075444215,-1.4210854715202004e-14,True
IND,India,South-East Asia Region,2019,Blood,Escherichia coli,Tinidazole,24223,3883,3138,80.8138037599794,80.8138037599794,0.0,True
IND,India,South-East Asia Region,2019,Blood,Escherichia coli,Trimethoprim/sulfamethoxazole,24223,955,548,57.5026232948583,57.382198952879584,0.12042434197871899,True
IND,India,South-East Asia Region,2019,Blood,Klebsiella pneumoniae,Cefepime,24223,1480,1154,77.972972972973,77.97297297297298,1.4210854715202004e-14,True
IND,India,South-East Asia Region,2019,Blood,Klebsiella pneumoniae,Cefotaxime,24223,4013,3286,81.883877398455,81.88387739845501,-1.4210854715202004e-14,True
IND,India,South-East Asia Region,2019,Blood,Klebsiella pneumoniae,Ceftazidime,24223,2186,1678,76.7612076852699,76.7612076852699,0.0,True
IND,India,South-East Asia Region,2019,Blood,Klebsiella pneumoniae,Ceftriaxone,24223,188,159,84.5744680851064,84.57446808510637,2.842170943040401e-14,True
IND,India,South-East Asia Region,2019,Blood,Klebsiella pneumoniae,Ciprofloxacin,24223,4523,2938,64.9568870218881,64.95688702188814,-4.263256414560601e-14,True
IND,India,South-East Asia Region,2019,Blood,Klebsiella pneumoniae,Colistin,24223,722,73,10.1108033240997,10.110803324099724,-2.3092638912203256e-14,True
IND,India,South-East Asia Region,2019,Blood,Klebsiella pneumoniae,Ertapenem,24223,2284,1316,57.6182136602452,57.61821366024519,1.4210854715202004e-14,True
IND,India,South-East Asia Region,2019,Blood,Klebsiella pneumoniae,Imipenem,24223,4366,2190,50.1603298213468,50.16032982134677,2.842170943040401e-14,True
IND,India,South-East Asia Region,2019,Blood,Klebsiella pneumoniae,Levofloxacin,24223,812,572,70.4433497536946,70.44334975369459,1.4210854715202004e-14,True
IND,India,South-East Asia Region,2019,Blood,Klebsiella pneumoniae,Meropenem,24223,3612,2079,57.5581395348837,57.55813953488372,-2.1316282072803006e-14,True
IND,India,South-East Asia Region,2019,Blood,Klebsiella pneumoniae,Trimethoprim/sulfamethoxazole,24223,1613,1043,64.6621202727836,64.66212027278362,-2.842170943040401e-14,True
IND,India,South-East Asia Region,2019,Blood,Salmonella,Cefotaxime,24223,126,4,3.17460317460317,3.1746031746031744,-4.440892098500626e-15,True
IND,India,South-East Asia Region,2019,Blood,Salmonella,Ceftazidime,24223,131,7,5.34351145038168,5.343511450381679,8.881784197001252e-16,True
IND,India,South-East Asia Region,2019,Blood,Salmonella,Ceftriaxone,24223,1237,18,1.45513338722716,1.4551333872271623,-2.4424906541753444e-15,True
IND,India,South-East Asia Region,2019,Blood,Salmonella,Ciprofloxacin,24223,1215,484,39.8353909465021,39.83539094650206,4.263256414560601e-14,True
IND,India,South-East Asia Region,2019,Blood,Salmonella,Imipenem,24223,275,0,0.0,0.0,0.0,True
IND,India,South-East Asia Region,2019,Blood,Salmonella,Meropenem,24223,11,0,0.0,0.0,0.0,True
IND,India,South-East Asia Region,2019,Blood,Staphylococcus aureus,Cefoxitin,24223,5809,3521,60.6128421415046,60.612842141504565,3.552713678800501e-14,True
IND,India,South-East Asia Region,2019,Blood,Staphylococcus aureus,Meticillin,24223,5809,3521,60.6128421415046,60.612842141504565,3.552713678800501e-14,True
IND,India,South-East Asia Region,2019,Genital,Neisseria gonorrhoeae,Azithromycin,26,26,1,3.84615384615385,3.8461538461538463,3.552713678800501e-15,True
IND,India,South-East Asia Region,2019,Genital,Neisseria gonorrhoeae,Cefixime,26,26,0,0.0,0.0,0.0,True
IND,India,South-East Asia Region,2019,Genital,Neisseria gonorrhoeae,Ceftriaxone,26,26,0,0.0,0.0,0.0,True
IND,India,South-East Asia Region,2019,Genital,Neisseria gonorrhoeae,Ciprofloxacin,26,26,26,100.0,100.0,0.0,True
IND,India,South-East Asia Region,2019,Genital,Neisseria gonorrhoeae,Spectinomycin,26,26,0,0.0,0.0,0.0,True
IND,India,South-East Asia Region,2019,Stool,Salmonella,Ceftriaxone,224,140,2,1.42857142857143,1.4285714285714286,1.3322676295501878e-15,True
IND,India,South-East Asia Region,2019,Stool,Salmonella,Ciprofloxacin,224,212,56,26.4150943396226,26.41509433962264,-4.263256414560601e-14,True
IND,India,South-East Asia Region,2019,Urine,Escherichia coli,Cefepime,47746,11419,7514,65.8026096856117,65.8026096856117,0.0,True
IND,India,South-East Asia Region,2019,Urine,Escherichia coli,Cefotaxime,47746,27653,20643,74.650128376668,74.650128376668,0.0,True
IND,India,South-East Asia Region,2019,Urine,Escherichia coli,Ceftazidime,47746,5649,3992,70.6673747565941,70.66737475659409,1.4210854715202004e-14,True
IND,India,South-East Asia Region,2019,Urine,Escherichia coli,Ceftriaxone,47746,3232,2219,68.6571782178218,68.65717821782178,1.4210854715202004e-14,True
IND,India,South-East Asia Region,2019,Urine,Escherichia coli,Ciprofloxacin,47746,31103,23078,74.1986303572003,74.19863035720027,2.842170943040401e-14,True
IND,India,South-East Asia Region,2019,Urine,Escherichia coli,Colistin,47746,1911,26,1.36054421768707,1.3605442176870748,-4.884981308350689e-15,True
IND,India,South-East Asia Region,2019,Urine,Escherichia coli,Ertapenem,47746,13760,2914,21.1773255813953,21.177325581395348,-4.618527782440651e-14,True
IND,India,South-East Asia Region,2019,Urine,Escherichia coli,Imipenem,47746,28188,7928,28.125443451114,28.125443451113952,4.618527782440651e-14,True
IND,India,South-East Asia Region,2019,Urine,Escherichia coli,Levofloxacin,47746,6851,4992,72.865275142315,72.86527514231499,1.4210854715202004e-14,True
IND,India,South-East Asia Region,2019,Urine,Escherichia coli,Meropenem,47746,16414,2826,17.2170098696235,17.217009869623492,7.105427357601002e-15,True
IND,India,South-East Asia Region,2019,Urine,Escherichia coli,Trimethoprim/sulfamethoxazole,47746,29371,17686,60.2158591808246,60.21585918082463,-2.842170943040401e-14,True
IND,India,South-East Asia Region,2019,Urine,Klebsiella pneumoniae,Cefepime,47746,2190,1399,63.8812785388128,63.88127853881278,2.1316282072803006e-14,True
IND,India,South-East Asia Region,2019,Urine,Klebsiella pneumoniae,Cefotaxime,47746,7126,4912,68.9306763962953,68.93067639629525,4.263256414560601e-14,True
IND,India,South-East Asia Region,2019,Urine,Klebsiella pneumoniae,Ceftazidime,47746,943,541,57.3700954400848,57.37009544008483,-2.842170943040401e-14,True
IND,India,South-East Asia Region,2019,Urine,Klebsiella pneumoniae,Ceftriaxone,47746,340,195,57.3529411764706,57.35294117647059,1.4210854715202004e-14,True
IND,India,South-East Asia Region,2019,Urine,Klebsiella pneumoniae,Ciprofloxacin,47746,8020,4804,59.9002493765586,59.9002493765586,0.0,True
IND,India,South-East Asia Region,2019,Urine,Klebsiella pneumoniae,Colistin,47746,798,38,4.76190476190476,4.761904761904762,-1.7763568394002505e-15,True
IND,India,South-East Asia Region,2019,Urine,Klebsiella pneumoniae,Ertapenem,47746,4248,1788,42.090395480226,42.090395480225986,1.4210854715202004e-14,True
IND,India,South-East Asia Region,2019,Urine,Klebsiella pneumoniae,Imipenem,47746,7811,2593,33.1967737805659,33.19677378056587,2.842170943040401e-14,True
IND,India,South-East Asia Region,2019,Urine,Klebsiella pneumoniae,Levofloxacin,47746,1871,1063,56.8145376803848,56.814537680384824,-2.1316282072803006e-14,True
IND,India,South-East Asia Region,2019,Urine,Klebsiella pneumoniae,Meropenem,47746,4994,1791,35.8630356427713,35.86303564277132,-2.1316282072803006e-14,True
IND,India,South-East Asia Region,2019,Urine,Klebsiella pneumoniae,Trimethoprim/sulfamethoxazole,47746,7998,4590,57.3893473368342,57.389347336834206,-7.105427357601002e-15,True
IND,India,South-East Asia Region,2020,Blood,Acinetobacter,Amikacin,12371,1590,1088,68.4276729559748,68.42767295597484,-4.263256414560601e-14,True
IND,India,South-East Asia Region,2020,Blood,Acinetobacter,Colistin,12371,371,3,0.808625336927224,0.8086253369272237,3.3306690738754696e-16,True
IND,India,South-East Asia Region,2020,Blood,Acinetobacter,Imipenem,12371,1546,1207,78.0724450194049,78.07244501940491,-1.4210854715202004e-14,True
IND,India,South-East Asia Region,2020,Blood,Acinetobacter,Meropenem,12371,1546,1205,77.9430789133247,77.9430789133247,0.0,True
IND,India,South-East Asia Region,2020,Blood,Acinetobacter,Minocycline,12371,1329,418,31.4522197140707,31.45221971407073,-2.842170943040401e-14,True
IND,India,South-East Asia Region,2020,Blood,Escherichia coli,Cefepime,12371,529,356,67.296786389414,67.29678638941398,1.4210854715202004e-14,True
IND,India,South-East Asia Region,2020,Blood,Escherichia coli,Cefotaxime,12371,2500,1999,79.96,79.96,0.0,True
IND,India,South-East Asia Region,2020,Blood,Escherichia coli,Ceftazidime,12371,1632,1215,74.4485294117647,74.44852941176471,-1.4210854715202004e-14,True
IND,India,South-East Asia Region,2020,Blood,Escherichia coli,Ceftriaxone,12371,91,79,86.8131868131868,86.81318681318682,-1.4210854715202004e-14,True
IND,India,South-East Asia Region,2020,Blood,Escherichia coli,Ciprofloxacin,12371,2330,1648,70.7296137339056,70.72961373390558,1.4210854715202004e-14,True
IND,India,South-East Asia Region,2020,Blood,Escherichia coli,Ertapenem,12371,1889,414,21.9163578613023,21.916357861302277,2.1316282072803006e-14,True
IND,India,South-East Asia Region,2020,Blood,Escherichia coli,Imipenem,12371,1825,522,28.6027397260274,28.602739726027398,3.552713678800501e-15,True
IND,India,South-East Asia Region,2020,Blood,Escherichia coli,Meropenem,12371,2117,500,23.6183278223902,23.618327822390174,2.4868995751603507e-14,True
IND,India,South-East Asia Region,2020,Blood,Escherichia coli,Tinidazole,12371,91,79,86.8131868131868,86.81318681318682,-1.4210854715202004e-14,True
IND,India,South-East Asia Region,2020,Blood,Escherichia coli,Trimethoprim/sulfamethoxazole,12371,516,301,58.3333333333333,58.333333333333336,-3.552713678800501e-14,True
IND,India,South-East Asia Region,2020,Blood,Klebsiella pneumoniae,Cefepime,12371,844,686,81.2796208530806,81.27962085308057,2.842170943040401e-14,True
IND,India,South-East Asia Region,2020,Blood,Klebsiella pneumoniae,Cefotaxime,12371,2799,2293,81.9221150410861,81.9221150410861,0.0,True
IND,India,South-East Asia Region,2020,Blood,Klebsiella pneumoniae,Ceftazidime,12371,1383,1076,77.8018799710774,77.80187997107737,2.842170943040401e-14,True
IND,India,South-East Asia Region,2020,Blood,Klebsiella pneumoniae,Ceftriaxone,12371,58,57,98.2758620689655,98.27586206896551,-1.4210854715202004e-14,True
IND,India,South-East Asia Region,2020,Blood,Klebsiella pneumoniae,Ciprofloxacin,12371,2543,1548,60.8729846637829,60.87298466378294,-3.552713678800501e-14,True
IND,India,South-East Asia Region,2020,Blood,Klebsiella pneumoniae,Ertapenem,12371,1969,1177,59.7765363128492,59.77653631284916,4.263256414560601e-14,True
IND,India,South-East Asia Region,2020,Blood,Klebsiella pneumoniae,Imipenem,12371,2501,1343,53.6985205917633,53.6985205917633,0.0,True
IND,India,South-East Asia Region,2020,Blood,Klebsiella pneumoniae,Trimethoprim/sulfamethoxazole,12371,760,466,61.3157894736842,61.31578947368421,-1.4210854715202004e-14,True
IND,India,South-East Asia Region,2020,Blood,Salmonella,Ceftriaxone,12371,328,5,1.52439024390244,1.524390243902439,8.881784197001252e-16,True
IND,India,South-East Asia Region,2020,Blood,Salmonella,Ciprofloxacin,12371,278,128,46.0431654676259,46.043165467625904,-7.105427357601002e-15,True
IND,India,South-East Asia Region,2020,Blood,Staphylococcus aureus,Meticillin,12371,2156,1394,64.6567717996289,64.65677179962894,-4.263256414560601e-14,True
IND,India,South-East Asia Region,2020,Urine,Escherichia coli,Cefepime,18235,3469,2151,62.0063418852695,62.006341885269535,-3.552713678800501e-14,True
IND,India,South-East Asia Region,2020,Urine,Escherichia coli,Cefotaxime,18235,9924,7532,75.8968158000806,75.8968158000806,0.0,True
IND,India,South-East Asia Region,2020,Urine,Escherichia coli,Ceftazidime,18235,1941,1500,77.2797527047913,77.27975270479135,-4.263256414560601e-14,True
IND,India,South-East Asia Region,2020,Urine,Escherichia coli,Ceftriaxone,18235,362,278,76.7955801104972,76.79558011049724,-4.263256414560601e-14,True
IND,India,South-East Asia Region,2020,Urine,Escherichia coli,Ciprofloxacin,18235,10527,7414,70.4284221525601,70.42842215256009,1.4210854715202004e-14,True
IND,India,South-East Asia Region,2020,Urine,Escherichia coli,Ertapenem,18235,6439,1491,23.15576952943,23.15576952943004,-3.907985046680551e-14,True
IND,India,South-East Asia Region,2020,Urine,Escherichia coli,Imipenem,18235,11344,2329,20.5306770098731,20.53067700987306,3.907985046680551e-14,True
IND,India,South-East Asia Region,2020,Urine,Escherichia coli,Meropenem,18235,8682,1443,16.620594333103,16.62059433310297,2.842170943040401e-14,True
IND,India,South-East Asia Region,2020,Urine,Escherichia coli,Trimethoprim/sulfamethoxazole,18235,3533,2250,63.6852533257855,63.68525332578545,4.973799150320701e-14,True
IND,India,South-East Asia Region,2020,Urine,Klebsiella pneumoniae,Cefepime,18235,654,429,65.5963302752293,65.59633027522935,-4.263256414560601e-14,True
IND,India,South-East Asia Region,2020,Urine,Klebsiella pneumoniae,Cefotaxime,18235,2933,2070,70.5762018411183,70.57620184111832,-1.4210854715202004e-14,True
IND,India,South-East Asia Region,2020,Urine,Klebsiella pneumoniae,Ceftazidime,18235,97,78,80.4123711340206,80.41237113402062,-1.4210854715202004e-14,True
IND,India,South-East Asia Region,2020,Urine,Klebsiella pneumoniae,Ceftriaxone,18235,29,19,65.5172413793103,65.51724137931035,-4.263256414560601e-14,True
IND,India,South-East Asia Region,2020,Urine,Klebsiella pneumoniae,Ciprofloxacin,18235,3043,1711,56.2274071639829,56.22740716398291,-7.105427357601002e-15,True
IND,India,South-East Asia Region,2020,Urine,Klebsiella pneumoniae,Ertapenem,18235,2395,1143,47.7244258872651,47.724425887265134,-3.552713678800501e-14,True
IND,India,South-East Asia Region,2020,Urine,Klebsiella pneumoniae,Imipenem,18235,3384,1164,34.3971631205674,34.39716312056738,2.1316282072803006e-14,True
IND,India,South-East Asia Region,2020,Urine,Klebsiella pneumoniae,Trimethoprim/sulfamethoxazole,18235,559,327,58.4973166368515,58.497316636851515,-1.4210854715202004e-14,True
IRL,Ireland,European Region,2017,Blood,Escherichia coli,Tinidazole,5221,3121,374,11.9833386735021,11.983338673502082,1.7763568394002505e-14,True
IRL,Ireland,European Region,2017,Blood,Staphylococcus aureus,Meticillin,5221,1140,186,16.3157894736842,16.315789473684212,-1.0658141036401503e-14,True
IRL,Ireland,European Region,2018,Blood,Escherichia coli,Tinidazole,5425,3237,417,12.8822984244671,12.882298424467098,1.7763568394002505e-15,True
IRL,Ireland,European Region,2018,Blood,Staphylococcus aureus,Meticillin,5425,1188,147,12.3737373737374,12.373737373737374,2.6645352591003757e-14,True
IRL,Ireland,European Region,2019,Blood,Acinetobacter,Amikacin,5053,30,1,3.33333333333333,3.3333333333333335,-3.552713678800501e-15,True
IRL,Ireland,European Region,2019,Blood,Acinetobacter,Gentamicin,5053,57,1,1.75438596491228,1.7543859649122806,-6.661338147750939e-16,True
IRL,Ireland,European Region,2019,Blood,Acinetobacter,Imipenem,5053,14,0,0.0,0.0,0.0,True
IRL,Ireland,European Region,2019,Blood,Acinetobacter,Meropenem,5053,62,1,1.61290322580645,1.6129032258064515,-1.5543122344752192e-15,True
IRL,Ireland,European Region,2019,Blood,Escherichia coli,Ampicillin,5053,3201,2162,67.5413933145892,67.54139331458919,1.4210854715202004e-14,True
IRL,Ireland,European Region,2019,Blood,Escherichia coli,Cefepime,5053,1615,136,8.42105263157895,8.421052631578947,3.552713678800501e-15,True
IRL,Ireland,European Region,2019,Blood,Escherichia coli,Cefotaxime,5053,2596,314,12.095531587057,12.09553158705701,-1.0658141036401503e-14,True
IRL,Ireland,European Region,2019,Blood,Escherichia coli,Ceftazidime,5053,2509,273,10.880829015544,10.880829015544041,-4.085620730620576e-14,True
IRL,Ireland,European Region,2019,Blood,Escherichia coli,Ceftriaxone,5053,1237,155,12.5303152789006,12.530315278900567,3.375077994860476e-14,True
IRL,Ireland,European Region,2019,Blood,Escherichia coli,Ciprofloxacin,5053,3223,656,20.3537077257214,20.353707725721378,2.1316282072803006e-14,True
IRL,Ireland,European Region,2019,Blood,Escherichia coli,Ertapenem,5053,2374,1,0.04212299915754,0.04212299915754002,-1.3877787807814457e-17,True
IRL,Ireland,European Region,2019,Blood,Escherichia coli,Imipenem,5053,540,0,0.0,0.0,0.0,True
IRL,Ireland,European Region,2019,Blood,Escherichia coli,Levofloxacin,5053,400,72,18.0,18.0,0.0,True
IRL,Ireland,European Region,2019,Blood,Escherichia coli,Meropenem,5053,3229,0,0.0,0.0,0.0,True
IRL,Ireland,European Region,2019,Blood,Escherichia coli,Tinidazole,5053,1237,155,12.5303152789006,12.530315278900567,3.375077994860476e-14,True
IRL,Ireland,European Region,2019,Blood,Klebsiella pneumoniae,Cefepime,5053,237,26,10.9704641350211,10.970464135021098,1.7763568394002505e-15,True
IRL,Ireland,European Region,2019,Blood,Klebsiella pneumoniae,Cefotaxime,5053,457,66,14.4420131291028,14.442013129102845,-4.440892098500626e-14,True
IRL,Ireland,European Region,2019,Blood,Klebsiella pneumoniae,Ceftazidime,5053,435,68,15.632183908046,15.632183908045977,2.3092638912203256e-14,True
IRL,Ireland,European Region,2019,Blood,Klebsiella pneumoniae,Ceftriaxone,5053,182,33,18.1318681318681,18.13186813186813,-3.197442310920451e-14,True
IRL,Ireland,European Region,2019,Blood,Klebsiella pneumoniae,Ciprofloxacin,5053,525,91,17.3333333333333,17.333333333333336,-3.552713678800501e-14,True
IRL,Ireland,European Region,2019,Blood,Klebsiella pneumoniae,Ertapenem,5053,376,4,1.06382978723404,1.0638297872340425,-2.4424906541753444e-15,True
IRL,Ireland,European Region,2019,Blood,Klebsiella pneumoniae,Imipenem,5053,66,1,1.51515151515152,1.5151515151515151,4.884981308350689e-15,True
IRL,Ireland,European Region,2019,Blood,Klebsiella pneumoniae,Levofloxacin,5053,49,8,16.3265306122449,16.3265306122449,0.0,True
IRL,Ireland,European Region,2019,Blood,Klebsiella pneumoniae,Meropenem,5053,527,5,0.94876660341556,0.9487666034155597,2.220446049250313e-16,True
IRL,Ireland,European Region,2019,Blood,Staphylococcus aureus,Cefoxitin,5053,448,67,14.9553571428571,14.955357142857142,-4.263256414560601e-14,True
IRL,Ireland,European Region,2019,Blood,Staphylococcus aureus,Meticillin,5053,448,67,14.9553571428571,14.955357142857142,-4.263256414560601e-14,True
IRL,Ireland,European Region,2019,Blood,Staphylococcus aureus,Oxacillin,5053,885,113,12.7683615819209,12.768361581920903,-3.552713678800501e-15,True
IRL,Ireland,European Region,2019,Blood,Streptococcus pneumoniae,Benzylpenicillin,5053,348,0,0.0,0.0,0.0,True
IRL,Ireland,European Region,2019,Blood,Streptococcus pneumoniae,Cefotaxime,5053,307,0,0.0,0.0,0.0,True
IRL,Ireland,European Region,2019,Blood,Streptococcus pneumoniae,Ceftriaxone,5053,219,1,0.45662100456621,0.45662100456621,0.0,True
IRL,Ireland,European Region,2019,Blood,Streptococcus pneumoniae,Oxacillin,5053,138,25,18.1159420289855,18.115942028985508,-7.105427357601002e-15,True
IRL,Ireland,European Region,2020,Blood,Escherichia coli,Tinidazole,3278,1823,194,10.6417992320351,10.641799232035106,-7.105427357601002e-15,True
IRL,Ireland,European Region,2020,Blood,Staphylococcus aureus,Meticillin,3278,343,48,13.9941690962099,13.994169096209912,-1.2434497875801753e-14,True
IRN,Iran (Islamic Republic Of),Eastern Mediterranean Region,2017,Blood,Escherichia coli,Tinidazole,30,10,9,90.0,90.0,0.0,True
IRN,Iran (Islamic Republic Of),Eastern Mediterranean Region,2018,Blood,Escherichia coli,Tinidazole,1826,195,129,66.1538461538461,66.15384615384615,-4.263256414560601e-14,True
IRN,Iran (Islamic Republic Of),Eastern Mediterranean Region,2019,Blood,Acinetobacter,Amikacin,2277,526,360,68.4410646387833,68.44106463878326,4.263256414560601e-14,True
IRN,Iran (Islamic Republic Of),Eastern Mediterranean Region,2019,Blood,Acinetobacter,Colistin,2277,105,10,9.52380952380952,9.523809523809524,-3.552713678800501e-15,True
IRN,Iran (Islamic Republic Of),Eastern Mediterranean Region,2019,Blood,Acinetobacter,Gentamicin,2277,194,143,73.7113402061856,73.71134020618557,2.842170943040401e-14,True
IRN,Iran (Islamic Republic Of),Eastern Mediterranean Region,2019,Blood,Acinetobacter,Imipenem,2277,292,243,83.2191780821918,83.21917808219177,2.842170943040401e-14,True
IRN,Iran (Islamic Republic Of),Eastern Mediterranean Region,2019,Blood,Acinetobacter,Meropenem,2277,355,283,79.7183098591549,79.71830985915493,-2.842170943040401e-14,True
IRN,Iran (Islamic Republic Of),Eastern Mediterranean Region,2019,Blood,Acinetobacter,Minocycline,2277,120,12,10.0,10.0,0.0,True
IRN,Iran (Islamic Republic Of),Eastern Mediterranean Region,2019,Blood,Escherichia coli,Ampicillin,2277,265,231,87.1698113207547,87.16981132075472,-1.4210854715202004e-14,True
IRN,Iran (Islamic Republic Of),Eastern Mediterranean Region,2019,Blood,Escherichia coli,Cefepime,2277,547,300,54.8446069469835,54.844606946983546,-4.973799150320701e-14,True
IRN,Iran (Islamic Republic Of),Eastern Mediterranean Region,2019,Blood,Escherichia coli,Cefotaxime,2277,401,282,70.3241895261845,70.32418952618454,-4.263256414560601e-14,True
IRN,Iran (Islamic Republic Of),Eastern Mediterranean Region,2019,Blood,Escherichia coli,Ceftazidime,2277,481,292,60.7068607068607,60.70686070686071,-7.105427357601002e-15,True
IRN,Iran (Islamic Republic Of),Eastern Mediterranean Region,2019,Blood,Escherichia coli,Ceftriaxone,2277,484,328,67.7685950413223,67.76859504132231,-1.4210854715202004e-14,True
IRN,Iran (Islamic Republic Of),Eastern Mediterranean Region,2019,Blood,Escherichia coli,Ciprofloxacin,2277,506,318,62.8458498023715,62.845849802371546,-4.973799150320701e-14,True
IRN,Iran (Islamic Republic Of),Eastern Mediterranean Region,2019,Blood,Escherichia coli,Colistin,2277,12,6,50.0,50.0,0.0,True
IRN,Iran (Islamic Republic Of),Eastern Mediterranean Region,2019,Blood,Escherichia coli,Imipenem,2277,460,67,14.5652173913043,14.565217391304348,-4.796163466380676e-14,True
IRN,Iran (Islamic Republic Of),Eastern Mediterranean Region,2019,Blood,Escherichia coli,Meropenem,2277,283,1,0.353356890459364,0.35335689045936397,5.551115123125783e-17,True
IRN,Iran (Islamic Republic Of),Eastern Mediterranean Region,2019,Blood,Escherichia coli,Tinidazole,2277,401,282,70.3241895261845,70.32418952618454,-4.263256414560601e-14,True
IRN,Iran (Islamic Republic Of),Eastern Mediterranean Region,2019,Blood,Escherichia coli,Trimethoprim/sulfamethoxazole,2277,550,368,66.9090909090909,66.9090909090909,0.0,True
IRN,Iran (Islamic Republic Of),Eastern Mediterranean Region,2019,Blood,Klebsiella pneumoniae,Cefepime,2277,427,244,57.1428571428571,57.14285714285714,-3.552713678800501e-14,True
IRN,Iran (Islamic Republic Of),Eastern Mediterranean Region,2019,Blood,Klebsiella pneumoniae,Cefotaxime,2277,186,144,77.4193548387097,77.41935483870968,1.4210854715202004e-14,True
IRN,Iran (Islamic Republic Of),Eastern Mediterranean Region,2019,Blood,Klebsiella pneumoniae,Ceftazidime,2277,379,257,67.8100263852243,67.81002638522428,2.842170943040401e-14,True
IRN,Iran (Islamic Republic Of),Eastern Mediterranean Region,2019,Blood,Klebsiella pneumoniae,Ceftriaxone,2277,237,182,76.7932489451477,76.79324894514767,2.842170943040401e-14,True
IRN,Iran (Islamic Republic Of),Eastern Mediterranean Region,2019,Blood,Klebsiella pneumoniae,Ciprofloxacin,2277,384,230,59.8958333333333,59.895833333333336,-3.552713678800501e-14,True
IRN,Iran (Islamic Republic Of),Eastern Mediterranean Region,2019,Blood,Klebsiella pneumoniae,Colistin,2277,47,0,0.0,0.0,0.0,True
IRN,Iran (Islamic Republic Of),Eastern Mediterranean Region,2019,Blood,Klebsiella pneumoniae,Imipenem,2277,233,121,51.931330472103,51.931330472103,0.0,True
IRN,Iran (Islamic Republic Of),Eastern Mediterranean Region,2019,Blood,Klebsiella pneumoniae,Meropenem,2277,290,112,38.6206896551724,38.62068965517241,-1.4210854715202004e-14,True
IRN,Iran (Islamic Republic Of),Eastern Mediterranean Region,2019,Blood,Klebsiella pneumoniae,Trimethoprim/sulfamethoxazole,2277,409,229,55.9902200488998,55.99022004889975,4.973799150320701e-14,True
IRN,Iran (Islamic Republic Of),Eastern Mediterranean Region,2019,Blood,Salmonella,Ceftazidime,2277,14,5,35.7142857142857,35.714285714285715,-1.4210854715202004e-14,True
IRN,Iran (Islamic Republic Of),Eastern Mediterranean Region,2019,Blood,Salmonella,Ceftriaxone,2277,19,5,26.3157894736842,26.31578947368421,-7.105427357601002e-15,True
IRN,Iran (Islamic Republic Of),Eastern Mediterranean Region,2019,Blood,Salmonella,Ciprofloxacin,2277,19,3,15.7894736842105,15.789473684210526,-2.4868995751603507e-14,True
IRN,Iran (Islamic Republic Of),Eastern Mediterranean Region,2019,Blood,Staphylococcus aureus,Cefoxitin,2277,458,179,39.0829694323144,39.082969432314414,-1.4210854715202004e-14,True
IRN,Iran (Islamic Republic Of),Eastern Mediterranean Region,2019,Blood,Streptococcus pneumoniae,Benzylpenicillin,2277,17,11,64.7058823529412,64.70588235294117,2.842170943040401e-14,True
IRN,Iran (Islamic Republic Of),Eastern Mediterranean Region,2019,Blood,Streptococcus pneumoniae,Oxacillin,2277,12,10,83.3333333333333,83.33333333333334,-4.263256414560601e-14,True
IRN,Iran (Islamic Republic Of),Eastern Mediterranean Region,2019,Blood,Streptococcus pneumoniae,Trimethoprim/sulfamethoxazole,2277,25,17,68.0,68.0,0.0,True
IRN,Iran (Islamic Republic Of),Eastern Mediterranean Region,2019,Stool,Salmonella,Ceftriaxone,25,11,0,0.0,0.0,0.0,True
IRN,Iran (Islamic Republic Of),Eastern Mediterranean Region,2019,Stool,Salmonella,Ciprofloxacin,25,12,0,0.0,0.0,0.0,True
IRN,Iran (Islamic Republic Of),Eastern Mediterranean Region,2019,Stool,Shigella,Ciprofloxacin,25,10,1,10.0,10.0,0.0,True
IRN,Iran (Islamic Republic Of),Eastern Mediterranean Region,2019,Urine,Escherichia coli,Ampicillin,7065,2332,2112,90.5660377358491,90.56603773584906,2.842170943040401e-14,True
IRN,Iran (Islamic Republic Of),Eastern Mediterranean Region,2019,Urine,Escherichia coli,Cefepime,7065,3464,1950,56.2933025404157,56.2933025404157,0.0,True
IRN,Iran (Islamic Republic Of),Eastern Mediterranean Region,2019,Urine,Escherichia coli,Cefotaxime,7065,3428,2291,66.8319719953326,66.83197199533255,4.263256414560601e-14,True
IRN,Iran (Islamic Republic Of),Eastern Mediterranean Region,2019,Urine,Escherichia coli,Ceftazidime,7065,3641,2206,60.5877506179621,60.5877506179621,0.0,True
IRN,Iran (Islamic Republic Of),Eastern Mediterranean Region,2019,Urine,Escherichia coli,Ceftriaxone,7065,3319,2206,66.4658029526966,66.46580295269659,1.4210854715202004e-14,True
IRN,Iran (Islamic Republic Of),Eastern Mediterranean Region,2019,Urine,Escherichia coli,Ciprofloxacin,7065,4547,2616,57.5324389707499,57.53243897074994,-4.263256414560601e-14,True
IRN,Iran (Islamic Republic Of),Eastern Mediterranean Region,2019,Urine,Escherichia coli,Imipenem,7065,3348,557,16.636798088411,16.63679808841099,7.105427357601002e-15,True
IRN,Iran (Islamic Republic Of),Eastern Mediterranean Region,2019,Urine,Escherichia coli,Meropenem,7065,1322,22,1.66414523449319,1.6641452344931922,-2.220446049250313e-15,True
IRN,Iran (Islamic Republic Of),Eastern Mediterranean Region,2019,Urine,Escherichia coli,Trimethoprim/sulfamethoxazole,7065,4463,3039,68.0932108447233,68.09321084472329,1.4210854715202004e-14,True
IRN,Iran (Islamic Republic Of),Eastern Mediterranean Region,2019,Urine,Klebsiella pneumoniae,Cefepime,7065,1011,654,64.6884272997033,64.68842729970326,4.263256414560601e-14,True
IRN,Iran (Islamic Republic Of),Eastern Mediterranean Region,2019,Urine,Klebsiella pneumoniae,Cefotaxime,7065,663,367,55.3544494720965,55.35444947209653,-3.552713678800501e-14,True
IRN,Iran (Islamic Republic Of),Eastern Mediterranean Region,2019,Urine,Klebsiella pneumoniae,Ceftazidime,7065,1080,735,68.0555555555556,68.05555555555556,4.263256414560601e-14,True
IRN,Iran (Islamic Republic Of),Eastern Mediterranean Region,2019,Urine,Klebsiella pneumoniae,Ceftriaxone,7065,578,343,59.3425605536332,59.34256055363322,-2.1316282072803006e-14,True
IRN,Iran (Islamic Republic Of),Eastern Mediterranean Region,2019,Urine,Klebsiella pneumoniae,Ciprofloxacin,7065,1311,719,54.8436308161709,54.843630816170865,3.552713678800501e-14,True
IRN,Iran (Islamic Republic Of),Eastern Mediterranean Region,2019,Urine,Klebsiella pneumoniae,Colistin,7065,180,0,0.0,0.0,0.0,True
IRN,Iran (Islamic Republic Of),Eastern Mediterranean Region,2019,Urine,Klebsiella pneumoniae,Imipenem,7065,536,156,29.1044776119403,29.1044776119403,0.0,True
IRN,Iran (Islamic Republic Of),Eastern Mediterranean Region,2019,Urine,Klebsiella pneumoniae,Meropenem,7065,713,341,47.8260869565217,47.82608695652174,-4.263256414560601e-14,True
IRN,Iran (Islamic Republic Of),Eastern Mediterranean Region,2019,Urine,Klebsiella pneumoniae,Trimethoprim/sulfamethoxazole,7065,1259,709,56.3145353455123,56.314535345512304,-7.105427357601002e-15,True
IRN,Iran (Islamic Republic Of),Eastern Mediterranean Region,2020,Blood,Escherichia coli,Tinidazole,1854,325,225,69.2307692307692,69.23076923076923,-2.842170943040401e-14,True
IRQ,Iraq,Eastern Mediterranean Region,2019,Blood,Acinetobacter,Imipenem,55,25,16,64.0,64.0,0.0,True
IRQ,Iraq,Eastern Mediterranean Region,2019,Blood,Acinetobacter,Meropenem,55,10,6,60.0,60.0,0.0,True
IRQ,Iraq,Eastern Mediterranean Region,2019,Blood,Escherichia coli,Ciprofloxacin,55,11,5,45.4545454545455,45.45454545454545,4.973799150320701e-14,True
IRQ,Iraq,Eastern Mediterranean Region,2019,Blood,Escherichia coli,Imipenem,55,14,1,7.14285714285714,7.142857142857142,-2.6645352591003757e-15,True
IRQ,Iraq,Eastern Mediterranean Region,2019,Blood,Salmonella,Ciprofloxacin,55,15,3,20.0,20.0,0.0,True
IRQ,Iraq,Eastern Mediterranean Region,2019,Blood,Salmonella,Imipenem,55,15,0,0.0,0.0,0.0,True
IRQ,Iraq,Eastern Mediterranean Region,2019,Blood,Salmonella,Meropenem,55,12,0,0.0,0.0,0.0,True
IRQ,Iraq,Eastern Mediterranean Region,2019,Urine,Escherichia coli,Ampicillin,859,158,151,95.5696202531646,95.56962025316456,4.263256414560601e-14,True
IRQ,Iraq,Eastern Mediterranean Region,2019,Urine,Escherichia coli,Cefepime,859,486,360,74.0740740740741,74.07407407407408,2.842170943040401e-14,True
IRQ,Iraq,Eastern Mediterranean Region,2019,Urine,Escherichia coli,Cefotaxime,859,410,326,79.5121951219512,79.51219512195122,-2.842170943040401e-14,True
IRQ,Iraq,Eastern Mediterranean Region,2019,Urine,Escherichia coli,Ceftazidime,859,341,260,76.2463343108504,76.24633431085044,-4.263256414560601e-14,True
IRQ,Iraq,Eastern Mediterranean Region,2019,Urine,Escherichia coli,Ceftriaxone,859,425,339,79.7647058823529,79.76470588235294,-4.263256414560601e-14,True
IRQ,Iraq,Eastern Mediterranean Region,2019,Urine,Escherichia coli,Ciprofloxacin,859,638,381,59.717868338558,59.71786833855799,7.105427357601002e-15,True
IRQ,Iraq,Eastern Mediterranean Region,2019,Urine,Escherichia coli,Imipenem,859,584,45,7.70547945205479,7.705479452054795,-5.329070518200751e-15,True
IRQ,Iraq,Eastern Mediterranean Region,2019,Urine,Escherichia coli,Levofloxacin,859,405,215,53.0864197530864,53.086419753086425,-2.1316282072803006e-14,True
IRQ,Iraq,Eastern Mediterranean Region,2019,Urine,Escherichia coli,Meropenem,859,581,38,6.54044750430293,6.540447504302927,3.552713678800501e-15,True
IRQ,Iraq,Eastern Mediterranean Region,2019,Urine,Escherichia coli,Trimethoprim/sulfamethoxazole,859,257,194,75.4863813229572,75.4863813229572,0.0,True
IRQ,Iraq,Eastern Mediterranean Region,2019,Urine,Klebsiella pneumoniae,Cefepime,859,61,50,81.9672131147541,81.9672131147541,0.0,True
IRQ,Iraq,Eastern Mediterranean Region,2019,Urine,Klebsiella pneumoniae,Cefotaxime,859,32,29,90.625,90.625,0.0,True
IRQ,Iraq,Eastern Mediterranean Region,2019,Urine,Klebsiella pneumoniae,Ceftazidime,859,31,28,90.3225806451613,90.32258064516128,1.4210854715202004e-14,True
IRQ,Iraq,Eastern Mediterranean Region,2019,Urine,Klebsiella pneumoniae,Ceftriaxone,859,45,35,77.7777777777778,77.77777777777779,1.4210854715202004e-14,True
IRQ,Iraq,Eastern Mediterranean Region,2019,Urine,Klebsiella pneumoniae,Ciprofloxacin,859,88,46,52.2727272727273,52.27272727272727,2.842170943040401e-14,True
IRQ,Iraq,Eastern Mediterranean Region,2019,Urine,Klebsiella pneumoniae,Imipenem,859,83,19,22.8915662650602,22.89156626506024,-4.263256414560601e-14,True
IRQ,Iraq,Eastern Mediterranean Region,2019,Urine,Klebsiella pneumoniae,Levofloxacin,859,40,23,57.5,57.49999999999999,7.105427357601002e-15,True
IRQ,Iraq,Eastern Mediterranean Region,2019,Urine,Klebsiella pneumoniae,Meropenem,859,63,16,25.3968253968254,25.396825396825395,3.552713678800501e-15,True
IRQ,Iraq,Eastern Mediterranean Region,2019,Urine,Klebsiella pneumoniae,Trimethoprim/sulfamethoxazole,859,16,12,75.0,75.0,0.0,True
ITA,Italy,European Region,2019,Blood,Acinetobacter,Amikacin,37247,1584,1158,73.1060606060606,73.10606060606061,-1.4210854715202004e-14,True
ITA,Italy,European Region,2019,Blood,Acinetobacter,Colistin,37247,1108,97,8.75451263537906,8.754512635379061,-1.7763568394002505e-15,True
ITA,Italy,European Region,2019,Blood,Acinetobacter,Gentamicin,37247,1636,1289,78.7897310513447,78.78973105134475,-4.263256414560601e-14,True
ITA,Italy,European Region,2019,Blood,Acinetobacter,Imipenem,37247,626,485,77.4760383386581,77.47603833865814,-4.263256414560601e-14,True
ITA,Italy,European Region,2019,Blood,Acinetobacter,Meropenem,37247,1587,1255,79.0800252047889,79.08002520478891,-1.4210854715202004e-14,True
ITA,Italy,European Region,2019,Blood,Escherichia coli,Ampicillin,37247,4456,3035,68.1104129263914,68.11041292639139,1.4210854715202004e-14,True
ITA,Italy,European Region,2019,Blood,Escherichia coli,Cefepime,37247,3494,993,28.4201488265598,28.420148826559817,-1.7763568394002505e-14,True
ITA,Italy,European Region,2019,Blood,Escherichia coli,Cefotaxime,37247,16458,4920,29.894276339774,29.894276339773967,3.197442310920451e-14,True
ITA,Italy,European Region,2019,Blood,Escherichia coli,Ceftazidime,37247,18265,4705,25.759649603066,25.75964960306597,2.842170943040401e-14,True
ITA,Italy,European Region,2019,Blood,Escherichia coli,Ceftriaxone,37247,1193,401,33.6127409891031,33.6127409891031,0.0,True
ITA,Italy,European Region,2019,Blood,Escherichia coli,Ciprofloxacin,37247,18392,7476,40.6481078729883,40.648107872988255,4.263256414560601e-14,True
ITA,Italy,European Region,2019,Blood,Escherichia coli,Colistin,37247,9156,109,1.19047619047619,1.1904761904761905,-4.440892098500626e-16,True
ITA,Italy,European Region,2019,Blood,Escherichia coli,Ertapenem,37247,15054,162,1.07612594659227,1.0761259465922677,2.220446049250313e-15,True
ITA,Italy,European Region,2019,Blood,Escherichia coli,Imipenem,37247,6827,32,0.468727112933939,0.4687271129339388,1.6653345369377348e-16,True
ITA,Italy,European Region,2019,Blood,Escherichia coli,Levofloxacin,37247,3400,1403,41.2647058823529,41.26470588235294,-4.263256414560601e-14,True
ITA,Italy,European Region,2019,Blood,Escherichia coli,Meropenem,37247,17055,46,0.269715625916154,0.2697156259161536,3.885780586188048e-16,True
ITA,Italy,European Region,2019,Blood,Klebsiella pneumoniae,Cefepime,37247,2111,1361,64.4718143060161,64.4718143060161,0.0,True
ITA,Italy,European Region,2019,Blood,Klebsiella pneumoniae,Cefotaxime,37247,6755,3750,55.5144337527757,55.51443375277573,-2.842170943040401e-14,True
ITA,Italy,European Region,2019,Blood,Klebsiella pneumoniae,Ceftazidime,37247,7654,4246,55.4742618238829,55.47426182388294,-4.263256414560601e-14,True
ITA,Italy,European Region,2019,Blood,Klebsiella pneumoniae,Ceftriaxone,37247,593,377,63.575042158516,63.57504215851601,-1.4210854715202004e-14,True
ITA,Italy,European Region,2019,Blood,Klebsiella pneumoniae,Ciprofloxacin,37247,7667,4200,54.7802269466545,54.780226946654494,7.105427357601002e-15,True
ITA,Italy,European Region,2019,Blood,Klebsiella pneumoniae,Colistin,37247,4495,449,9.9888765294772,9.988876529477198,1.7763568394002505e-15,True
ITA,Italy,European Region,2019,Blood,Klebsiella pneumoniae,Ertapenem,37247,6461,2244,34.7314657173812,34.73146571738121,-1.4210854715202004e-14,True
ITA,Italy,European Region,2019,Blood,Klebsiella pneumoniae,Imipenem,37247,3122,868,27.8026905829596,27.802690582959645,-4.618527782440651e-14,True
ITA,Italy,European Region,2019,Blood,Klebsiella pneumoniae,Levofloxacin,37247,1537,909,59.1411841249187,59.14118412491868,2.1316282072803006e-14,True
ITA,Italy,European Region,2019,Blood,Klebsiella pneumoniae,Meropenem,37247,7314,2030,27.7549904293136,27.754990429313647,-4.618527782440651e-14,True
ITA,Italy,European Region,2019,Blood,Staphylococcus aureus,Cefoxitin,37247,3786,1467,38.7480190174326,38.74801901743265,-4.973799150320701e-14,True
ITA,Italy,European Region,2019,Blood,Staphylococcus aureus,Oxacillin,37247,8356,2944,35.2321685016754,35.232168501675446,-4.263256414560601e-14,True
ITA,Italy,European Region,2019,Blood,Streptococcus pneumoniae,Benzylpenicillin,37247,1011,40,3.9564787339268,3.956478733926805,-4.884981308350689e-15,True
ITA,Italy,European Region,2019,Blood,Streptococcus pneumoniae,Cefotaxime,37247,1157,9,0.777873811581677,0.7778738115816767,3.3306690738754696e-16,True
ITA,Italy,European Region,2019,Blood,Streptococcus pneumoniae,Ceftriaxone,37247,940,5,0.531914893617021,0.5319148936170213,-2.220446049250313e-16,True
JOR,Jordan,Eastern Mediterranean Region,2017,Blood,Escherichia coli,Ciprofloxacin,18,10,6,60.0,60.0,0.0,True
JOR,Jordan,Eastern Mediterranean Region,2017,Blood,Escherichia coli,Ertapenem,18,10,0,0.0,0.0,0.0,True
JOR,Jordan,Eastern Mediterranean Region,2017,Blood,Escherichia coli,Imipenem,18,10,0,0.0,0.0,0.0,True
JOR,Jordan,Eastern Mediterranean Region,2018,Blood,Escherichia coli,Ciprofloxacin,345,45,27,60.0,60.0,0.0,True
JOR,Jordan,Eastern Mediterranean Region,2018,Blood,Escherichia coli,Ertapenem,345,41,0,0.0,0.0,0.0,True
JOR,Jordan,Eastern Mediterranean Region,2018,Blood,Escherichia coli,Imipenem,345,97,0,0.0,0.0,0.0,True
JOR,Jordan,Eastern Mediterranean Region,2019,Blood,Acinetobacter,Amikacin,625,11,7,63.6363636363636,63.63636363636363,-3.552713678800501e-14,True
JOR,Jordan,Eastern Mediterranean Region,2019,Blood,Acinetobacter,Colistin,625,52,0,0.0,0.0,0.0,True
JOR,Jordan,Eastern Mediterranean Region,2019,Blood,Acinetobacter,Gentamicin,625,47,38,80.8510638297872,80.85106382978722,-2.842170943040401e-14,True
JOR,Jordan,Eastern Mediterranean Region,2019,Blood,Acinetobacter,Imipenem,625,76,63,82.8947368421053,82.89473684210526,4.263256414560601e-14,True
JOR,Jordan,Eastern Mediterranean Region,2019,Blood,Acinetobacter,Meropenem,625,69,62,89.8550724637681,89.85507246376811,-1.4210854715202004e-14,True
JOR,Jordan,Eastern Mediterranean Region,2019,Blood,Acinetobacter,Minocycline,625,27,8,29.6296296296296,29.629629629629626,-2.4868995751603507e-14,True
JOR,Jordan,Eastern Mediterranean Region,2019,Blood,Acinetobacter,Tigecycline,625,37,2,5.40540540540541,5.405405405405405,4.440892098500626e-15,True
JOR,Jordan,Eastern Mediterranean Region,2019,Blood,Escherichia coli,Ampicillin,625,57,49,85.9649122807018,85.96491228070175,4.263256414560601e-14,True
JOR,Jordan,Eastern Mediterranean Region,2019,Blood,Escherichia coli,Cefepime,625,150,87,58.0,57.99999999999999,7.105427357601002e-15,True
JOR,Jordan,Eastern Mediterranean Region,2019,Blood,Escherichia coli,Cefotaxime,625,27,18,66.6666666666667,66.66666666666666,4.263256414560601e-14,True
JOR,Jordan,Eastern Mediterranean Region,2019,Blood,Escherichia coli,Ceftazidime,625,30,17,56.6666666666667,56.666666666666664,3.552713678800501e-14,True
JOR,Jordan,Eastern Mediterranean Region,2019,Blood,Escherichia coli,Ceftriaxone,625,146,97,66.4383561643836,66.43835616438356,4.263256414560601e-14,True
JOR,Jordan,Eastern Mediterranean Region,2019,Blood,Escherichia coli,Ciprofloxacin,627,93,56,60.2150537634409,60.215053763440864,3.552713678800501e-14,True
JOR,Jordan,Eastern Mediterranean Region,2019,Blood,Escherichia coli,Colistin,625,37,0,0.0,0.0,0.0,True
JOR,Jordan,Eastern Mediterranean Region,2019,Blood,Escherichia coli,Ertapenem,627,78,3,3.84615384615385,3.8461538461538463,3.552713678800501e-15,True
JOR,Jordan,Eastern Mediterranean Region,2019,Blood,Escherichia coli,Imipenem,627,168,7,4.16666666666667,4.166666666666666,3.552713678800501e-15,True
JOR,Jordan,Eastern Mediterranean Region,2019,Blood,Escherichia coli,Levofloxacin,625,151,96,63.5761589403974,63.576158940397356,4.263256414560601e-14,True
JOR,Jordan,Eastern Mediterranean Region,2019,Blood,Escherichia coli,Meropenem,625,104,1,0.961538461538462,0.9615384615384616,4.440892098500626e-16,True
JOR,Jordan,Eastern Mediterranean Region,2019,Blood,Escherichia coli,Trimethoprim/sulfamethoxazole,625,66,30,45.4545454545455,45.45454545454545,4.973799150320701e-14,True
JOR,Jordan,Eastern Mediterranean Region,2019,Blood,Klebsiella pneumoniae,Cefepime,625,104,63,60.5769230769231,60.57692307692307,2.842170943040401e-14,True
JOR,Jordan,Eastern Mediterranean Region,2019,Blood,Klebsiella pneumoniae,Cefotaxime,625,21,16,76.1904761904762,76.19047619047619,1.4210854715202004e-14,True
JOR,Jordan,Eastern Mediterranean Region,2019,Blood,Klebsiella pneumoniae,Ceftazidime,625,19,11,57.8947368421053,57.89473684210527,3.552713678800501e-14,True
JOR,Jordan,Eastern Mediterranean Region,2019,Blood,Klebsiella pneumoniae,Ceftriaxone,625,100,74,74.0,74.0,0.0,True
JOR,Jordan,Eastern Mediterranean Region,2019,Blood,Klebsiella pneumoniae,Ciprofloxacin,625,60,29,48.3333333333333,48.333333333333336,-3.552713678800501e-14,True
JOR,Jordan,Eastern Mediterranean Region,2019,Blood,Klebsiella pneumoniae,Colistin,625,41,6,14.6341463414634,14.634146341463413,-1.4210854715202004e-14,True
JOR,Jordan,Eastern Mediterranean Region,2019,Blood,Klebsiella pneumoniae,Ertapenem,625,55,14,25.4545454545455,25.454545454545453,4.618527782440651e-14,True
JOR,Jordan,Eastern Mediterranean Region,2019,Blood,Klebsiella pneumoniae,Imipenem,625,120,20,16.6666666666667,16.666666666666664,3.552713678800501e-14,True
JOR,Jordan,Eastern Mediterranean Region,2019,Blood,Klebsiella pneumoniae,Levofloxacin,625,104,53,50.9615384615385,50.96153846153846,4.263256414560601e-14,True
JOR,Jordan,Eastern Mediterranean Region,2019,Blood,Klebsiella pneumoniae,Meropenem,625,67,11,16.4179104477612,16.417910447761194,7.105427357601002e-15,True
JOR,Jordan,Eastern Mediterranean Region,2019,Blood,Klebsiella pneumoniae,Trimethoprim/sulfamethoxazole,625,51,35,68.6274509803922,68.62745098039215,4.263256414560601e-14,True
JOR,Jordan,Eastern Mediterranean Region,2019,Blood,Staphylococcus aureus,Cefoxitin,625,99,48,48.4848484848485,48.484848484848484,1.4210854715202004e-14,True
JOR,Jordan,Eastern Mediterranean Region,2019,Blood,Staphylococcus aureus,Oxacillin,625,134,97,72.3880597014925,72.38805970149254,-4.263256414560601e-14,True
JOR,Jordan,Eastern Mediterranean Region,2019,Blood,Streptococcus pneumoniae,Ceftriaxone,625,10,1,10.0,10.0,0.0,True
JOR,Jordan,Eastern Mediterranean Region,2019,Urine,Escherichia coli,Ampicillin,5265,3369,2825,83.8527753042446,83.85277530424459,1.4210854715202004e-14,True
JOR,Jordan,Eastern Mediterranean Region,2019,Urine,Escherichia coli,Cefepime,5265,1738,650,37.3993095512083,37.39930955120829,7.105427357601002e-15,True
JOR,Jordan,Eastern Mediterranean Region,2019,Urine,Escherichia coli,Cefotaxime,5265,2347,1218,51.8960374946741,51.896037494674054,4.263256414560601e-14,True
JOR,Jordan,Eastern Mediterranean Region,2019,Urine,Escherichia coli,Ceftazidime,5265,1868,822,44.0042826552463,44.00428265524625,4.973799150320701e-14,True
JOR,Jordan,Eastern Mediterranean Region,2019,Urine,Escherichia coli,Ceftriaxone,5265,1868,888,47.5374732334047,47.53747323340471,-1.4210854715202004e-14,True
JOR,Jordan,Eastern Mediterranean Region,2019,Urine,Escherichia coli,Ciprofloxacin,5265,3586,1579,44.0323480200781,44.03234802007808,2.1316282072803006e-14,True
JOR,Jordan,Eastern Mediterranean Region,2019,Urine,Escherichia coli,Colistin,5265,15,0,0.0,0.0,0.0,True
JOR,Jordan,Eastern Mediterranean Region,2019,Urine,Escherichia coli,Ertapenem,5265,2427,29,1.19489081170169,1.1948908117016894,6.661338147750939e-16,True
JOR,Jordan,Eastern Mediterranean Region,2019,Urine,Escherichia coli,Imipenem,5265,4115,69,1.6767922235723,1.6767922235722963,3.774758283725532e-15,True
JOR,Jordan,Eastern Mediterranean Region,2019,Urine,Escherichia coli,Levofloxacin,5265,1467,700,47.7164280845262,47.71642808452625,-4.973799150320701e-14,True
JOR,Jordan,Eastern Mediterranean Region,2019,Urine,Escherichia coli,Meropenem,5265,2312,32,1.3840830449827,1.384083044982699,8.881784197001252e-16,True
JOR,Jordan,Eastern Mediterranean Region,2019,Urine,Escherichia coli,Trimethoprim/sulfamethoxazole,5265,3623,1970,54.3748274910295,54.374827491029535,-3.552713678800501e-14,True
JOR,Jordan,Eastern Mediterranean Region,2019,Urine,Klebsiella pneumoniae,Cefepime,5265,422,182,43.1279620853081,43.127962085308056,4.263256414560601e-14,True
JOR,Jordan,Eastern Mediterranean Region,2019,Urine,Klebsiella pneumoniae,Cefotaxime,5265,445,234,52.5842696629213,52.58426966292134,-4.263256414560601e-14,True
JOR,Jordan,Eastern Mediterranean Region,2019,Urine,Klebsiella pneumoniae,Ceftazidime,5265,448,204,45.5357142857143,45.535714285714285,1.4210854715202004e-14,True
JOR,Jordan,Eastern Mediterranean Region,2019,Urine,Klebsiella pneumoniae,Ceftriaxone,5265,381,203,53.2808398950131,53.28083989501312,-2.1316282072803006e-14,True
JOR,Jordan,Eastern Mediterranean Region,2019,Urine,Klebsiella pneumoniae,Ciprofloxacin,5265,736,228,30.9782608695652,30.978260869565215,-1.4210854715202004e-14,True
JOR,Jordan,Eastern Mediterranean Region,2019,Urine,Klebsiella pneumoniae,Colistin,5265,27,0,0.0,0.0,0.0,True
JOR,Jordan,Eastern Mediterranean Region,2019,Urine,Klebsiella pneumoniae,Ertapenem,5265,512,41,8.0078125,8.0078125,0.0,True
JOR,Jordan,Eastern Mediterranean Region,2019,Urine,Klebsiella pneumoniae,Imipenem,5265,815,57,6.99386503067485,6.993865030674846,3.552713678800501e-15,True
JOR,Jordan,Eastern Mediterranean Region,2019,Urine,Klebsiella pneumoniae,Levofloxacin,5265,348,107,30.7471264367816,30.747126436781606,-7.105427357601002e-15,True
JOR,Jordan,Eastern Mediterranean Region,2019,Urine,Klebsiella pneumoniae,Meropenem,5265,457,44,9.62800875273523,9.62800875273523,0.0,True
JOR,Jordan,Eastern Mediterranean Region,2019,Urine,Klebsiella pneumoniae,Trimethoprim/sulfamethoxazole,5265,703,329,46.7994310099573,46.799431009957324,-2.1316282072803006e-14,True
JOR,Jordan,Eastern Mediterranean Region,2020,Blood,Escherichia coli,Ciprofloxacin,446,58,31,53.448275862069,53.44827586206896,4.263256414560601e-14,True
JOR,Jordan,Eastern Mediterranean Region,2020,Blood,Escherichia coli,Ertapenem,446,70,0,0.0,0.0,0.0,True
JOR,Jordan,Eastern Mediterranean Region,2020,Blood,Escherichia coli,Imipenem,446,99,7,7.07070707070707,7.07070707070707,0.0,True
JPN,Japan,Western Pacific Region,2017,Blood,Acinetobacter,Amikacin,168145,1370,13,0.948905109489051,0.948905109489051,0.0,True
JPN,Japan,Western Pacific Region,2017,Blood,Acinetobacter,Imipenem,168145,746,10,1.34048257372654,1.3404825737265416,-1.5543122344752192e-15,True
JPN,Japan,Western Pacific Region,2017,Blood,Acinetobacter,Meropenem,168145,1377,14,1.01670297748729,1.016702977487291,-1.1102230246251565e-15,True
JPN,Japan,Western Pacific Region,2017,Blood,Acinetobacter,Minocycline,168145,1283,1,0.0779423226812159,0.0779423226812159,0.0,True
JPN,Japan,Western Pacific Region,2017,Blood,Escherichia coli,Ampicillin,168145,89176,37449,41.9944828204898,41.99448282048982,-2.1316282072803006e-14,True
JPN,Japan,Western Pacific Region,2017,Blood,Escherichia coli,Cefepime,168145,84134,9745,11.5827132907029,11.582713290702925,-2.4868995751603507e-14,True
JPN,Japan,Western Pacific Region,2017,Blood,Escherichia coli,Cefotaxime,168145,70749,13937,19.6992183635104,19.699218363510436,-3.552713678800501e-14,True
JPN,Japan,Western Pacific Region,2017,Blood,Escherichia coli,Ceftazidime,168145,91174,7919,8.6855901901858,8.685590190185799,1.7763568394002505e-15,True
JPN,Japan,Western Pacific Region,2017,Blood,Escherichia coli,Ceftriaxone,168145,67803,13305,19.6230255298438,19.62302552984381,-1.0658141036401503e-14,True
JPN,Japan,Western Pacific Region,2017,Blood,Escherichia coli,Ciprofloxacin,168145,44410,13051,29.3875253321324,29.3875253321324,0.0,True
JPN,Japan,Western Pacific Region,2017,Blood,Escherichia coli,Imipenem,168145,86024,19,0.022086859481075,0.022086859481075048,-4.85722573273506e-17,True
JPN,Japan,Western Pacific Region,2017,Blood,Escherichia coli,Levofloxacin,168145,92233,26586,28.8248240868236,28.824824086823586,1.4210854715202004e-14,True
JPN,Japan,Western Pacific Region,2017,Blood,Escherichia coli,Meropenem,168145,93886,46,0.0489955903968643,0.04899559039686428,1.3877787807814457e-17,True
JPN,Japan,Western Pacific Region,2017,Blood,Escherichia coli,Tinidazole,168145,70749,13937,19.6992183635104,19.699218363510436,-3.552713678800501e-14,True
JPN,Japan,Western Pacific Region,2017,Blood,Klebsiella pneumoniae,Cefepime,168145,28335,908,3.20451738133051,3.20451738133051,0.0,True
JPN,Japan,Western Pacific Region,2017,Blood,Klebsiella pneumoniae,Cefotaxime,168145,23739,1421,5.9859303256245,5.9859303256245,0.0,True
JPN,Japan,Western Pacific Region,2017,Blood,Klebsiella pneumoniae,Ceftazidime,168145,30547,930,3.04448882050611,3.0444888205061056,4.440892098500626e-15,True
JPN,Japan,Western Pacific Region,2017,Blood,Klebsiella pneumoniae,Ceftriaxone,168145,22834,1370,5.99982482263292,5.999824822632916,4.440892098500626e-15,True
JPN,Japan,Western Pacific Region,2017,Blood,Klebsiella pneumoniae,Ciprofloxacin,168145,14785,429,2.90158944876564,2.901589448765641,-8.881784197001252e-16,True
JPN,Japan,Western Pacific Region,2017,Blood,Klebsiella pneumoniae,Imipenem,168145,28936,28,0.0967652750898535,0.09676527508985347,2.7755575615628914e-17,True
JPN,Japan,Western Pacific Region,2017,Blood,Klebsiella pneumoniae,Levofloxacin,168145,30774,547,1.77747449145382,1.7774744914538245,-4.440892098500626e-15,True
JPN,Japan,Western Pacific Region,2017,Blood,Klebsiella pneumoniae,Meropenem,168145,31487,56,0.177851176676089,0.17785117667608855,4.440892098500626e-16,True
JPN,Japan,Western Pacific Region,2017,Blood,Salmonella,Cefotaxime,168145,485,7,1.44329896907216,1.443298969072165,-4.884981308350689e-15,True
JPN,Japan,Western Pacific Region,2017,Blood,Salmonella,Ceftazidime,168145,621,7,1.12721417069243,1.1272141706924315,-1.5543122344752192e-15,True
JPN,Japan,Western Pacific Region,2017,Blood,Salmonella,Ceftriaxone,168145,425,5,1.17647058823529,1.1764705882352942,-4.218847493575595e-15,True
JPN,Japan,Western Pacific Region,2017,Blood,Salmonella,Ciprofloxacin,168145,301,4,1.32890365448505,1.3289036544850499,2.220446049250313e-16,True
JPN,Japan,Western Pacific Region,2017,Blood,Salmonella,Imipenem,168145,584,0,0.0,0.0,0.0,True
JPN,Japan,Western Pacific Region,2017,Blood,Salmonella,Levofloxacin,168145,651,8,1.22887864823349,1.228878648233487,2.886579864025407e-15,True
JPN,Japan,Western Pacific Region,2017,Blood,Salmonella,Meropenem,168145,607,0,0.0,0.0,0.0,True
JPN,Japan,Western Pacific Region,2017,Blood,Staphylococcus aureus,Meticillin,168145,35295,14319,40.5694857628559,40.569485762855926,-2.842170943040401e-14,True
JPN,Japan,Western Pacific Region,2017,Blood,Streptococcus pneumoniae,Benzylpenicillin,168145,4834,2,0.0413736036408771,0.04137360364087712,-1.3877787807814457e-17,True
JPN,Japan,Western Pacific Region,2017,Blood,Streptococcus pneumoniae,Cefotaxime,168145,3744,16,0.427350427350427,0.4273504273504274,-3.885780586188048e-16,True
JPN,Japan,Western Pacific Region,2017,Blood,Streptococcus pneumoniae,Ceftriaxone,168145,4170,19,0.455635491606715,0.4556354916067146,3.885780586188048e-16,True
JPN,Japan,Western Pacific Region,2017,Genital,Neisseria gonorrhoeae,Azithromycin,982,982,115,11.7107942973523,11.710794297352342,-4.263256414560601e-14,True
JPN,Japan,Western Pacific Region,2017,Genital,Neisseria gonorrhoeae,Cefixime,982,969,300,30.9597523219814,30.959752321981426,-2.4868995751603507e-14,True
JPN,Japan,Western Pacific Region,2017,Genital,Neisseria gonorrhoeae,Ceftriaxone,982,982,42,4.27698574338086,4.276985743380855,4.440892098500626e-15,True
JPN,Japan,Western Pacific Region,2017,Genital,Neisseria gonorrhoeae,Ciprofloxacin,982,372,282,75.8064516129032,75.80645161290323,-2.842170943040401e-14,True
JPN,Japan,Western Pacific Region,2017,Genital,Neisseria gonorrhoeae,Spectinomycin,982,982,0,0.0,0.0,0.0,True
JPN,Japan,Western Pacific Region,2017,Stool,Salmonella,Cefotaxime,418,336,12,3.57142857142857,3.571428571428571,-1.3322676295501878e-15,True
JPN,Japan,Western Pacific Region,2017,Stool,Salmonella,Ceftazidime,418,336,6,1.78571428571429,1.7857142857142856,4.440892098500626e-15,True
JPN,Japan,Western Pacific Region,2017,Stool,Salmonella,Ciprofloxacin,418,336,7,2.08333333333333,2.083333333333333,-3.1086244689504383e-15,True
JPN,Japan,Western Pacific Region,2017,Stool,Salmonella,Imipenem,418,336,0,0.0,0.0,0.0,True
JPN,Japan,Western Pacific Region,2017,Stool,Salmonella,Meropenem,418,336,0,0.0,0.0,0.0,True
JPN,Japan,Western Pacific Region,2017,Stool,Shigella,Cefotaxime,418,82,9,10.9756097560976,10.975609756097562,3.730349362740526e-14,True
JPN,Japan,Western Pacific Region,2017,Stool,Shigella,Ciprofloxacin,418,82,26,31.7073170731707,31.70731707317073,-3.197442310920451e-14,True
JPN,Japan,Western Pacific Region,2017,Urine,Escherichia coli,Ampicillin,452366,350994,165534,47.161489939999,47.16148993999897,2.842170943040401e-14,True
JPN,Japan,Western Pacific Region,2017,Urine,Escherichia coli,Cefepime,452366,330125,44568,13.5003407800076,13.500340780007573,2.6645352591003757e-14,True
JPN,Japan,Western Pacific Region,2017,Urine,Escherichia coli,Cefotaxime,452366,279987,64374,22.9917817612961,22.99178176129606,3.907985046680551e-14,True
JPN,Japan,Western Pacific Region,2017,Urine,Escherichia coli,Ceftazidime,452366,361875,35110,9.70224525043178,9.70224525043178,0.0,True
JPN,Japan,Western Pacific Region,2017,Urine,Escherichia coli,Ceftriaxone,452366,272346,63232,23.2175247662899,23.21752476628994,-4.263256414560601e-14,True
JPN,Japan,Western Pacific Region,2017,Urine,Escherichia coli,Ciprofloxacin,452366,175535,68712,39.1443301905603,39.14433019056029,7.105427357601002e-15,True
JPN,Japan,Western Pacific Region,2017,Urine,Escherichia coli,Imipenem,452366,339572,107,0.0315102540845535,0.0315102540845535,0.0,True
JPN,Japan,Western Pacific Region,2017,Urine,Escherichia coli,Levofloxacin,452366,373263,140492,37.6388766097899,37.638876609789875,2.1316282072803006e-14,True
JPN,Japan,Western Pacific Region,2017,Urine,Escherichia coli,Meropenem,452366,373911,291,0.0778260067235251,0.07782600672352512,-1.3877787807814457e-17,True
JPN,Japan,Western Pacific Region,2017,Urine,Klebsiella pneumoniae,Cefepime,452366,66855,3519,5.26363024455912,5.2636302445591205,-8.881784197001252e-16,True
JPN,Japan,Western Pacific Region,2017,Urine,Klebsiella pneumoniae,Cefotaxime,452366,56311,5376,9.54698016373355,9.54698016373355,0.0,True
JPN,Japan,Western Pacific Region,2017,Urine,Klebsiella pneumoniae,Ceftazidime,452366,72699,3523,4.84600888595442,4.846008885954415,5.329070518200751e-15,True
JPN,Japan,Western Pacific Region,2017,Urine,Klebsiella pneumoniae,Ceftriaxone,452366,54649,5309,9.71472488060166,9.714724880601658,1.7763568394002505e-15,True
JPN,Japan,Western Pacific Region,2017,Urine,Klebsiella pneumoniae,Ciprofloxacin,452366,34331,1588,4.62555707669453,4.625557076694533,-2.6645352591003757e-15,True
JPN,Japan,Western Pacific Region,2017,Urine,Klebsiella pneumoniae,Imipenem,452366,68112,84,0.123326286116984,0.12332628611698379,2.0816681711721685e-16,True
JPN,Japan,Western Pacific Region,2017,Urine,Klebsiella pneumoniae,Levofloxacin,452366,74308,2268,3.05216127469452,3.052161274694515,4.884981308350689e-15,True
JPN,Japan,Western Pacific Region,2017,Urine,Klebsiella pneumoniae,Meropenem,452366,74774,175,0.234038569556263,0.23403856955626287,1.3877787807814457e-16,True
JPN,Japan,Western Pacific Region,2018,Blood,Acinetobacter,Amikacin,126859,1745,12,0.687679083094556,0.6876790830945558,2.220446049250313e-16,True
JPN,Japan,Western Pacific Region,2018,Blood,Acinetobacter,Imipenem,126859,1016,10,0.984251968503937,0.984251968503937,0.0,True
JPN,Japan,Western Pacific Region,2018,Blood,Acinetobacter,Meropenem,126859,1770,15,0.847457627118644,0.847457627118644,0.0,True
JPN,Japan,Western Pacific Region,2018,Blood,Acinetobacter,Minocycline,126859,1665,4,0.24024024024024,0.24024024024024024,-2.498001805406602e-16,True
JPN,Japan,Western Pacific Region,2018,Blood,Escherichia coli,Ampicillin,126859,69563,29207,41.986400816526,41.98640081652603,-2.842170943040401e-14,True
JPN,Japan,Western Pacific Region,2018,Blood,Escherichia coli,Cefepime,126859,66734,7899,11.8365450894596,11.836545089459646,-4.618527782440651e-14,True
JPN,Japan,Western Pacific Region,2018,Blood,Escherichia coli,Cefotaxime,126859,54633,10741,19.6602785862025,19.66027858620248,2.1316282072803006e-14,True
JPN,Japan,Western Pacific Region,2018,Blood,Escherichia coli,Ceftazidime,126859,71124,6419,9.02508295371464,9.025082953714639,1.7763568394002505e-15,True
JPN,Japan,Western Pacific Region,2018,Blood,Escherichia coli,Ceftriaxone,126859,50510,10163,20.1207681647199,20.120768164719856,4.618527782440651e-14,True
JPN,Japan,Western Pacific Region,2018,Blood,Escherichia coli,Ciprofloxacin,126859,37823,11161,29.5085001189752,29.508500118975228,-2.842170943040401e-14,True
JPN,Japan,Western Pacific Region,2018,Blood,Escherichia coli,Imipenem,126859,65770,15,0.0228067507982363,0.02280675079823628,2.0816681711721685e-17,True
JPN,Japan,Western Pacific Region,2018,Blood,Escherichia coli,Levofloxacin,126859,71346,20448,28.6603313430325,28.660331343032546,-4.618527782440651e-14,True
JPN,Japan,Western Pacific Region,2018,Blood,Escherichia coli,Meropenem,126859,72658,23,0.0316551515318341,0.03165515153183407,2.7755575615628914e-17,True
JPN,Japan,Western Pacific Region,2018,Blood,Escherichia coli,Tinidazole,126859,50510,10163,20.1207681647199,20.120768164719856,4.618527782440651e-14,True
JPN,Japan,Western Pacific Region,2018,Blood,Klebsiella pneumoniae,Cefepime,126859,22660,819,3.61429832303619,3.6142983230361874,2.6645352591003757e-15,True
JPN,Japan,Western Pacific Region,2018,Blood,Klebsiella pneumoniae,Cefotaxime,126859,18623,1086,5.83149868442249,5.831498684422488,1.7763568394002505e-15,True
JPN,Japan,Western Pacific Region,2018,Blood,Klebsiella pneumoniae,Ceftazidime,126859,23813,775,3.25452483937345,3.2545248393734516,-1.7763568394002505e-15,True
JPN,Japan,Western Pacific Region,2018,Blood,Klebsiella pneumoniae,Ceftriaxone,126859,17116,1054,6.15798083664408,6.157980836644076,3.552713678800501e-15,True
JPN,Japan,Western Pacific Region,2018,Blood,Klebsiella pneumoniae,Ciprofloxacin,126859,12558,354,2.81892021022456,2.818920210224558,1.7763568394002505e-15,True
JPN,Japan,Western Pacific Region,2018,Blood,Klebsiella pneumoniae,Imipenem,126859,22223,28,0.125995590154345,0.12599559015434458,4.163336342344337e-16,True
JPN,Japan,Western Pacific Region,2018,Blood,Klebsiella pneumoniae,Levofloxacin,126859,23966,486,2.02787281982809,2.0278728198280898,4.440892098500626e-16,True
JPN,Japan,Western Pacific Region,2018,Blood,Klebsiella pneumoniae,Meropenem,126859,24537,51,0.207849370338672,0.2078493703386722,-1.942890293094024e-16,True
JPN,Japan,Western Pacific Region,2018,Blood,Salmonella,Cefotaxime,126859,425,2,0.470588235294118,0.4705882352941176,3.885780586188048e-16,True
JPN,Japan,Western Pacific Region,2018,Blood,Salmonella,Ceftazidime,126859,527,3,0.569259962049336,0.5692599620493358,2.220446049250313e-16,True
JPN,Japan,Western Pacific Region,2018,Blood,Salmonella,Ceftriaxone,126859,385,3,0.779220779220779,0.7792207792207793,-2.220446049250313e-16,True
JPN,Japan,Western Pacific Region,2018,Blood,Salmonella,Ciprofloxacin,126859,260,2,0.769230769230769,0.7692307692307693,-2.220446049250313e-16,True
JPN,Japan,Western Pacific Region,2018,Blood,Salmonella,Imipenem,126859,491,1,0.203665987780041,0.20366598778004072,2.7755575615628914e-16,True
JPN,Japan,Western Pacific Region,2018,Blood,Salmonella,Levofloxacin,126859,545,5,0.917431192660551,0.9174311926605505,4.440892098500626e-16,True
JPN,Japan,Western Pacific Region,2018,Blood,Salmonella,Meropenem,126859,527,1,0.189753320683112,0.18975332068311196,2.7755575615628914e-17,True
JPN,Japan,Western Pacific Region,2018,Blood,Staphylococcus aureus,Meticillin,126859,23684,8536,36.0412092551934,36.04120925519338,2.1316282072803006e-14,True
JPN,Japan,Western Pacific Region,2018,Blood,Streptococcus pneumoniae,Benzylpenicillin,126859,3262,4,0.122624156958921,0.1226241569589209,9.71445146547012e-17,True
JPN,Japan,Western Pacific Region,2018,Blood,Streptococcus pneumoniae,Cefotaxime,126859,2661,10,0.375798571965427,0.37579857196542654,4.440892098500626e-16,True
JPN,Japan,Western Pacific Region,2018,Blood,Streptococcus pneumoniae,Ceftriaxone,126859,2973,7,0.235452404978137,0.23545240497813655,4.440892098500626e-16,True
JPN,Japan,Western Pacific Region,2018,Genital,Neisseria gonorrhoeae,Azithromycin,1167,1167,190,16.2810625535561,16.28106255355613,-2.842170943040401e-14,True
JPN,Japan,Western Pacific Region,2018,Genital,Neisseria gonorrhoeae,Cefixime,1167,1147,331,28.8578901482127,28.85789014821273,-2.842170943040401e-14,True
JPN,Japan,Western Pacific Region,2018,Genital,Neisseria gonorrhoeae,Ceftriaxone,1167,1167,41,3.51328191945159,3.513281919451585,4.884981308350689e-15,True
JPN,Japan,Western Pacific Region,2018,Genital,Neisseria gonorrhoeae,Ciprofloxacin,1167,881,587,66.6288308740068,66.62883087400681,-1.4210854715202004e-14,True
JPN,Japan,Western Pacific Region,2018,Genital,Neisseria gonorrhoeae,Spectinomycin,1167,1167,0,0.0,0.0,0.0,True
JPN,Japan,Western Pacific Region,2018,Stool,Salmonella,Cefotaxime,317,161,5,3.1055900621118,3.1055900621118013,-1.3322676295501878e-15,True
JPN,Japan,Western Pacific Region,2018,Stool,Salmonella,Ceftazidime,317,161,4,2.48447204968944,2.484472049689441,-8.881784197001252e-16,True
JPN,Japan,Western Pacific Region,2018,Stool,Salmonella,Ciprofloxacin,317,161,1,0.62111801242236,0.6211180124223602,-2.220446049250313e-16,True
JPN,Japan,Western Pacific Region,2018,Stool,Salmonella,Imipenem,317,161,0,0.0,0.0,0.0,True
JPN,Japan,Western Pacific Region,2018,Stool,Salmonella,Meropenem,317,161,0,0.0,0.0,0.0,True
JPN,Japan,Western Pacific Region,2018,Stool,Shigella,Cefotaxime,317,156,8,5.12820512820513,5.128205128205128,2.6645352591003757e-15,True
JPN,Japan,Western Pacific Region,2018,Stool,Shigella,Ciprofloxacin,317,156,33,21.1538461538462,21.153846153846153,4.618527782440651e-14,True
JPN,Japan,Western Pacific Region,2018,Urine,Escherichia coli,Ampicillin,423516,331137,147721,44.6102368506087,44.61023685060866,4.263256414560601e-14,True
JPN,Japan,Western Pacific Region,2018,Urine,Escherichia coli,Cefepime,423516,315402,40828,12.944749874763,12.944749874763001,-1.7763568394002505e-15,True
JPN,Japan,Western Pacific Region,2018,Urine,Escherichia coli,Cefotaxime,423516,259622,55297,21.2990424540293,21.29904245402932,-1.7763568394002505e-14,True
JPN,Japan,Western Pacific Region,2018,Urine,Escherichia coli,Ceftazidime,423516,340422,31587,9.27877751731674,9.278777517316742,-1.7763568394002505e-15,True
JPN,Japan,Western Pacific Region,2018,Urine,Escherichia coli,Ceftriaxone,423516,248610,54524,21.9315393588351,21.931539358835124,-2.4868995751603507e-14,True
JPN,Japan,Western Pacific Region,2018,Urine,Escherichia coli,Ciprofloxacin,423516,178044,65155,36.5948866572308,36.594886657230795,7.105427357601002e-15,True
JPN,Japan,Western Pacific Region,2018,Urine,Escherichia coli,Imipenem,423516,312474,82,0.0262421833496547,0.02624218334965469,1.0408340855860843e-17,True
JPN,Japan,Western Pacific Region,2018,Urine,Escherichia coli,Levofloxacin,423516,350302,121415,34.6600932909318,34.660093290931826,-2.842170943040401e-14,True
JPN,Japan,Western Pacific Region,2018,Urine,Escherichia coli,Meropenem,423516,346704,142,0.0409571276939407,0.04095712769394065,4.85722573273506e-17,True
JPN,Japan,Western Pacific Region,2018,Urine,Klebsiella pneumoniae,Cefepime,423516,65539,3304,5.04127313507988,5.041273135079876,4.440892098500626e-15,True
JPN,Japan,Western Pacific Region,2018,Urine,Klebsiella pneumoniae,Cefotaxime,423516,53518,4450,8.31495945289435,8.314959452894353,-3.552713678800501e-15,True
JPN,Japan,Western Pacific Region,2018,Urine,Klebsiella pneumoniae,Ceftazidime,423516,69977,3181,4.54577932749332,4.545779327493319,8.881784197001252e-16,True
JPN,Japan,Western Pacific Region,2018,Urine,Klebsiella pneumoniae,Ceftriaxone,423516,51099,4524,8.85340221922151,8.853402219221511,-1.7763568394002505e-15,True
JPN,Japan,Western Pacific Region,2018,Urine,Klebsiella pneumoniae,Ciprofloxacin,423516,36368,1499,4.12175538935328,4.121755389353277,2.6645352591003757e-15,True
JPN,Japan,Western Pacific Region,2018,Urine,Klebsiella pneumoniae,Imipenem,423516,64930,77,0.118589249961497,0.11858924996149699,1.3877787807814457e-17,True
JPN,Japan,Western Pacific Region,2018,Urine,Klebsiella pneumoniae,Levofloxacin,423516,71642,2005,2.79863767064013,2.7986376706401273,2.6645352591003757e-15,True
JPN,Japan,Western Pacific Region,2018,Urine,Klebsiella pneumoniae,Meropenem,423516,72098,141,0.195567144719687,0.1955671447196871,-1.1102230246251565e-16,True
JPN,Japan,Western Pacific Region,2019,Blood,Acinetobacter,Amikacin,136246,1596,12,0.75187969924812,0.7518796992481203,-2.220446049250313e-16,True
JPN,Japan,Western Pacific Region,2019,Blood,Acinetobacter,Imipenem,136246,1141,10,0.876424189307625,0.8764241893076249,1.1102230246251565e-16,True
JPN,Japan,Western Pacific Region,2019,Blood,Acinetobacter,Meropenem,136246,1617,8,0.494743351886209,0.49474335188620905,-5.551115123125783e-17,True
JPN,Japan,Western Pacific Region,2019,Blood,Acinetobacter,Minocycline,136246,1516,8,0.527704485488127,0.5277044854881267,3.3306690738754696e-16,True
JPN,Japan,Western Pacific Region,2019,Blood,Escherichia coli,Ampicillin,136246,75198,31856,42.3628287986383,42.36282879863826,3.552713678800501e-14,True
JPN,Japan,Western Pacific Region,2019,Blood,Escherichia coli,Cefepime,136246,73792,9692,13.1342150910668,13.134215091066782,1.7763568394002505e-14,True
JPN,Japan,Western Pacific Region,2019,Blood,Escherichia coli,Cefotaxime,136246,59170,12290,20.7706608078418,20.77066080784181,-1.0658141036401503e-14,True
JPN,Japan,Western Pacific Region,2019,Blood,Escherichia coli,Ceftazidime,136246,77503,7896,10.1879927228623,10.18799272286234,-4.085620730620576e-14,True
JPN,Japan,Western Pacific Region,2019,Blood,Escherichia coli,Ceftriaxone,136246,53211,11147,20.9486760256338,20.948676025633798,3.552713678800501e-15,True
JPN,Japan,Western Pacific Region,2019,Blood,Escherichia coli,Ciprofloxacin,136246,44133,13524,30.643735979879,30.643735979879,0.0,True
JPN,Japan,Western Pacific Region,2019,Blood,Escherichia coli,Imipenem,136246,70895,21,0.029621270893575,0.029621270893575007,-6.938893903907228e-18,True
JPN,Japan,Western Pacific Region,2019,Blood,Escherichia coli,Levofloxacin,136246,77358,23168,29.9490679696993,29.94906796969932,-2.1316282072803006e-14,True
JPN,Japan,Western Pacific Region,2019,Blood,Escherichia coli,Meropenem,136246,78767,32,0.0406261505452791,0.04062615054527911,-1.3877787807814457e-17,True
JPN,Japan,Western Pacific Region,2019,Blood,Escherichia coli,Tinidazole,136246,53211,11147,20.9486760256338,20.948676025633798,3.552713678800501e-15,True
JPN,Japan,Western Pacific Region,2019,Blood,Klebsiella pneumoniae,Cefepime,136246,24440,918,3.75613747954174,3.756137479541735,4.884981308350689e-15,True
JPN,Japan,Western Pacific Region,2019,Blood,Klebsiella pneumoniae,Cefotaxime,136246,19887,1145,5.75753004475285,5.757530044752854,-3.552713678800501e-15,True
JPN,Japan,Western Pacific Region,2019,Blood,Klebsiella pneumoniae,Ceftazidime,136246,25474,962,3.77639946612232,3.776399466122321,-8.881784197001252e-16,True
JPN,Japan,Western Pacific Region,2019,Blood,Klebsiella pneumoniae,Ceftriaxone,136246,17323,1125,6.4942561911909,6.494256191190901,-1.7763568394002505e-15,True
JPN,Japan,Western Pacific Region,2019,Blood,Klebsiella pneumoniae,Ciprofloxacin,136246,14361,417,2.90369751410069,2.9036975141006893,8.881784197001252e-16,True
JPN,Japan,Western Pacific Region,2019,Blood,Klebsiella pneumoniae,Imipenem,136246,23497,31,0.131931735966294,0.13193173596629357,4.440892098500626e-16,True
JPN,Japan,Western Pacific Region,2019,Blood,Klebsiella pneumoniae,Levofloxacin,136246,25411,544,2.14080516311833,2.1408051631183347,-4.884981308350689e-15,True
JPN,Japan,Western Pacific Region,2019,Blood,Klebsiella pneumoniae,Meropenem,136246,26128,48,0.183710961420698,0.1837109614206981,-8.326672684688674e-17,True
JPN,Japan,Western Pacific Region,2019,Blood,Salmonella,Cefotaxime,136246,475,7,1.47368421052632,1.4736842105263157,4.218847493575595e-15,True
JPN,Japan,Western Pacific Region,2019,Blood,Salmonella,Ceftazidime,136246,571,7,1.22591943957968,1.2259194395796849,-4.884981308350689e-15,True
JPN,Japan,Western Pacific Region,2019,Blood,Salmonella,Ceftriaxone,136246,368,2,0.543478260869565,0.5434782608695652,-2.220446049250313e-16,True
JPN,Japan,Western Pacific Region,2019,Blood,Salmonella,Ciprofloxacin,136246,318,3,0.943396226415094,0.9433962264150944,-3.3306690738754696e-16,True
JPN,Japan,Western Pacific Region,2019,Blood,Salmonella,Imipenem,136246,530,0,0.0,0.0,0.0,True
JPN,Japan,Western Pacific Region,2019,Blood,Salmonella,Levofloxacin,136246,582,4,0.687285223367698,0.6872852233676976,4.440892098500626e-16,True
JPN,Japan,Western Pacific Region,2019,Blood,Salmonella,Meropenem,136246,570,0,0.0,0.0,0.0,True
JPN,Japan,Western Pacific Region,2019,Blood,Staphylococcus aureus,Meticillin,136246,25677,9352,36.4217003544028,36.42170035440277,2.842170943040401e-14,True
JPN,Japan,Western Pacific Region,2019,Blood,Staphylococcus aureus,Oxacillin,136246,25677,9352,36.4217003544028,36.42170035440277,2.842170943040401e-14,True
JPN,Japan,Western Pacific Region,2019,Blood,Streptococcus pneumoniae,Benzylpenicillin,136246,3239,6,0.185242358752701,0.18524235875270145,-4.440892098500626e-16,True
JPN,Japan,Western Pacific Region,2019,Blood,Streptococcus pneumoniae,Cefotaxime,136246,2606,23,0.882578664620107,0.8825786646201074,-3.3306690738754696e-16,True
JPN,Japan,Western Pacific Region,2019,Blood,Streptococcus pneumoniae,Ceftriaxone,136246,2982,23,0.771294433266264,0.7712944332662642,-2.220446049250313e-16,True
JPN,Japan,Western Pacific Region,2019,Genital,Neisseria gonorrhoeae,Azithromycin,1023,1023,152,14.8582600195503,14.858260019550343,-4.263256414560601e-14,True
JPN,Japan,Western Pacific Region,2019,Genital,Neisseria gonorrhoeae,Cefixime,1023,1016,339,33.3661417322835,33.36614173228347,3.552713678800501e-14,True
JPN,Japan,Western Pacific Region,2019,Genital,Neisseria gonorrhoeae,Ceftriaxone,1023,1023,55,5.37634408602151,5.376344086021505,5.329070518200751e-15,True
JPN,Japan,Western Pacific Region,2019,Genital,Neisseria gonorrhoeae,Ciprofloxacin,1023,936,602,64.3162393162393,64.31623931623932,-1.4210854715202004e-14,True
JPN,Japan,Western Pacific Region,2019,Genital,Neisseria gonorrhoeae,Spectinomycin,1023,1023,0,0.0,0.0,0.0,True
JPN,Japan,Western Pacific Region,2019,Stool,Salmonella,Cefotaxime,306,215,4,1.86046511627907,1.8604651162790697,2.220446049250313e-16,True
JPN,Japan,Western Pacific Region,2019,Stool,Salmonella,Ceftazidime,306,215,2,0.930232558139535,0.9302325581395349,1.1102230246251565e-16,True
JPN,Japan,Western Pacific Region,2019,Stool,Salmonella,Ciprofloxacin,306,215,1,0.465116279069767,0.46511627906976744,-4.440892098500626e-16,True
JPN,Japan,Western Pacific Region,2019,Stool,Salmonella,Imipenem,306,215,0,0.0,0.0,0.0,True
JPN,Japan,Western Pacific Region,2019,Stool,Salmonella,Meropenem,306,215,0,0.0,0.0,0.0,True
JPN,Japan,Western Pacific Region,2019,Stool,Shigella,Cefotaxime,306,91,3,3.2967032967033,3.296703296703297,3.1086244689504383e-15,True
JPN,Japan,Western Pacific Region,2019,Stool,Shigella,Ciprofloxacin,306,91,13,14.2857142857143,14.285714285714285,1.5987211554602254e-14,True
JPN,Japan,Western Pacific Region,2019,Urine,Escherichia coli,Ampicillin,453889,351935,158246,44.9645531135011,44.96455311350107,2.842170943040401e-14,True
JPN,Japan,Western Pacific Region,2019,Urine,Escherichia coli,Cefepime,453889,343291,47702,13.8954997363753,13.89549973637526,3.907985046680551e-14,True
JPN,Japan,Western Pacific Region,2019,Urine,Escherichia coli,Cefotaxime,453889,275627,60866,22.0827422567455,22.08274225674553,-2.842170943040401e-14,True
JPN,Japan,Western Pacific Region,2019,Urine,Escherichia coli,Ceftazidime,453889,365478,37662,10.3048610313069,10.304861031306945,-4.618527782440651e-14,True
JPN,Japan,Western Pacific Region,2019,Urine,Escherichia coli,Ceftriaxone,453889,259131,58774,22.6811921383393,22.681192138339295,3.552713678800501e-15,True
JPN,Japan,Western Pacific Region,2019,Urine,Escherichia coli,Ciprofloxacin,453889,200811,74267,36.9835317786376,36.98353177863763,-2.842170943040401e-14,True
JPN,Japan,Western Pacific Region,2019,Urine,Escherichia coli,Imipenem,453889,333128,99,0.0297183064767897,0.0297183064767897,0.0,True
JPN,Japan,Western Pacific Region,2019,Urine,Escherichia coli,Levofloxacin,453889,375167,131962,35.1742024218548,35.1742024218548,0.0,True
JPN,Japan,Western Pacific Region,2019,Urine,Escherichia coli,Meropenem,453889,371517,150,0.0403750030281252,0.040375003028125224,-2.0816681711721685e-17,True
JPN,Japan,Western Pacific Region,2019,Urine,Klebsiella pneumoniae,Cefepime,453889,71443,4213,5.89700880422155,5.897008804221547,3.552713678800501e-15,True
JPN,Japan,Western Pacific Region,2019,Urine,Klebsiella pneumoniae,Cefotaxime,453889,57052,4825,8.45719694313959,8.457196943139591,-1.7763568394002505e-15,True
JPN,Japan,Western Pacific Region,2019,Urine,Klebsiella pneumoniae,Ceftazidime,453889,75687,4169,5.50821144978662,5.5082114497866215,-1.7763568394002505e-15,True
JPN,Japan,Western Pacific Region,2019,Urine,Klebsiella pneumoniae,Ceftriaxone,453889,53069,5246,9.88524373928282,9.88524373928282,0.0,True
JPN,Japan,Western Pacific Region,2019,Urine,Klebsiella pneumoniae,Ciprofloxacin,453889,40912,1800,4.39968713335941,4.399687133359405,4.440892098500626e-15,True
JPN,Japan,Western Pacific Region,2019,Urine,Klebsiella pneumoniae,Imipenem,453889,69471,72,0.103640367923306,0.10364036792330612,-1.249000902703301e-16,True
JPN,Japan,Western Pacific Region,2019,Urine,Klebsiella pneumoniae,Levofloxacin,453889,77075,2270,2.94518326305547,2.9451832630554655,4.440892098500626e-15,True
JPN,Japan,Western Pacific Region,2019,Urine,Klebsiella pneumoniae,Meropenem,453889,77849,137,0.175981708178654,0.17598170817865355,4.440892098500626e-16,True
JPN,Japan,Western Pacific Region,2020,Blood,Acinetobacter,Amikacin,142185,1595,11,0.689655172413793,0.6896551724137931,-1.1102230246251565e-16,True
JPN,Japan,Western Pacific Region,2020,Blood,Acinetobacter,Imipenem,142185,1416,11,0.77683615819209,0.7768361581920904,-4.440892098500626e-16,True
JPN,Japan,Western Pacific Region,2020,Blood,Acinetobacter,Meropenem,142185,1612,14,0.86848635235732,0.8684863523573202,-2.220446049250313e-16,True
JPN,Japan,Western Pacific Region,2020,Blood,Acinetobacter,Minocycline,142185,1504,7,0.465425531914894,0.4654255319148936,3.885780586188048e-16,True
JPN,Japan,Western Pacific Region,2020,Blood,Escherichia coli,Ampicillin,142185,81187,33331,41.0546023378127,41.05460233781271,-7.105427357601002e-15,True
JPN,Japan,Western Pacific Region,2020,Blood,Escherichia coli,Cefepime,142185,80407,9986,12.4193167261557,12.419316726155682,1.7763568394002505e-14,True
JPN,Japan,Western Pacific Region,2020,Blood,Escherichia coli,Cefotaxime,142185,64405,12953,20.1117925626892,20.11179256268923,-3.197442310920451e-14,True
JPN,Japan,Western Pacific Region,2020,Blood,Escherichia coli,Ceftazidime,142185,83852,8012,9.55493011496446,9.55493011496446,0.0,True
JPN,Japan,Western Pacific Region,2020,Blood,Escherichia coli,Ceftriaxone,142185,57677,11914,20.6564141685594,20.656414168559394,7.105427357601002e-15,True
JPN,Japan,Western Pacific Region,2020,Blood,Escherichia coli,Ciprofloxacin,142185,50945,15424,30.2757876140936,30.27578761409363,-3.197442310920451e-14,True
JPN,Japan,Western Pacific Region,2020,Blood,Escherichia coli,Imipenem,142185,76852,26,0.0338312600843179,0.03383126008431791,-6.938893903907228e-18,True
JPN,Japan,Western Pacific Region,2020,Blood,Escherichia coli,Levofloxacin,142185,84435,24808,29.3811807899568,29.381180789956773,2.842170943040401e-14,True
JPN,Japan,Western Pacific Region,2020,Blood,Escherichia coli,Meropenem,142185,85346,27,0.0316359290417829,0.03163592904178286,3.469446951953614e-17,True
JPN,Japan,Western Pacific Region,2020,Blood,Escherichia coli,Tinidazole,142185,57677,11914,20.6564141685594,20.656414168559394,7.105427357601002e-15,True
JPN,Japan,Western Pacific Region,2020,Blood,Klebsiella pneumoniae,Cefepime,142185,25912,1139,4.39564680456931,4.395646804569312,-1.7763568394002505e-15,True
JPN,Japan,Western Pacific Region,2020,Blood,Klebsiella pneumoniae,Cefotaxime,142185,20887,1354,6.48250107722507,6.482501077225068,1.7763568394002505e-15,True
JPN,Japan,Western Pacific Region,2020,Blood,Klebsiella pneumoniae,Ceftazidime,142185,26806,1161,4.33111989853018,4.33111989853018,0.0,True
JPN,Japan,Western Pacific Region,2020,Blood,Klebsiella pneumoniae,Ceftriaxone,142185,18103,1265,6.987792078661,6.987792078660996,4.440892098500626e-15,True
JPN,Japan,Western Pacific Region,2020,Blood,Klebsiella pneumoniae,Ciprofloxacin,142185,16466,619,3.7592615085631,3.7592615085630996,4.440892098500626e-16,True
JPN,Japan,Western Pacific Region,2020,Blood,Klebsiella pneumoniae,Imipenem,142185,24745,19,0.0767831885229339,0.07678318852293392,-1.3877787807814457e-17,True
JPN,Japan,Western Pacific Region,2020,Blood,Klebsiella pneumoniae,Levofloxacin,142185,27009,670,2.48065459661594,2.480654596615943,-2.6645352591003757e-15,True
JPN,Japan,Western Pacific Region,2020,Blood,Klebsiella pneumoniae,Meropenem,142185,27550,41,0.148820326678766,0.14882032667876588,1.1102230246251565e-16,True
JPN,Japan,Western Pacific Region,2020,Blood,Salmonella,Cefotaxime,142185,449,9,2.00445434298441,2.0044543429844097,4.440892098500626e-16,True
JPN,Japan,Western Pacific Region,2020,Blood,Salmonella,Ceftazidime,142185,522,9,1.72413793103448,1.7241379310344827,-2.6645352591003757e-15,True
JPN,Japan,Western Pacific Region,2020,Blood,Salmonella,Ceftriaxone,142185,326,9,2.76073619631902,2.7607361963190185,1.3322676295501878e-15,True
JPN,Japan,Western Pacific Region,2020,Blood,Salmonella,Ciprofloxacin,142185,345,3,0.869565217391304,0.8695652173913043,-3.3306690738754696e-16,True
JPN,Japan,Western Pacific Region,2020,Blood,Salmonella,Imipenem,142185,481,0,0.0,0.0,0.0,True
JPN,Japan,Western Pacific Region,2020,Blood,Salmonella,Levofloxacin,142185,534,4,0.749063670411985,0.7490636704119851,-1.1102230246251565e-16,True
JPN,Japan,Western Pacific Region,2020,Blood,Salmonella,Meropenem,142185,524,0,0.0,0.0,0.0,True
JPN,Japan,Western Pacific Region,2020,Blood,Staphylococcus aureus,Meticillin,142185,25413,9113,35.8595994176209,35.8595994176209,0.0,True
JPN,Japan,Western Pacific Region,2020,Blood,Streptococcus pneumoniae,Benzylpenicillin,142185,1650,5,0.303030303030303,0.30303030303030304,-5.551115123125783e-17,True
JPN,Japan,Western Pacific Region,2020,Blood,Streptococcus pneumoniae,Cefotaxime,142185,1379,10,0.725163161711385,0.7251631617113851,-1.1102230246251565e-16,True
JPN,Japan,Western Pacific Region,2020,Blood,Streptococcus pneumoniae,Ceftriaxone,142185,1514,11,0.726552179656539,0.726552179656539,0.0,True
JPN,Japan,Western Pacific Region,2020,Genital,Neisseria gonorrhoeae,Azithromycin,825,825,119,14.4242424242424,14.424242424242426,-2.4868995751603507e-14,True
JPN,Japan,Western Pacific Region,2020,Genital,Neisseria gonorrhoeae,Cefixime,825,815,270,33.1288343558282,33.12883435582822,-2.1316282072803006e-14,True
JPN,Japan,Western Pacific Region,2020,Genital,Neisseria gonorrhoeae,Ceftriaxone,825,825,22,2.66666666666667,2.666666666666667,3.1086244689504383e-15,True
JPN,Japan,Western Pacific Region,2020,Genital,Neisseria gonorrhoeae,Ciprofloxacin,825,793,565,71.2484237074401,71.2484237074401,0.0,True
JPN,Japan,Western Pacific Region,2020,Genital,Neisseria gonorrhoeae,Spectinomycin,825,825,0,0.0,0.0,0.0,True
JPN,Japan,Western Pacific Region,2020,Stool,Salmonella,Cefotaxime,241,167,0,0.0,0.0,0.0,True
JPN,Japan,Western Pacific Region,2020,Stool,Salmonella,Ceftazidime,241,167,0,0.0,0.0,0.0,True
JPN,Japan,Western Pacific Region,2020,Stool,Salmonella,Ciprofloxacin,241,167,0,0.0,0.0,0.0,True
JPN,Japan,Western Pacific Region,2020,Stool,Salmonella,Imipenem,241,167,0,0.0,0.0,0.0,True
JPN,Japan,Western Pacific Region,2020,Stool,Salmonella,Meropenem,241,167,0,0.0,0.0,0.0,True
JPN,Japan,Western Pacific Region,2020,Stool,Shigella,Cefotaxime,241,74,20,27.027027027027,27.027027027027028,-2.842170943040401e-14,True
JPN,Japan,Western Pacific Region,2020,Stool,Shigella,Ciprofloxacin,241,74,26,35.1351351351351,35.13513513513514,-3.552713678800501e-14,True
JPN,Japan,Western Pacific Region,2020,Urine,Escherichia coli,Ampicillin,475584,363841,160978,44.2440516599284,44.244051659928374,2.842170943040401e-14,True
JPN,Japan,Western Pacific Region,2020,Urine,Escherichia coli,Cefepime,475584,357331,48833,13.6660407297436,13.66604072974357,3.019806626980426e-14,True
JPN,Japan,Western Pacific Region,2020,Urine,Escherichia coli,Cefotaxime,475584,284665,62905,22.0979045544763,22.097904554476315,-1.4210854715202004e-14,True
JPN,Japan,Western Pacific Region,2020,Urine,Escherichia coli,Ceftazidime,475584,381130,39058,10.2479468947603,10.247946894760318,-1.7763568394002505e-14,True
JPN,Japan,Western Pacific Region,2020,Urine,Escherichia coli,Ceftriaxone,475584,271086,62027,22.8809307747357,22.880930774735692,7.105427357601002e-15,True
JPN,Japan,Western Pacific Region,2020,Urine,Escherichia coli,Ciprofloxacin,475584,220505,82150,37.2553910342169,37.25539103421691,-1.4210854715202004e-14,True
JPN,Japan,Western Pacific Region,2020,Urine,Escherichia coli,Imipenem,475584,345339,103,0.0298257654073244,0.029825765407324397,3.469446951953614e-18,True
JPN,Japan,Western Pacific Region,2020,Urine,Escherichia coli,Levofloxacin,475584,393343,139589,35.4878566543704,35.48785665437036,3.552713678800501e-14,True
JPN,Japan,Western Pacific Region,2020,Urine,Escherichia coli,Meropenem,475584,387025,171,0.044183192300239,0.044183192300239,0.0,True
JPN,Japan,Western Pacific Region,2020,Urine,Klebsiella pneumoniae,Cefepime,475584,74738,4859,6.5013781476625,6.501378147662501,-8.881784197001252e-16,True
JPN,Japan,Western Pacific Region,2020,Urine,Klebsiella pneumoniae,Cefotaxime,475584,59238,5534,9.34197643404571,9.341976434045714,-3.552713678800501e-15,True
JPN,Japan,Western Pacific Region,2020,Urine,Klebsiella pneumoniae,Ceftazidime,475584,79319,5155,6.49907336199397,6.499073361993974,-3.552713678800501e-15,True
JPN,Japan,Western Pacific Region,2020,Urine,Klebsiella pneumoniae,Ceftriaxone,475584,56135,6179,11.007392892135,11.007392892135032,-3.197442310920451e-14,True
JPN,Japan,Western Pacific Region,2020,Urine,Klebsiella pneumoniae,Ciprofloxacin,475584,44991,2245,4.98988686626214,4.989886866262141,-1.7763568394002505e-15,True
JPN,Japan,Western Pacific Region,2020,Urine,Klebsiella pneumoniae,Imipenem,475584,72363,52,0.0718599284164559,0.07185992841645593,-2.7755575615628914e-17,True
JPN,Japan,Western Pacific Region,2020,Urine,Klebsiella pneumoniae,Levofloxacin,475584,81516,2839,3.48275185239708,3.482751852397076,3.9968028886505635e-15,True
JPN,Japan,Western Pacific Region,2020,Urine,Klebsiella pneumoniae,Meropenem,475584,81688,125,0.153021251591421,0.15302125159142102,-2.7755575615628914e-17,True
KHM,Cambodia,Western Pacific Region,2019,Blood,Acinetobacter,Amikacin,650,266,44,16.5413533834586,16.541353383458645,-4.618527782440651e-14,True
KHM,Cambodia,Western Pacific Region,2019,Blood,Acinetobacter,Colistin,650,21,0,0.0,0.0,0.0,True
KHM,Cambodia,Western Pacific Region,2019,Blood,Acinetobacter,Gentamicin,650,276,82,29.7101449275362,29.71014492753623,-3.197442310920451e-14,True
KHM,Cambodia,Western Pacific Region,2019,Blood,Acinetobacter,Imipenem,650,55,15,27.2727272727273,27.27272727272727,2.842170943040401e-14,True
KHM,Cambodia,Western Pacific Region,2019,Blood,Acinetobacter,Meropenem,650,267,60,22.4719101123595,22.47191011235955,-4.973799150320701e-14,True
KHM,Cambodia,Western Pacific Region,2019,Blood,Escherichia coli,Ampicillin,650,353,336,95.1841359773371,95.18413597733712,-1.4210854715202004e-14,True
KHM,Cambodia,Western Pacific Region,2019,Blood,Escherichia coli,Cefepime,650,291,136,46.7353951890034,46.735395189003434,-3.552713678800501e-14,True
KHM,Cambodia,Western Pacific Region,2019,Blood,Escherichia coli,Cefotaxime,650,30,16,53.3333333333333,53.333333333333336,-3.552713678800501e-14,True
KHM,Cambodia,Western Pacific Region,2019,Blood,Escherichia coli,Ceftazidime,650,374,152,40.6417112299465,40.64171122994652,-2.1316282072803006e-14,True
KHM,Cambodia,Western Pacific Region,2019,Blood,Escherichia coli,Ceftriaxone,650,359,255,71.0306406685237,71.03064066852369,1.4210854715202004e-14,True
KHM,Cambodia,Western Pacific Region,2019,Blood,Escherichia coli,Ciprofloxacin,650,364,279,76.6483516483516,76.64835164835165,-4.263256414560601e-14,True
KHM,Cambodia,Western Pacific Region,2019,Blood,Escherichia coli,Ertapenem,650,99,4,4.04040404040404,4.040404040404041,-8.881784197001252e-16,True
KHM,Cambodia,Western Pacific Region,2019,Blood,Escherichia coli,Imipenem,650,331,13,3.92749244712991,3.927492447129909,8.881784197001252e-16,True
KHM,Cambodia,Western Pacific Region,2019,Blood,Escherichia coli,Meropenem,650,177,5,2.82485875706215,2.824858757062147,3.1086244689504383e-15,True
KHM,Cambodia,Western Pacific Region,2019,Blood,Escherichia coli,Trimethoprim/sulfamethoxazole,650,33,26,78.7878787878788,78.78787878787878,1.4210854715202004e-14,True
KOR,Republic Of Korea,Western Pacific Region,2017,Blood,Acinetobacter,Amikacin,3518,235,145,61.7021276595745,61.702127659574465,3.552713678800501e-14,True
KOR,Republic Of Korea,Western Pacific Region,2017,Blood,Acinetobacter,Gentamicin,3518,235,156,66.3829787234042,66.38297872340425,-5.684341886080802e-14,True
KOR,Republic Of Korea,Western Pacific Region,2017,Blood,Acinetobacter,Imipenem,3518,235,188,80.0,80.0,0.0,True
KOR,Republic Of Korea,Western Pacific Region,2017,Blood,Acinetobacter,Meropenem,3518,235,188,80.0,80.0,0.0,True
KOR,Republic Of Korea,Western Pacific Region,2017,Blood,Acinetobacter,Minocycline,3518,235,4,1.70212765957447,1.702127659574468,1.9984014443252818e-15,True
KOR,Republic Of Korea,Western Pacific Region,2017,Blood,Acinetobacter,Tigecycline,3518,235,11,4.68085106382979,4.680851063829787,2.6645352591003757e-15,True
KOR,Republic Of Korea,Western Pacific Region,2017,Blood,Escherichia coli,Ampicillin,3518,1772,1157,65.293453724605,65.29345372460497,2.842170943040401e-14,True
KOR,Republic Of Korea,Western Pacific Region,2017,Blood,Escherichia coli,Cefepime,3518,1772,360,20.3160270880361,20.31602708803612,-1.7763568394002505e-14,True
KOR,Republic Of Korea,Western Pacific Region,2017,Blood,Escherichia coli,Cefotaxime,3518,1772,574,32.392776523702,32.39277652370203,-3.552713678800501e-14,True
KOR,Republic Of Korea,Western Pacific Region,2017,Blood,Escherichia coli,Ceftazidime,3518,1772,209,11.7945823927765,11.794582392776523,-2.3092638912203256e-14,True
KOR,Republic Of Korea,Western Pacific Region,2017,Blood,Escherichia coli,Ciprofloxacin,3518,1772,635,35.8352144469526,35.8352144469526,0.0,True
KOR,Republic Of Korea,Western Pacific Region,2017,Blood,Escherichia coli,Ertapenem,3518,1772,3,0.169300225733634,0.16930022573363432,-3.0531133177191805e-16,True
KOR,Republic Of Korea,Western Pacific Region,2017,Blood,Escherichia coli,Imipenem,3518,1772,3,0.169300225733634,0.16930022573363432,-3.0531133177191805e-16,True
KOR,Republic Of Korea,Western Pacific Region,2017,Blood,Escherichia coli,Meropenem,3518,1772,3,0.169300225733634,0.16930022573363432,-3.0531133177191805e-16,True
KOR,Republic Of Korea,Western Pacific Region,2017,Blood,Escherichia coli,Tinidazole,3518,1772,574,32.392776523702,32.39277652370203,-3.552713678800501e-14,True
KOR,Republic Of Korea,Western Pacific Region,2017,Blood,Escherichia coli,Trimethoprim/sulfamethoxazole,3518,1772,556,31.3769751693002,31.376975169300223,-2.4868995751603507e-14,True
KOR,Republic Of Korea,Western Pacific Region,2017,Blood,Klebsiella pneumoniae,Cefepime,3518,693,143,20.6349206349206,20.634920634920633,-3.197442310920451e-14,True
KOR,Republic Of Korea,Western Pacific Region,2017,Blood,Klebsiella pneumoniae,Cefotaxime,3518,693,181,26.1183261183261,26.118326118326117,-1.7763568394002505e-14,True
KOR,Republic Of Korea,Western Pacific Region,2017,Blood,Klebsiella pneumoniae,Ceftazidime,3518,693,147,21.2121212121212,21.21212121212121,-1.0658141036401503e-14,True
KOR,Republic Of Korea,Western Pacific Region,2017,Blood,Klebsiella pneumoniae,Ciprofloxacin,3518,693,131,18.9033189033189,18.9033189033189,0.0,True
KOR,Republic Of Korea,Western Pacific Region,2017,Blood,Klebsiella pneumoniae,Ertapenem,3518,693,7,1.01010101010101,1.0101010101010102,-2.220446049250313e-16,True
KOR,Republic Of Korea,Western Pacific Region,2017,Blood,Klebsiella pneumoniae,Imipenem,3518,693,5,0.721500721500722,0.7215007215007215,4.440892098500626e-16,True
KOR,Republic Of Korea,Western Pacific Region,2017,Blood,Klebsiella pneumoniae,Meropenem,3518,693,6,0.865800865800866,0.8658008658008658,2.220446049250313e-16,True
KOR,Republic Of Korea,Western Pacific Region,2017,Blood,Klebsiella pneumoniae,Trimethoprim/sulfamethoxazole,3518,693,129,18.6147186147186,18.614718614718615,-1.4210854715202004e-14,True
KOR,Republic Of Korea,Western Pacific Region,2017,Blood,Salmonella,Cefotaxime,3518,56,2,3.57142857142857,3.571428571428571,-1.3322676295501878e-15,True
KOR,Republic Of Korea,Western Pacific Region,2017,Blood,Salmonella,Ceftazidime,3518,56,1,1.78571428571429,1.7857142857142856,4.440892098500626e-15,True
KOR,Republic Of Korea,Western Pacific Region,2017,Blood,Salmonella,Ciprofloxacin,3518,56,2,3.57142857142857,3.571428571428571,-1.3322676295501878e-15,True
KOR,Republic Of Korea,Western Pacific Region,2017,Blood,Salmonella,Imipenem,3518,56,0,0.0,0.0,0.0,True
KOR,Republic Of Korea,Western Pacific Region,2017,Blood,Staphylococcus aureus,Meticillin,3518,708,377,53.2485875706215,53.24858757062147,3.552713678800501e-14,True
KOR,Republic Of Korea,Western Pacific Region,2017,Blood,Streptococcus pneumoniae,Benzylpenicillin,3518,54,5,9.25925925925926,9.25925925925926,0.0,True
KOR,Republic Of Korea,Western Pacific Region,2017,Blood,Streptococcus pneumoniae,Cefotaxime,3518,54,1,1.85185185185185,1.8518518518518516,-1.5543122344752192e-15,True
KOR,Republic Of Korea,Western Pacific Region,2017,Blood,Streptococcus pneumoniae,Ceftriaxone,3518,54,1,1.85185185185185,1.8518518518518516,-1.5543122344752192e-15,True
KOR,Republic Of Korea,Western Pacific Region,2017,Blood,Streptococcus pneumoniae,Oxacillin,3518,54,40,74.0740740740741,74.07407407407408,2.842170943040401e-14,True
KOR,Republic Of Korea,Western Pacific Region,2017,Blood,Streptococcus pneumoniae,Trimethoprim/sulfamethoxazole,3518,54,17,31.4814814814815,31.48148148148148,1.7763568394002505e-14,True
KOR,Republic Of Korea,Western Pacific Region,2017,Stool,Salmonella,Cefotaxime,173,172,18,10.4651162790698,10.465116279069768,3.197442310920451e-14,True
KOR,Republic Of Korea,Western Pacific Region,2017,Stool,Salmonella,Ceftazidime,173,172,13,7.55813953488372,7.55813953488372,0.0,True
KOR,Republic Of Korea,Western Pacific Region,2017,Stool,Salmonella,Ciprofloxacin,173,172,5,2.90697674418605,2.9069767441860463,3.552713678800501e-15,True
KOR,Republic Of Korea,Western Pacific Region,2017,Stool,Salmonella,Imipenem,173,172,0,0.0,0.0,0.0,True
KOR,Republic Of Korea,Western Pacific Region,2017,Urine,Escherichia coli,Ampicillin,9130,7874,5418,68.8087376174752,68.80873761747523,-2.842170943040401e-14,True
KOR,Republic Of Korea,Western Pacific Region,2017,Urine,Escherichia coli,Cefepime,9130,7874,1385,17.5895351790704,17.58953517907036,3.907985046680551e-14,True
KOR,Republic Of Korea,Western Pacific Region,2017,Urine,Escherichia coli,Cefotaxime,9130,7874,2464,31.2928625857252,31.292862585725175,2.4868995751603507e-14,True
KOR,Republic Of Korea,Western Pacific Region,2017,Urine,Escherichia coli,Ceftazidime,9130,7874,812,10.3124206248413,10.31242062484125,4.973799150320701e-14,True
KOR,Republic Of Korea,Western Pacific Region,2017,Urine,Escherichia coli,Ciprofloxacin,9130,7874,3221,40.9067818135636,40.906781813563626,-2.842170943040401e-14,True
KOR,Republic Of Korea,Western Pacific Region,2017,Urine,Escherichia coli,Ertapenem,9130,7874,4,0.0508001016002032,0.05080010160020319,6.938893903907228e-18,True
KOR,Republic Of Korea,Western Pacific Region,2017,Urine,Escherichia coli,Imipenem,9130,7874,3,0.0381000762001524,0.0381000762001524,0.0,True
KOR,Republic Of Korea,Western Pacific Region,2017,Urine,Escherichia coli,Meropenem,9130,7874,2,0.0254000508001016,0.025400050800101596,3.469446951953614e-18,True
KOR,Republic Of Korea,Western Pacific Region,2017,Urine,Escherichia coli,Trimethoprim/sulfamethoxazole,9130,7874,2834,35.991871983744,35.99187198374397,2.842170943040401e-14,True
KOR,Republic Of Korea,Western Pacific Region,2017,Urine,Klebsiella pneumoniae,Cefepime,9130,1256,334,26.5923566878981,26.59235668789809,1.0658141036401503e-14,True
KOR,Republic Of Korea,Western Pacific Region,2017,Urine,Klebsiella pneumoniae,Cefotaxime,9130,1256,490,39.0127388535032,39.01273885350319,1.4210854715202004e-14,True
KOR,Republic Of Korea,Western Pacific Region,2017,Urine,Klebsiella pneumoniae,Ceftazidime,9130,1256,362,28.8216560509554,28.82165605095541,-1.0658141036401503e-14,True
KOR,Republic Of Korea,Western Pacific Region,2017,Urine,Klebsiella pneumoniae,Ciprofloxacin,9130,1256,401,31.9267515923567,31.926751592356688,1.0658141036401503e-14,True
KOR,Republic Of Korea,Western Pacific Region,2017,Urine,Klebsiella pneumoniae,Ertapenem,9130,1256,20,1.59235668789809,1.5923566878980893,6.661338147750939e-16,True
KOR,Republic Of Korea,Western Pacific Region,2017,Urine,Klebsiella pneumoniae,Imipenem,9130,1256,17,1.35350318471338,1.3535031847133758,4.218847493575595e-15,True
KOR,Republic Of Korea,Western Pacific Region,2017,Urine,Klebsiella pneumoniae,Meropenem,9130,1256,17,1.35350318471338,1.3535031847133758,4.218847493575595e-15,True
KOR,Republic Of Korea,Western Pacific Region,2017,Urine,Klebsiella pneumoniae,Trimethoprim/sulfamethoxazole,9130,1256,436,34.7133757961783,34.71337579617834,-4.263256414560601e-14,True
KOR,Republic Of Korea,Western Pacific Region,2018,Blood,Acinetobacter,Amikacin,3519,247,138,55.8704453441296,55.87044534412956,4.263256414560601e-14,True
KOR,Republic Of Korea,Western Pacific Region,2018,Blood,Acinetobacter,Gentamicin,3519,247,143,57.8947368421053,57.89473684210527,3.552713678800501e-14,True
KOR,Republic Of Korea,Western Pacific Region,2018,Blood,Acinetobacter,Imipenem,3519,247,192,77.7327935222672,77.7327935222672,0.0,True
KOR,Republic Of Korea,Western Pacific Region,2018,Blood,Acinetobacter,Meropenem,3519,247,193,78.1376518218623,78.13765182186235,-4.263256414560601e-14,True
KOR,Republic Of Korea,Western Pacific Region,2018,Blood,Acinetobacter,Minocycline,3519,247,1,0.404858299595142,0.4048582995951417,3.3306690738754696e-16,True
KOR,Republic Of Korea,Western Pacific Region,2018,Blood,Acinetobacter,Tigecycline,3519,247,6,2.42914979757085,2.42914979757085,0.0,True
KOR,Republic Of Korea,Western Pacific Region,2018,Blood,Escherichia coli,Ampicillin,3519,1724,1173,68.0394431554524,68.03944315545245,-4.263256414560601e-14,True
KOR,Republic Of Korea,Western Pacific Region,2018,Blood,Escherichia coli,Cefepime,3519,1724,427,24.7679814385151,24.76798143851508,2.1316282072803006e-14,True
KOR,Republic Of Korea,Western Pacific Region,2018,Blood,Escherichia coli,Cefotaxime,3519,1724,666,38.631090487239,38.63109048723898,2.1316282072803006e-14,True
KOR,Republic Of Korea,Western Pacific Region,2018,Blood,Escherichia coli,Ceftazidime,3519,1724,219,12.7030162412993,12.703016241299302,-1.7763568394002505e-15,True
KOR,Republic Of Korea,Western Pacific Region,2018,Blood,Escherichia coli,Ciprofloxacin,3519,1724,736,42.6914153132251,42.69141531322506,4.263256414560601e-14,True
KOR,Republic Of Korea,Western Pacific Region,2018,Blood,Escherichia coli,Ertapenem,3519,1724,3,0.174013921113689,0.17401392111368907,-8.326672684688674e-17,True
KOR,Republic Of Korea,Western Pacific Region,2018,Blood,Escherichia coli,Imipenem,3519,1724,1,0.0580046403712297,0.058004640371229696,6.938893903907228e-18,True
KOR,Republic Of Korea,Western Pacific Region,2018,Blood,Escherichia coli,Meropenem,3519,1724,1,0.0580046403712297,0.058004640371229696,6.938893903907228e-18,True
KOR,Republic Of Korea,Western Pacific Region,2018,Blood,Escherichia coli,Tinidazole,3519,1724,666,38.631090487239,38.63109048723898,2.1316282072803006e-14,True
KOR,Republic Of Korea,Western Pacific Region,2018,Blood,Escherichia coli,Trimethoprim/sulfamethoxazole,3519,1724,620,35.9628770301624,35.96287703016242,-1.4210854715202004e-14,True
KOR,Republic Of Korea,Western Pacific Region,2018,Blood,Klebsiella pneumoniae,Cefepime,3519,701,144,20.5420827389444,20.542082738944366,3.552713678800501e-14,True
KOR,Republic Of Korea,Western Pacific Region,2018,Blood,Klebsiella pneumoniae,Cefotaxime,3519,701,190,27.1041369472183,27.10413694721826,3.907985046680551e-14,True
KOR,Republic Of Korea,Western Pacific Region,2018,Blood,Klebsiella pneumoniae,Ceftazidime,3519,701,145,20.6847360912981,20.684736091298145,-4.618527782440651e-14,True
KOR,Republic Of Korea,Western Pacific Region,2018,Blood,Klebsiella pneumoniae,Ciprofloxacin,3519,701,159,22.6818830242511,22.68188302425107,2.842170943040401e-14,True
KOR,Republic Of Korea,Western Pacific Region,2018,Blood,Klebsiella pneumoniae,Ertapenem,3519,701,15,2.1398002853067,2.1398002853067046,-4.440892098500626e-15,True
KOR,Republic Of Korea,Western Pacific Region,2018,Blood,Klebsiella pneumoniae,Imipenem,3519,701,10,1.4265335235378,1.4265335235378032,-3.1086244689504383e-15,True
KOR,Republic Of Korea,Western Pacific Region,2018,Blood,Klebsiella pneumoniae,Meropenem,3519,701,12,1.71184022824536,1.7118402282453637,-3.774758283725532e-15,True
KOR,Republic Of Korea,Western Pacific Region,2018,Blood,Klebsiella pneumoniae,Trimethoprim/sulfamethoxazole,3519,701,165,23.5378031383738,23.537803138373754,4.618527782440651e-14,True
KOR,Republic Of Korea,Western Pacific Region,2018,Blood,Salmonella,Cefotaxime,3519,55,2,3.63636363636364,3.6363636363636362,3.552713678800501e-15,True
KOR,Republic Of Korea,Western Pacific Region,2018,Blood,Salmonella,Ceftazidime,3519,55,1,1.81818181818182,1.8181818181818181,1.7763568394002505e-15,True
KOR,Republic Of Korea,Western Pacific Region,2018,Blood,Salmonella,Ciprofloxacin,3519,55,2,3.63636363636364,3.6363636363636362,3.552713678800501e-15,True
KOR,Republic Of Korea,Western Pacific Region,2018,Blood,Salmonella,Imipenem,3519,55,0,0.0,0.0,0.0,True
KOR,Republic Of Korea,Western Pacific Region,2018,Blood,Staphylococcus aureus,Meticillin,3519,743,350,47.1063257065949,47.10632570659489,1.4210854715202004e-14,True
KOR,Republic Of Korea,Western Pacific Region,2018,Blood,Streptococcus pneumoniae,Benzylpenicillin,3519,48,4,8.33333333333333,8.333333333333332,-1.7763568394002505e-15,True
KOR,Republic Of Korea,Western Pacific Region,2018,Blood,Streptococcus pneumoniae,Cefotaxime,3519,48,3,6.25,6.25,0.0,True
KOR,Republic Of Korea,Western Pacific Region,2018,Blood,Streptococcus pneumoniae,Ceftriaxone,3519,48,5,10.4166666666667,10.416666666666668,3.197442310920451e-14,True
KOR,Republic Of Korea,Western Pacific Region,2018,Blood,Streptococcus pneumoniae,Oxacillin,3519,48,36,75.0,75.0,0.0,True
KOR,Republic Of Korea,Western Pacific Region,2018,Blood,Streptococcus pneumoniae,Trimethoprim/sulfamethoxazole,3519,48,13,27.0833333333333,27.083333333333332,-3.197442310920451e-14,True
KOR,Republic Of Korea,Western Pacific Region,2018,Stool,Salmonella,Cefotaxime,165,163,17,10.4294478527607,10.429447852760736,-3.552713678800501e-14,True
KOR,Republic Of Korea,Western Pacific Region,2018,Stool,Salmonella,Ceftazidime,165,163,14,8.58895705521472,8.588957055214724,-3.552713678800501e-15,True
KOR,Republic Of Korea,Western Pacific Region,2018,Stool,Salmonella,Ciprofloxacin,165,163,5,3.06748466257669,3.067484662576687,2.6645352591003757e-15,True
KOR,Republic Of Korea,Western Pacific Region,2018,Stool,Salmonella,Imipenem,165,163,0,0.0,0.0,0.0,True
KOR,Republic Of Korea,Western Pacific Region,2018,Urine,Escherichia coli,Ampicillin,8554,7255,5050,69.6071674707099,69.60716747070985,4.263256414560601e-14,True
KOR,Republic Of Korea,Western Pacific Region,2018,Urine,Escherichia coli,Cefepime,8554,7255,1314,18.1116471399035,18.111647139903514,-1.4210854715202004e-14,True
KOR,Republic Of Korea,Western Pacific Region,2018,Urine,Escherichia coli,Cefotaxime,8554,7255,2411,33.2322536181943,33.23225361819435,-4.973799150320701e-14,True
KOR,Republic Of Korea,Western Pacific Region,2018,Urine,Escherichia coli,Ceftazidime,8554,7255,743,10.2412129565817,10.241212956581668,3.197442310920451e-14,True
KOR,Republic Of Korea,Western Pacific Region,2018,Urine,Escherichia coli,Ciprofloxacin,8554,7255,2954,40.7167470709855,40.71674707098553,-2.842170943040401e-14,True
KOR,Republic Of Korea,Western Pacific Region,2018,Urine,Escherichia coli,Ertapenem,8554,7255,15,0.206753962784287,0.20675396278428668,3.3306690738754696e-16,True
KOR,Republic Of Korea,Western Pacific Region,2018,Urine,Escherichia coli,Imipenem,8554,7255,5,0.0689179875947622,0.06891798759476223,-2.7755575615628914e-17,True
KOR,Republic Of Korea,Western Pacific Region,2018,Urine,Escherichia coli,Meropenem,8554,7255,3,0.0413507925568573,0.04135079255685734,-4.163336342344337e-17,True
KOR,Republic Of Korea,Western Pacific Region,2018,Urine,Escherichia coli,Trimethoprim/sulfamethoxazole,8554,7255,2743,37.8084079944866,37.80840799448656,4.263256414560601e-14,True
KOR,Republic Of Korea,Western Pacific Region,2018,Urine,Klebsiella pneumoniae,Cefepime,8554,1299,362,27.8675904541955,27.867590454195536,-3.552713678800501e-14,True
KOR,Republic Of Korea,Western Pacific Region,2018,Urine,Klebsiella pneumoniae,Cefotaxime,8554,1299,543,41.8013856812933,41.801385681293304,-7.105427357601002e-15,True
KOR,Republic Of Korea,Western Pacific Region,2018,Urine,Klebsiella pneumoniae,Ceftazidime,8554,1299,365,28.0985373364126,28.098537336412626,-2.4868995751603507e-14,True
KOR,Republic Of Korea,Western Pacific Region,2018,Urine,Klebsiella pneumoniae,Ciprofloxacin,8554,1299,422,32.4865280985373,32.486528098537335,-3.552713678800501e-14,True
KOR,Republic Of Korea,Western Pacific Region,2018,Urine,Klebsiella pneumoniae,Ertapenem,8554,1299,13,1.00076982294072,1.0007698229407236,-3.552713678800501e-15,True
KOR,Republic Of Korea,Western Pacific Region,2018,Urine,Klebsiella pneumoniae,Imipenem,8554,1299,8,0.615858352578907,0.6158583525789069,1.1102230246251565e-16,True
KOR,Republic Of Korea,Western Pacific Region,2018,Urine,Klebsiella pneumoniae,Meropenem,8554,1299,9,0.69284064665127,0.6928406466512702,-2.220446049250313e-16,True
KOR,Republic Of Korea,Western Pacific Region,2018,Urine,Klebsiella pneumoniae,Trimethoprim/sulfamethoxazole,8554,1299,496,38.1832178598922,38.183217859892224,-2.1316282072803006e-14,True
KOR,Republic Of Korea,Western Pacific Region,2019,Blood,Acinetobacter,Amikacin,3646,225,134,59.5555555555556,59.55555555555555,4.973799150320701e-14,True
KOR,Republic Of Korea,Western Pacific Region,2019,Blood,Acinetobacter,Gentamicin,3646,225,144,64.0,64.0,0.0,True
KOR,Republic Of Korea,Western Pacific Region,2019,Blood,Acinetobacter,Imipenem,3646,225,172,76.4444444444444,76.44444444444444,-4.263256414560601e-14,True
KOR,Republic Of Korea,Western Pacific Region,2019,Blood,Acinetobacter,Meropenem,3646,225,172,76.4444444444444,76.44444444444444,-4.263256414560601e-14,True
KOR,Republic Of Korea,Western Pacific Region,2019,Blood,Acinetobacter,Minocycline,3646,225,23,10.2222222222222,10.222222222222223,-2.3092638912203256e-14,True
KOR,Republic Of Korea,Western Pacific Region,2019,Blood,Acinetobacter,Tigecycline,3646,225,32,14.2222222222222,14.222222222222221,-2.1316282072803006e-14,True
KOR,Republic Of Korea,Western Pacific Region,2019,Blood,Escherichia coli,Ampicillin,3646,1939,1309,67.5090252707581,67.50902527075813,-2.842170943040401e-14,True
KOR,Republic Of Korea,Western Pacific Region,2019,Blood,Escherichia coli,Cefepime,3646,1939,391,20.1650335224342,20.165033522434246,-4.618527782440651e-14,True
KOR,Republic Of Korea,Western Pacific Region,2019,Blood,Escherichia coli,Cefotaxime,3646,1939,719,37.0809695719443,37.0809695719443,0.0,True
KOR,Republic Of Korea,Western Pacific Region,2019,Blood,Escherichia coli,Ceftazidime,3646,1939,198,10.2114492006189,10.211449200618876,2.3092638912203256e-14,True
KOR,Republic Of Korea,Western Pacific Region,2019,Blood,Escherichia coli,Ciprofloxacin,3646,1939,797,41.103661681279,41.10366168127901,-7.105427357601002e-15,True
KOR,Republic Of Korea,Western Pacific Region,2019,Blood,Escherichia coli,Colistin,3646,1939,0,0.0,0.0,0.0,True
KOR,Republic Of Korea,Western Pacific Region,2019,Blood,Escherichia coli,Ertapenem,3646,1939,6,0.309437854564208,0.30943785456420836,-3.3306690738754696e-16,True
KOR,Republic Of Korea,Western Pacific Region,2019,Blood,Escherichia coli,Imipenem,3646,1939,3,0.154718927282104,0.15471892728210418,-1.6653345369377348e-16,True
KOR,Republic Of Korea,Western Pacific Region,2019,Blood,Escherichia coli,Meropenem,3646,1939,1,0.0515729757607014,0.0515729757607014,0.0,True
KOR,Republic Of Korea,Western Pacific Region,2019,Blood,Escherichia coli,Tinidazole,3646,1939,719,37.0809695719443,37.0809695719443,0.0,True
KOR,Republic Of Korea,Western Pacific Region,2019,Blood,Escherichia coli,Trimethoprim/sulfamethoxazole,3646,1939,712,36.7199587416194,36.71995874161939,7.105427357601002e-15,True
KOR,Republic Of Korea,Western Pacific Region,2019,Blood,Klebsiella pneumoniae,Cefepime,3646,716,122,17.0391061452514,17.039106145251395,3.552713678800501e-15,True
KOR,Republic Of Korea,Western Pacific Region,2019,Blood,Klebsiella pneumoniae,Cefotaxime,3646,716,178,24.8603351955307,24.860335195530723,-2.4868995751603507e-14,True
KOR,Republic Of Korea,Western Pacific Region,2019,Blood,Klebsiella pneumoniae,Ceftazidime,3646,716,120,16.7597765363128,16.75977653631285,-4.973799150320701e-14,True
KOR,Republic Of Korea,Western Pacific Region,2019,Blood,Klebsiella pneumoniae,Ciprofloxacin,3646,716,126,17.5977653631285,17.59776536312849,7.105427357601002e-15,True
KOR,Republic Of Korea,Western Pacific Region,2019,Blood,Klebsiella pneumoniae,Colistin,3646,716,3,0.418994413407821,0.41899441340782123,-2.220446049250313e-16,True
KOR,Republic Of Korea,Western Pacific Region,2019,Blood,Klebsiella pneumoniae,Ertapenem,3646,716,8,1.11731843575419,1.1173184357541899,2.220446049250313e-16,True
KOR,Republic Of Korea,Western Pacific Region,2019,Blood,Klebsiella pneumoniae,Imipenem,3646,716,7,0.977653631284916,0.9776536312849162,-2.220446049250313e-16,True
KOR,Republic Of Korea,Western Pacific Region,2019,Blood,Klebsiella pneumoniae,Meropenem,3646,716,7,0.977653631284916,0.9776536312849162,-2.220446049250313e-16,True
KOR,Republic Of Korea,Western Pacific Region,2019,Blood,Klebsiella pneumoniae,Trimethoprim/sulfamethoxazole,3646,716,168,23.463687150838,23.463687150837988,1.0658141036401503e-14,True
KOR,Republic Of Korea,Western Pacific Region,2019,Blood,Salmonella,Cefotaxime,3646,47,3,6.38297872340426,6.382978723404255,4.440892098500626e-15,True
KOR,Republic Of Korea,Western Pacific Region,2019,Blood,Salmonella,Ceftazidime,3646,47,3,6.38297872340426,6.382978723404255,4.440892098500626e-15,True
KOR,Republic Of Korea,Western Pacific Region,2019,Blood,Salmonella,Ciprofloxacin,3646,47,3,6.38297872340426,6.382978723404255,4.440892098500626e-15,True
KOR,Republic Of Korea,Western Pacific Region,2019,Blood,Salmonella,Imipenem,3646,47,0,0.0,0.0,0.0,True
KOR,Republic Of Korea,Western Pacific Region,2019,Blood,Staphylococcus aureus,Cefoxitin,3646,683,332,48.6090775988287,48.6090775988287,0.0,True
KOR,Republic Of Korea,Western Pacific Region,2019,Blood,Staphylococcus aureus,Meticillin,3646,683,332,48.6090775988287,48.6090775988287,0.0,True
KOR,Republic Of Korea,Western Pacific Region,2019,Blood,Streptococcus pneumoniae,Benzylpenicillin,3646,36,1,2.77777777777778,2.7777777777777777,2.220446049250313e-15,True
KOR,Republic Of Korea,Western Pacific Region,2019,Blood,Streptococcus pneumoniae,Cefotaxime,3646,36,1,2.77777777777778,2.7777777777777777,2.220446049250313e-15,True
KOR,Republic Of Korea,Western Pacific Region,2019,Blood,Streptococcus pneumoniae,Ceftriaxone,3646,36,1,2.77777777777778,2.7777777777777777,2.220446049250313e-15,True
KOR,Republic Of Korea,Western Pacific Region,2019,Blood,Streptococcus pneumoniae,Oxacillin,3646,36,28,77.7777777777778,77.77777777777779,1.4210854715202004e-14,True
KOR,Republic Of Korea,Western Pacific Region,2019,Blood,Streptococcus pneumoniae,Trimethoprim/sulfamethoxazole,3646,36,9,25.0,25.0,0.0,True
KOR,Republic Of Korea,Western Pacific Region,2019,Stool,Salmonella,Cefotaxime,140,140,15,10.7142857142857,10.714285714285714,-1.4210854715202004e-14,True
KOR,Republic Of Korea,Western Pacific Region,2019,Stool,Salmonella,Ceftazidime,140,140,11,7.85714285714286,7.857142857142857,3.552713678800501e-15,True
KOR,Republic Of Korea,Western Pacific Region,2019,Stool,Salmonella,Ciprofloxacin,140,140,5,3.57142857142857,3.571428571428571,-1.3322676295501878e-15,True
KOR,Republic Of Korea,Western Pacific Region,2019,Stool,Salmonella,Imipenem,140,140,0,0.0,0.0,0.0,True
KOR,Republic Of Korea,Western Pacific Region,2019,Urine,Escherichia coli,Ampicillin,8565,7270,5215,71.7331499312242,71.7331499312242,0.0,True
KOR,Republic Of Korea,Western Pacific Region,2019,Urine,Escherichia coli,Cefepime,8565,7270,1334,18.3493810178817,18.349381017881704,-3.552713678800501e-15,True
KOR,Republic Of Korea,Western Pacific Region,2019,Urine,Escherichia coli,Cefotaxime,8565,7270,2729,37.5378266850069,37.53782668500688,2.1316282072803006e-14,True
KOR,Republic Of Korea,Western Pacific Region,2019,Urine,Escherichia coli,Ceftazidime,8565,7270,710,9.76616231086657,9.766162310866575,-5.329070518200751e-15,True
KOR,Republic Of Korea,Western Pacific Region,2019,Urine,Escherichia coli,Ciprofloxacin,8565,7270,3272,45.0068775790922,45.006877579092155,4.263256414560601e-14,True
KOR,Republic Of Korea,Western Pacific Region,2019,Urine,Escherichia coli,Colistin,8565,7270,3,0.0412654745529574,0.041265474552957364,3.469446951953614e-17,True
KOR,Republic Of Korea,Western Pacific Region,2019,Urine,Escherichia coli,Ertapenem,8565,7270,7,0.0962861072902338,0.09628610729023383,-2.7755575615628914e-17,True
KOR,Republic Of Korea,Western Pacific Region,2019,Urine,Escherichia coli,Imipenem,8565,7270,5,0.0687757909215956,0.0687757909215956,0.0,True
KOR,Republic Of Korea,Western Pacific Region,2019,Urine,Escherichia coli,Meropenem,8565,7270,3,0.0412654745529574,0.041265474552957364,3.469446951953614e-17,True
KOR,Republic Of Korea,Western Pacific Region,2019,Urine,Escherichia coli,Trimethoprim/sulfamethoxazole,8565,7270,2893,39.7936726272352,39.79367262723522,-1.4210854715202004e-14,True
KOR,Republic Of Korea,Western Pacific Region,2019,Urine,Klebsiella pneumoniae,Cefepime,8565,1295,348,26.8725868725869,26.872586872586872,2.842170943040401e-14,True
KOR,Republic Of Korea,Western Pacific Region,2019,Urine,Klebsiella pneumoniae,Cefotaxime,8565,1295,541,41.7760617760618,41.77606177606177,2.842170943040401e-14,True
KOR,Republic Of Korea,Western Pacific Region,2019,Urine,Klebsiella pneumoniae,Ceftazidime,8565,1295,334,25.7915057915058,25.79150579150579,7.105427357601002e-15,True
KOR,Republic Of Korea,Western Pacific Region,2019,Urine,Klebsiella pneumoniae,Ciprofloxacin,8565,1295,413,31.8918918918919,31.891891891891895,3.552713678800501e-15,True
KOR,Republic Of Korea,Western Pacific Region,2019,Urine,Klebsiella pneumoniae,Colistin,8565,1295,9,0.694980694980695,0.6949806949806949,1.1102230246251565e-16,True
KOR,Republic Of Korea,Western Pacific Region,2019,Urine,Klebsiella pneumoniae,Ertapenem,8565,1295,18,1.38996138996139,1.3899613899613898,2.220446049250313e-16,True
KOR,Republic Of Korea,Western Pacific Region,2019,Urine,Klebsiella pneumoniae,Imipenem,8565,1295,16,1.23552123552124,1.2355212355212355,4.440892098500626e-15,True
KOR,Republic Of Korea,Western Pacific Region,2019,Urine,Klebsiella pneumoniae,Meropenem,8565,1295,16,1.23552123552124,1.2355212355212355,4.440892098500626e-15,True
KOR,Republic Of Korea,Western Pacific Region,2019,Urine,Klebsiella pneumoniae,Trimethoprim/sulfamethoxazole,8565,1295,519,40.0772200772201,40.077220077220076,2.1316282072803006e-14,True
KOR,Republic Of Korea,Western Pacific Region,2020,Blood,Acinetobacter,Amikacin,4095,217,122,56.221198156682,56.22119815668203,-2.842170943040401e-14,True
KOR,Republic Of Korea,Western Pacific Region,2020,Blood,Acinetobacter,Gentamicin,4095,217,131,60.36866359447,60.36866359447005,-4.973799150320701e-14,True
KOR,Republic Of Korea,Western Pacific Region,2020,Blood,Acinetobacter,Imipenem,4095,217,156,71.889400921659,71.88940092165899,1.4210854715202004e-14,True
KOR,Republic Of Korea,Western Pacific Region,2020,Blood,Acinetobacter,Meropenem,4095,217,156,71.889400921659,71.88940092165899,1.4210854715202004e-14,True
KOR,Republic Of Korea,Western Pacific Region,2020,Blood,Acinetobacter,Minocycline,4095,217,0,0.0,0.0,0.0,True
KOR,Republic Of Korea,Western Pacific Region,2020,Blood,Acinetobacter,Tigecycline,4095,217,4,1.84331797235023,1.8433179723502304,-4.440892098500626e-16,True
KOR,Republic Of Korea,Western Pacific Region,2020,Blood,Escherichia coli,Ampicillin,4095,2209,1449,65.5952919873246,65.59529198732457,2.842170943040401e-14,True
KOR,Republic Of Korea,Western Pacific Region,2020,Blood,Escherichia coli,Cefepime,4095,2209,478,21.6387505658669,21.638750565866907,-7.105427357601002e-15,True
KOR,Republic Of Korea,Western Pacific Region,2020,Blood,Escherichia coli,Cefotaxime,4095,2209,832,37.6641014033499,37.66410140334993,-2.842170943040401e-14,True
KOR,Republic Of Korea,Western Pacific Region,2020,Blood,Escherichia coli,Ceftazidime,4095,2209,263,11.9058397464916,11.905839746491626,-2.6645352591003757e-14,True
KOR,Republic Of Korea,Western Pacific Region,2020,Blood,Escherichia coli,Ciprofloxacin,4095,2209,912,41.2856496152105,41.2856496152105,0.0,True
KOR,Republic Of Korea,Western Pacific Region,2020,Blood,Escherichia coli,Ertapenem,4095,2209,1,0.0452693526482571,0.04526935264825713,-2.7755575615628914e-17,True
KOR,Republic Of Korea,Western Pacific Region,2020,Blood,Escherichia coli,Imipenem,4095,2209,1,0.0452693526482571,0.04526935264825713,-2.7755575615628914e-17,True
KOR,Republic Of Korea,Western Pacific Region,2020,Blood,Escherichia coli,Meropenem,4095,2209,1,0.0452693526482571,0.04526935264825713,-2.7755575615628914e-17,True
KOR,Republic Of Korea,Western Pacific Region,2020,Blood,Escherichia coli,Tinidazole,4095,2209,832,37.6641014033499,37.66410140334993,-2.842170943040401e-14,True
KOR,Republic Of Korea,Western Pacific Region,2020,Blood,Escherichia coli,Trimethoprim/sulfamethoxazole,4095,2209,742,33.5898596650068,33.58985966500679,7.105427357601002e-15,True
KOR,Republic Of Korea,Western Pacific Region,2020,Blood,Klebsiella pneumoniae,Cefepime,4095,870,171,19.6551724137931,19.655172413793103,-3.552713678800501e-15,True
KOR,Republic Of Korea,Western Pacific Region,2020,Blood,Klebsiella pneumoniae,Cefotaxime,4095,870,221,25.4022988505747,25.402298850574713,-1.4210854715202004e-14,True
KOR,Republic Of Korea,Western Pacific Region,2020,Blood,Klebsiella pneumoniae,Ceftazidime,4095,870,160,18.3908045977011,18.39080459770115,-4.973799150320701e-14,True
KOR,Republic Of Korea,Western Pacific Region,2020,Blood,Klebsiella pneumoniae,Ciprofloxacin,4095,870,170,19.5402298850575,19.54022988505747,2.842170943040401e-14,True
KOR,Republic Of Korea,Western Pacific Region,2020,Blood,Klebsiella pneumoniae,Ertapenem,4095,870,35,4.02298850574713,4.022988505747127,3.552713678800501e-15,True
KOR,Republic Of Korea,Western Pacific Region,2020,Blood,Klebsiella pneumoniae,Imipenem,4095,870,32,3.67816091954023,3.67816091954023,0.0,True
KOR,Republic Of Korea,Western Pacific Region,2020,Blood,Klebsiella pneumoniae,Meropenem,4095,870,34,3.90804597701149,3.9080459770114944,-4.440892098500626e-15,True
KOR,Republic Of Korea,Western Pacific Region,2020,Blood,Klebsiella pneumoniae,Trimethoprim/sulfamethoxazole,4095,870,189,21.7241379310345,21.72413793103448,2.1316282072803006e-14,True
KOR,Republic Of Korea,Western Pacific Region,2020,Blood,Salmonella,Cefotaxime,4095,37,3,8.10810810810811,8.108108108108109,1.7763568394002505e-15,True
KOR,Republic Of Korea,Western Pacific Region,2020,Blood,Salmonella,Ceftazidime,4095,37,2,5.40540540540541,5.405405405405405,4.440892098500626e-15,True
KOR,Republic Of Korea,Western Pacific Region,2020,Blood,Salmonella,Ciprofloxacin,4095,37,2,5.40540540540541,5.405405405405405,4.440892098500626e-15,True
KOR,Republic Of Korea,Western Pacific Region,2020,Blood,Salmonella,Imipenem,4095,37,0,0.0,0.0,0.0,True
KOR,Republic Of Korea,Western Pacific Region,2020,Blood,Staphylococcus aureus,Meticillin,4095,734,349,47.5476839237057,47.547683923705726,-2.842170943040401e-14,True
KOR,Republic Of Korea,Western Pacific Region,2020,Blood,Streptococcus pneumoniae,Benzylpenicillin,4095,28,3,10.7142857142857,10.714285714285714,-1.4210854715202004e-14,True
KOR,Republic Of Korea,Western Pacific Region,2020,Blood,Streptococcus pneumoniae,Cefotaxime,4095,28,3,10.7142857142857,10.714285714285714,-1.4210854715202004e-14,True
KOR,Republic Of Korea,Western Pacific Region,2020,Blood,Streptococcus pneumoniae,Ceftriaxone,4095,28,3,10.7142857142857,10.714285714285714,-1.4210854715202004e-14,True
KOR,Republic Of Korea,Western Pacific Region,2020,Blood,Streptococcus pneumoniae,Oxacillin,4095,28,23,82.1428571428571,82.14285714285714,-4.263256414560601e-14,True
KOR,Republic Of Korea,Western Pacific Region,2020,Blood,Streptococcus pneumoniae,Trimethoprim/sulfamethoxazole,4095,28,5,17.8571428571429,17.857142857142858,4.263256414560601e-14,True
KOR,Republic Of Korea,Western Pacific Region,2020,Stool,Salmonella,Cefotaxime,102,102,4,3.92156862745098,3.9215686274509802,-4.440892098500626e-16,True
KOR,Republic Of Korea,Western Pacific Region,2020,Stool,Salmonella,Ceftazidime,102,102,4,3.92156862745098,3.9215686274509802,-4.440892098500626e-16,True
KOR,Republic Of Korea,Western Pacific Region,2020,Stool,Salmonella,Ciprofloxacin,102,102,2,1.96078431372549,1.9607843137254901,-2.220446049250313e-16,True
KOR,Republic Of Korea,Western Pacific Region,2020,Stool,Salmonella,Imipenem,102,102,0,0.0,0.0,0.0,True
KOR,Republic Of Korea,Western Pacific Region,2020,Urine,Escherichia coli,Ampicillin,8567,7293,4988,68.3943507472919,68.39435074729192,-2.842170943040401e-14,True
KOR,Republic Of Korea,Western Pacific Region,2020,Urine,Escherichia coli,Cefepime,8567,7293,1373,18.8262717674482,18.826271767448237,-3.552713678800501e-14,True
KOR,Republic Of Korea,Western Pacific Region,2020,Urine,Escherichia coli,Cefotaxime,8567,7293,2566,35.1844234197175,35.18442341971754,-4.263256414560601e-14,True
KOR,Republic Of Korea,Western Pacific Region,2020,Urine,Escherichia coli,Ceftazidime,8567,7293,726,9.95475113122172,9.95475113122172,0.0,True
KOR,Republic Of Korea,Western Pacific Region,2020,Urine,Escherichia coli,Ciprofloxacin,8567,7293,3265,44.7689565336624,44.76895653366242,-2.1316282072803006e-14,True
KOR,Republic Of Korea,Western Pacific Region,2020,Urine,Escherichia coli,Ertapenem,8567,7293,11,0.150829562594268,0.1508295625942685,-4.996003610813204e-16,True
KOR,Republic Of Korea,Western Pacific Region,2020,Urine,Escherichia coli,Imipenem,8567,7293,8,0.109694227341286,0.10969422734128616,-1.5265566588595902e-16,True
KOR,Republic Of Korea,Western Pacific Region,2020,Urine,Escherichia coli,Meropenem,8567,7293,7,0.0959824489236254,0.0959824489236254,0.0,True
KOR,Republic Of Korea,Western Pacific Region,2020,Urine,Escherichia coli,Trimethoprim/sulfamethoxazole,8567,7293,2625,35.9934183463595,35.993418346359526,-2.842170943040401e-14,True
KOR,Republic Of Korea,Western Pacific Region,2020,Urine,Klebsiella pneumoniae,Cefepime,8567,1274,359,28.1789638932496,28.17896389324961,-1.0658141036401503e-14,True
KOR,Republic Of Korea,Western Pacific Region,2020,Urine,Klebsiella pneumoniae,Cefotaxime,8567,1274,495,38.8540031397174,38.85400313971743,-2.842170943040401e-14,True
KOR,Republic Of Korea,Western Pacific Region,2020,Urine,Klebsiella pneumoniae,Ceftazidime,8567,1274,338,26.530612244898,26.53061224489796,3.907985046680551e-14,True
KOR,Republic Of Korea,Western Pacific Region,2020,Urine,Klebsiella pneumoniae,Ciprofloxacin,8567,1274,423,33.2025117739403,33.202511773940344,-4.263256414560601e-14,True
KOR,Republic Of Korea,Western Pacific Region,2020,Urine,Klebsiella pneumoniae,Ertapenem,8567,1274,37,2.90423861852433,2.904238618524333,-3.1086244689504383e-15,True
KOR,Republic Of Korea,Western Pacific Region,2020,Urine,Klebsiella pneumoniae,Imipenem,8567,1274,31,2.43328100470958,2.4332810047095763,3.552713678800501e-15,True
KOR,Republic Of Korea,Western Pacific Region,2020,Urine,Klebsiella pneumoniae,Meropenem,8567,1274,34,2.66875981161695,2.6687598116169546,-4.440892098500626e-15,True
KOR,Republic Of Korea,Western Pacific Region,2020,Urine,Klebsiella pneumoniae,Trimethoprim/sulfamethoxazole,8567,1274,457,35.8712715855573,35.8712715855573,0.0,True
KOS,Kosovo,European Region,2019,Blood,Acinetobacter,Amikacin,146,45,41,91.1111111111111,91.11111111111111,-1.4210854715202004e-14,True
KOS,Kosovo,European Region,2019,Blood,Acinetobacter,Colistin,146,45,0,0.0,0.0,0.0,True
KOS,Kosovo,European Region,2019,Blood,Acinetobacter,Gentamicin,146,45,39,86.6666666666667,86.66666666666667,2.842170943040401e-14,True
KOS,Kosovo,European Region,2019,Blood,Acinetobacter,Imipenem,146,45,42,93.3333333333333,93.33333333333333,-2.842170943040401e-14,True
KOS,Kosovo,European Region,2019,Blood,Acinetobacter,Meropenem,146,45,42,93.3333333333333,93.33333333333333,-2.842170943040401e-14,True
KOS,Kosovo,European Region,2019,Blood,Escherichia coli,Ampicillin,146,17,13,76.4705882352941,76.47058823529412,-1.4210854715202004e-14,True
KOS,Kosovo,European Region,2019,Blood,Escherichia coli,Cefotaxime,146,17,7,41.1764705882353,41.17647058823529,7.105427357601002e-15,True
KOS,Kosovo,European Region,2019,Blood,Escherichia coli,Ceftazidime,146,17,5,29.4117647058824,29.411764705882355,4.618527782440651e-14,True
KOS,Kosovo,European Region,2019,Blood,Escherichia coli,Ceftriaxone,146,17,7,41.1764705882353,41.17647058823529,7.105427357601002e-15,True
KOS,Kosovo,European Region,2019,Blood,Escherichia coli,Ciprofloxacin,146,17,6,35.2941176470588,35.294117647058826,-2.842170943040401e-14,True
KOS,Kosovo,European Region,2019,Blood,Escherichia coli,Colistin,146,16,0,0.0,0.0,0.0,True
KOS,Kosovo,European Region,2019,Blood,Escherichia coli,Ertapenem,146,17,0,0.0,0.0,0.0,True
KOS,Kosovo,European Region,2019,Blood,Escherichia coli,Imipenem,146,17,0,0.0,0.0,0.0,True
KOS,Kosovo,European Region,2019,Blood,Escherichia coli,Levofloxacin,146,17,6,35.2941176470588,35.294117647058826,-2.842170943040401e-14,True
KOS,Kosovo,European Region,2019,Blood,Escherichia coli,Meropenem,146,17,0,0.0,0.0,0.0,True
KOS,Kosovo,European Region,2019,Blood,Klebsiella pneumoniae,Cefotaxime,146,55,47,85.4545454545455,85.45454545454545,4.263256414560601e-14,True
KOS,Kosovo,European Region,2019,Blood,Klebsiella pneumoniae,Ceftazidime,146,55,34,61.8181818181818,61.81818181818181,-1.4210854715202004e-14,True
KOS,Kosovo,European Region,2019,Blood,Klebsiella pneumoniae,Ceftriaxone,146,54,44,81.4814814814815,81.48148148148148,1.4210854715202004e-14,True
KOS,Kosovo,European Region,2019,Blood,Klebsiella pneumoniae,Ciprofloxacin,146,55,8,14.5454545454545,14.545454545454545,-4.440892098500626e-14,True
KOS,Kosovo,European Region,2019,Blood,Klebsiella pneumoniae,Colistin,146,52,1,1.92307692307692,1.9230769230769231,-3.1086244689504383e-15,True
KOS,Kosovo,European Region,2019,Blood,Klebsiella pneumoniae,Ertapenem,146,55,1,1.81818181818182,1.8181818181818181,1.7763568394002505e-15,True
KOS,Kosovo,European Region,2019,Blood,Klebsiella pneumoniae,Imipenem,146,55,0,0.0,0.0,0.0,True
KOS,Kosovo,European Region,2019,Blood,Klebsiella pneumoniae,Levofloxacin,146,55,3,5.45454545454545,5.454545454545454,-4.440892098500626e-15,True
KOS,Kosovo,European Region,2019,Blood,Klebsiella pneumoniae,Meropenem,146,55,0,0.0,0.0,0.0,True
KOS,Kosovo,European Region,2019,Blood,Staphylococcus aureus,Cefoxitin,146,29,10,34.4827586206897,34.48275862068966,4.263256414560601e-14,True
KOS,Kosovo,European Region,2019,Blood,Staphylococcus aureus,Oxacillin,146,28,10,35.7142857142857,35.714285714285715,-1.4210854715202004e-14,True
LAO,Lao People'S Democratic Republic,Western Pacific Region,2017,Blood,Acinetobacter,Gentamicin,209,15,1,6.66666666666667,6.666666666666667,2.6645352591003757e-15,True
LAO,Lao People'S Democratic Republic,Western Pacific Region,2017,Blood,Escherichia coli,Ampicillin,209,106,90,84.9056603773585,84.90566037735849,1.4210854715202004e-14,True
LAO,Lao People'S Democratic Republic,Western Pacific Region,2017,Blood,Escherichia coli,Ceftazidime,209,63,22,34.9206349206349,34.92063492063492,-1.4210854715202004e-14,True
LAO,Lao People'S Democratic Republic,Western Pacific Region,2017,Blood,Escherichia coli,Ceftriaxone,209,106,48,45.2830188679245,45.28301886792453,-3.552713678800501e-14,True
LAO,Lao People'S Democratic Republic,Western Pacific Region,2017,Blood,Escherichia coli,Ciprofloxacin,209,106,33,31.1320754716981,31.132075471698112,-1.0658141036401503e-14,True
LAO,Lao People'S Democratic Republic,Western Pacific Region,2017,Blood,Escherichia coli,Meropenem,209,62,1,1.61290322580645,1.6129032258064515,-1.5543122344752192e-15,True
LAO,Lao People'S Democratic Republic,Western Pacific Region,2017,Blood,Escherichia coli,Tinidazole,209,106,48,45.2830188679245,45.28301886792453,-3.552713678800501e-14,True
LAO,Lao People'S Democratic Republic,Western Pacific Region,2017,Blood,Escherichia coli,Trimethoprim/sulfamethoxazole,209,106,77,72.6415094339623,72.64150943396226,4.263256414560601e-14,True
LAO,Lao People'S Democratic Republic,Western Pacific Region,2017,Blood,Klebsiella pneumoniae,Ceftriaxone,209,30,10,33.3333333333333,33.33333333333333,-2.842170943040401e-14,True
LAO,Lao People'S Democratic Republic,Western Pacific Region,2017,Blood,Klebsiella pneumoniae,Ciprofloxacin,209,30,8,26.6666666666667,26.666666666666668,3.197442310920451e-14,True
LAO,Lao People'S Democratic Republic,Western Pacific Region,2017,Blood,Klebsiella pneumoniae,Meropenem,209,11,0,0.0,0.0,0.0,True
LAO,Lao People'S Democratic Republic,Western Pacific Region,2017,Blood,Klebsiella pneumoniae,Trimethoprim/sulfamethoxazole,209,30,9,30.0,30.0,0.0,True
LAO,Lao People'S Democratic Republic,Western Pacific Region,2017,Blood,Salmonella,Ceftriaxone,209,26,0,0.0,0.0,0.0,True
LAO,Lao People'S Democratic Republic,Western Pacific Region,2017,Blood,Staphylococcus aureus,Meticillin,209,21,2,9.52380952380952,9.523809523809524,-3.552713678800501e-15,True
LAO,Lao People'S Democratic Republic,Western Pacific Region,2017,Stool,Salmonella,Ceftriaxone,38,35,0,0.0,0.0,0.0,True
LAO,Lao People'S Democratic Republic,Western Pacific Region,2017,Urine,Escherichia coli,Ampicillin,124,109,105,96.3302752293578,96.3302752293578,0.0,True
LAO,Lao People'S Democratic Republic,Western Pacific Region,2017,Urine,Escherichia coli,Ceftazidime,124,48,31,64.5833333333333,64.58333333333334,-4.263256414560601e-14,True
LAO,Lao People'S Democratic Republic,Western Pacific Region,2017,Urine,Escherichia coli,Ceftriaxone,124,85,64,75.2941176470588,75.29411764705883,-2.842170943040401e-14,True
LAO,Lao People'S Democratic Republic,Western Pacific Region,2017,Urine,Escherichia coli,Ciprofloxacin,124,108,70,64.8148148148148,64.81481481481481,-1.4210854715202004e-14,True
LAO,Lao People'S Democratic Republic,Western Pacific Region,2017,Urine,Escherichia coli,Imipenem,124,48,1,2.08333333333333,2.083333333333333,-3.1086244689504383e-15,True
LAO,Lao People'S Democratic Republic,Western Pacific Region,2017,Urine,Escherichia coli,Meropenem,124,48,1,2.08333333333333,2.083333333333333,-3.1086244689504383e-15,True
LAO,Lao People'S Democratic Republic,Western Pacific Region,2017,Urine,Escherichia coli,Trimethoprim/sulfamethoxazole,124,109,87,79.8165137614679,79.81651376146789,1.4210854715202004e-14,True
LAO,Lao People'S Democratic Republic,Western Pacific Region,2017,Urine,Klebsiella pneumoniae,Ciprofloxacin,124,13,6,46.1538461538462,46.15384615384615,4.973799150320701e-14,True
LAO,Lao People'S Democratic Republic,Western Pacific Region,2017,Urine,Klebsiella pneumoniae,Trimethoprim/sulfamethoxazole,124,13,8,61.5384615384615,61.53846153846154,-4.263256414560601e-14,True
LAO,Lao People'S Democratic Republic,Western Pacific Region,2018,Blood,Acinetobacter,Gentamicin,275,24,4,16.6666666666667,16.666666666666664,3.552713678800501e-14,True
LAO,Lao People'S Democratic Republic,Western Pacific Region,2018,Blood,Escherichia coli,Ampicillin,275,110,100,90.9090909090909,90.9090909090909,0.0,True
LAO,Lao People'S Democratic Republic,Western Pacific Region,2018,Blood,Escherichia coli,Ceftazidime,275,65,29,44.6153846153846,44.61538461538462,-2.1316282072803006e-14,True
LAO,Lao People'S Democratic Republic,Western Pacific Region,2018,Blood,Escherichia coli,Ceftriaxone,275,109,50,45.8715596330275,45.87155963302752,-2.1316282072803006e-14,True
LAO,Lao People'S Democratic Republic,Western Pacific Region,2018,Blood,Escherichia coli,Ciprofloxacin,275,110,39,35.4545454545455,35.45454545454545,4.973799150320701e-14,True
LAO,Lao People'S Democratic Republic,Western Pacific Region,2018,Blood,Escherichia coli,Meropenem,275,66,1,1.51515151515152,1.5151515151515151,4.884981308350689e-15,True
LAO,Lao People'S Democratic Republic,Western Pacific Region,2018,Blood,Escherichia coli,Tinidazole,275,109,50,45.8715596330275,45.87155963302752,-2.1316282072803006e-14,True
LAO,Lao People'S Democratic Republic,Western Pacific Region,2018,Blood,Escherichia coli,Trimethoprim/sulfamethoxazole,275,109,76,69.7247706422018,69.72477064220183,-2.842170943040401e-14,True
LAO,Lao People'S Democratic Republic,Western Pacific Region,2018,Blood,Klebsiella pneumoniae,Ceftriaxone,275,36,11,30.5555555555556,30.555555555555557,4.263256414560601e-14,True
LAO,Lao People'S Democratic Republic,Western Pacific Region,2018,Blood,Klebsiella pneumoniae,Ciprofloxacin,275,36,10,27.7777777777778,27.77777777777778,2.1316282072803006e-14,True
LAO,Lao People'S Democratic Republic,Western Pacific Region,2018,Blood,Klebsiella pneumoniae,Meropenem,275,13,0,0.0,0.0,0.0,True
LAO,Lao People'S Democratic Republic,Western Pacific Region,2018,Blood,Klebsiella pneumoniae,Trimethoprim/sulfamethoxazole,275,36,10,27.7777777777778,27.77777777777778,2.1316282072803006e-14,True
LAO,Lao People'S Democratic Republic,Western Pacific Region,2018,Blood,Salmonella,Ceftriaxone,275,57,2,3.50877192982456,3.508771929824561,-1.3322676295501878e-15,True
LAO,Lao People'S Democratic Republic,Western Pacific Region,2018,Blood,Staphylococcus aureus,Meticillin,275,35,4,11.4285714285714,11.428571428571429,-2.842170943040401e-14,True
LAO,Lao People'S Democratic Republic,Western Pacific Region,2018,Stool,Salmonella,Ceftriaxone,42,35,3,8.57142857142857,8.571428571428571,-1.7763568394002505e-15,True
LAO,Lao People'S Democratic Republic,Western Pacific Region,2018,Urine,Escherichia coli,Ampicillin,120,110,101,91.8181818181818,91.81818181818183,-2.842170943040401e-14,True
LAO,Lao People'S Democratic Republic,Western Pacific Region,2018,Urine,Escherichia coli,Ceftazidime,120,38,23,60.5263157894737,60.526315789473685,1.4210854715202004e-14,True
LAO,Lao People'S Democratic Republic,Western Pacific Region,2018,Urine,Escherichia coli,Ceftriaxone,120,87,66,75.8620689655172,75.86206896551724,-4.263256414560601e-14,True
LAO,Lao People'S Democratic Republic,Western Pacific Region,2018,Urine,Escherichia coli,Ciprofloxacin,120,110,72,65.4545454545455,65.45454545454545,4.263256414560601e-14,True
LAO,Lao People'S Democratic Republic,Western Pacific Region,2018,Urine,Escherichia coli,Imipenem,120,38,1,2.63157894736842,2.631578947368421,-8.881784197001252e-16,True
LAO,Lao People'S Democratic Republic,Western Pacific Region,2018,Urine,Escherichia coli,Meropenem,120,38,1,2.63157894736842,2.631578947368421,-8.881784197001252e-16,True
LAO,Lao People'S Democratic Republic,Western Pacific Region,2018,Urine,Escherichia coli,Trimethoprim/sulfamethoxazole,120,110,74,67.2727272727273,67.27272727272727,2.842170943040401e-14,True
LAO,Lao People'S Democratic Republic,Western Pacific Region,2018,Urine,Klebsiella pneumoniae,Ciprofloxacin,120,10,4,40.0,40.0,0.0,True
LAO,Lao People'S Democratic Republic,Western Pacific Region,2018,Urine,Klebsiella pneumoniae,Trimethoprim/sulfamethoxazole,120,10,5,50.0,50.0,0.0,True
LAO,Lao People'S Democratic Republic,Western Pacific Region,2019,Blood,Acinetobacter,Gentamicin,314,25,2,8.0,8.0,0.0,True
LAO,Lao People'S Democratic Republic,Western Pacific Region,2019,Blood,Escherichia coli,Ampicillin,314,82,75,91.4634146341463,91.46341463414635,-4.263256414560601e-14,True
LAO,Lao People'S Democratic Republic,Western Pacific Region,2019,Blood,Escherichia coli,Ceftazidime,314,52,21,40.3846153846154,40.38461538461539,1.4210854715202004e-14,True
LAO,Lao People'S Democratic Republic,Western Pacific Region,2019,Blood,Escherichia coli,Ceftriaxone,314,100,50,50.0,50.0,0.0,True
LAO,Lao People'S Democratic Republic,Western Pacific Region,2019,Blood,Escherichia coli,Ciprofloxacin,314,100,45,45.0,45.0,0.0,True
LAO,Lao People'S Democratic Republic,Western Pacific Region,2019,Blood,Escherichia coli,Imipenem,305,18,0,0.0,0.0,0.0,True
LAO,Lao People'S Democratic Republic,Western Pacific Region,2019,Blood,Escherichia coli,Meropenem,314,62,0,0.0,0.0,0.0,True
LAO,Lao People'S Democratic Republic,Western Pacific Region,2019,Blood,Escherichia coli,Tinidazole,314,100,50,50.0,50.0,0.0,True
LAO,Lao People'S Democratic Republic,Western Pacific Region,2019,Blood,Escherichia coli,Trimethoprim/sulfamethoxazole,314,100,76,76.0,76.0,0.0,True
LAO,Lao People'S Democratic Republic,Western Pacific Region,2019,Blood,Klebsiella pneumoniae,Ceftriaxone,314,39,11,28.2051282051282,28.205128205128204,-3.552713678800501e-15,True
LAO,Lao People'S Democratic Republic,Western Pacific Region,2019,Blood,Klebsiella pneumoniae,Ciprofloxacin,314,40,13,32.5,32.5,0.0,True
LAO,Lao People'S Democratic Republic,Western Pacific Region,2019,Blood,Klebsiella pneumoniae,Meropenem,314,13,0,0.0,0.0,0.0,True
LAO,Lao People'S Democratic Republic,Western Pacific Region,2019,Blood,Klebsiella pneumoniae,Trimethoprim/sulfamethoxazole,314,40,13,32.5,32.5,0.0,True
LAO,Lao People'S Democratic Republic,Western Pacific Region,2019,Blood,Salmonella,Ceftriaxone,314,49,1,2.04081632653061,2.0408163265306123,-2.220446049250313e-15,True
LAO,Lao People'S Democratic Republic,Western Pacific Region,2019,Blood,Salmonella,Ciprofloxacin,305,37,2,5.40540540540541,5.405405405405405,4.440892098500626e-15,True
LAO,Lao People'S Democratic Republic,Western Pacific Region,2019,Blood,Staphylococcus aureus,Cefoxitin,305,66,4,6.06060606060606,6.0606060606060606,-8.881784197001252e-16,True
LAO,Lao People'S Democratic Republic,Western Pacific Region,2019,Blood,Staphylococcus aureus,Meticillin,314,66,4,6.06060606060606,6.0606060606060606,-8.881784197001252e-16,True
LAO,Lao People'S Democratic Republic,Western Pacific Region,2019,Stool,Salmonella,Ceftriaxone,30,27,4,14.8148148148148,14.814814814814813,-1.2434497875801753e-14,True
LAO,Lao People'S Democratic Republic,Western Pacific Region,2019,Stool,Salmonella,Ciprofloxacin,27,20,2,10.0,10.0,0.0,True
LAO,Lao People'S Democratic Republic,Western Pacific Region,2019,Urine,Escherichia coli,Ampicillin,175,131,124,94.6564885496183,94.65648854961832,-1.4210854715202004e-14,True
LAO,Lao People'S Democratic Republic,Western Pacific Region,2019,Urine,Escherichia coli,Ceftazidime,175,55,32,58.1818181818182,58.18181818181818,2.1316282072803006e-14,True
LAO,Lao People'S Democratic Republic,Western Pacific Region,2019,Urine,Escherichia coli,Ceftriaxone,175,117,83,70.9401709401709,70.94017094017094,-4.263256414560601e-14,True
LAO,Lao People'S Democratic Republic,Western Pacific Region,2019,Urine,Escherichia coli,Ciprofloxacin,175,147,89,60.5442176870748,60.544217687074834,-3.552713678800501e-14,True
LAO,Lao People'S Democratic Republic,Western Pacific Region,2019,Urine,Escherichia coli,Imipenem,175,76,1,1.31578947368421,1.3157894736842104,-4.440892098500626e-16,True
LAO,Lao People'S Democratic Republic,Western Pacific Region,2019,Urine,Escherichia coli,Meropenem,175,53,0,0.0,0.0,0.0,True
LAO,Lao People'S Democratic Republic,Western Pacific Region,2019,Urine,Escherichia coli,Trimethoprim/sulfamethoxazole,175,153,99,64.7058823529412,64.70588235294117,2.842170943040401e-14,True
LAO,Lao People'S Democratic Republic,Western Pacific Region,2019,Urine,Klebsiella pneumoniae,Ciprofloxacin,175,18,7,38.8888888888889,38.88888888888889,7.105427357601002e-15,True
LAO,Lao People'S Democratic Republic,Western Pacific Region,2019,Urine,Klebsiella pneumoniae,Trimethoprim/sulfamethoxazole,175,18,7,38.8888888888889,38.88888888888889,7.105427357601002e-15,True
LAO,Lao People'S Democratic Republic,Western Pacific Region,2020,Blood,Acinetobacter,Gentamicin,422,28,1,3.57142857142857,3.571428571428571,-1.3322676295501878e-15,True
LAO,Lao People'S Democratic Republic,Western Pacific Region,2020,Blood,Escherichia coli,Ampicillin,422,179,162,90.5027932960894,90.5027932960894,0.0,True
LAO,Lao People'S Democratic Republic,Western Pacific Region,2020,Blood,Escherichia coli,Ceftazidime,422,158,74,46.8354430379747,46.835443037974684,1.4210854715202004e-14,True
LAO,Lao People'S Democratic Republic,Western Pacific Region,2020,Blood,Escherichia coli,Ceftriaxone,422,177,90,50.8474576271186,50.847457627118644,-4.263256414560601e-14,True
LAO,Lao People'S Democratic Republic,Western Pacific Region,2020,Blood,Escherichia coli,Ciprofloxacin,422,177,53,29.9435028248588,29.943502824858758,4.263256414560601e-14,True
LAO,Lao People'S Democratic Republic,Western Pacific Region,2020,Blood,Escherichia coli,Meropenem,422,161,0,0.0,0.0,0.0,True
LAO,Lao People'S Democratic Republic,Western Pacific Region,2020,Blood,Escherichia coli,Tinidazole,422,177,90,50.8474576271186,50.847457627118644,-4.263256414560601e-14,True
LAO,Lao People'S Democratic Republic,Western Pacific Region,2020,Blood,Escherichia coli,Trimethoprim/sulfamethoxazole,422,178,105,58.9887640449438,58.98876404494382,-2.1316282072803006e-14,True
LAO,Lao People'S Democratic Republic,Western Pacific Region,2020,Blood,Klebsiella pneumoniae,Ceftriaxone,422,82,39,47.5609756097561,47.5609756097561,0.0,True
LAO,Lao People'S Democratic Republic,Western Pacific Region,2020,Blood,Klebsiella pneumoniae,Ciprofloxacin,422,80,33,41.25,41.25,0.0,True
LAO,Lao People'S Democratic Republic,Western Pacific Region,2020,Blood,Klebsiella pneumoniae,Meropenem,422,69,1,1.44927536231884,1.4492753623188406,-6.661338147750939e-16,True
LAO,Lao People'S Democratic Republic,Western Pacific Region,2020,Blood,Klebsiella pneumoniae,Trimethoprim/sulfamethoxazole,422,81,19,23.4567901234568,23.456790123456788,1.0658141036401503e-14,True
LAO,Lao People'S Democratic Republic,Western Pacific Region,2020,Blood,Salmonella,Ceftriaxone,422,34,0,0.0,0.0,0.0,True
LAO,Lao People'S Democratic Republic,Western Pacific Region,2020,Blood,Staphylococcus aureus,Meticillin,422,81,18,22.2222222222222,22.22222222222222,-2.1316282072803006e-14,True
LAO,Lao People'S Democratic Republic,Western Pacific Region,2020,Stool,Salmonella,Ceftriaxone,26,26,4,15.3846153846154,15.384615384615385,1.4210854715202004e-14,True
LAO,Lao People'S Democratic Republic,Western Pacific Region,2020,Urine,Escherichia coli,Ampicillin,253,214,191,89.2523364485981,89.25233644859813,-2.842170943040401e-14,True
LAO,Lao People'S Democratic Republic,Western Pacific Region,2020,Urine,Escherichia coli,Ceftazidime,253,72,24,33.3333333333333,33.33333333333333,-2.842170943040401e-14,True
LAO,Lao People'S Democratic Republic,Western Pacific Region,2020,Urine,Escherichia coli,Ceftriaxone,253,206,111,53.8834951456311,53.883495145631066,3.552713678800501e-14,True
LAO,Lao People'S Democratic Republic,Western Pacific Region,2020,Urine,Escherichia coli,Ciprofloxacin,253,170,78,45.8823529411765,45.88235294117647,2.842170943040401e-14,True
LAO,Lao People'S Democratic Republic,Western Pacific Region,2020,Urine,Escherichia coli,Imipenem,253,74,1,1.35135135135135,1.3513513513513513,-1.3322676295501878e-15,True
LAO,Lao People'S Democratic Republic,Western Pacific Region,2020,Urine,Escherichia coli,Meropenem,253,176,4,2.27272727272727,2.272727272727273,-3.1086244689504383e-15,True
LAO,Lao People'S Democratic Republic,Western Pacific Region,2020,Urine,Escherichia coli,Trimethoprim/sulfamethoxazole,253,215,142,66.046511627907,66.04651162790698,1.4210854715202004e-14,True
LAO,Lao People'S Democratic Republic,Western Pacific Region,2020,Urine,Klebsiella pneumoniae,Ciprofloxacin,253,26,14,53.8461538461538,53.84615384615385,-4.973799150320701e-14,True
LAO,Lao People'S Democratic Republic,Western Pacific Region,2020,Urine,Klebsiella pneumoniae,Trimethoprim/sulfamethoxazole,253,36,23,63.8888888888889,63.888888888888886,1.4210854715202004e-14,True
LBN,Lebanon,Eastern Mediterranean Region,2017,Blood,Escherichia coli,Ceftriaxone,188,17,10,58.8235294117647,58.82352941176471,-7.105427357601002e-15,True
LBN,Lebanon,Eastern Mediterranean Region,2017,Blood,Escherichia coli,Ciprofloxacin,188,18,8,44.4444444444444,44.44444444444444,-4.263256414560601e-14,True
LBN,Lebanon,Eastern Mediterranean Region,2017,Blood,Escherichia coli,Tinidazole,188,17,10,58.8235294117647,58.82352941176471,-7.105427357601002e-15,True
LBN,Lebanon,Eastern Mediterranean Region,2017,Urine,Escherichia coli,Cefepime,2017,63,24,38.0952380952381,38.095238095238095,7.105427357601002e-15,True
LBN,Lebanon,Eastern Mediterranean Region,2017,Urine,Escherichia coli,Cefotaxime,2017,67,33,49.2537313432836,49.25373134328358,1.4210854715202004e-14,True
LBN,Lebanon,Eastern Mediterranean Region,2017,Urine,Escherichia coli,Ceftazidime,2017,66,30,45.4545454545455,45.45454545454545,4.973799150320701e-14,True
LBN,Lebanon,Eastern Mediterranean Region,2017,Urine,Escherichia coli,Ceftriaxone,2017,546,257,47.0695970695971,47.069597069597066,3.552713678800501e-14,True
LBN,Lebanon,Eastern Mediterranean Region,2017,Urine,Escherichia coli,Ciprofloxacin,2017,536,231,43.0970149253731,43.09701492537313,-2.842170943040401e-14,True
LBN,Lebanon,Eastern Mediterranean Region,2017,Urine,Escherichia coli,Imipenem,2017,70,1,1.42857142857143,1.4285714285714286,1.3322676295501878e-15,True
LBN,Lebanon,Eastern Mediterranean Region,2017,Urine,Escherichia coli,Meropenem,2017,70,3,4.28571428571429,4.285714285714286,4.440892098500626e-15,True
LBN,Lebanon,Eastern Mediterranean Region,2017,Urine,Klebsiella pneumoniae,Ceftriaxone,2017,60,32,53.3333333333333,53.333333333333336,-3.552713678800501e-14,True
LBN,Lebanon,Eastern Mediterranean Region,2017,Urine,Klebsiella pneumoniae,Ciprofloxacin,2017,60,17,28.3333333333333,28.333333333333332,-3.197442310920451e-14,True
LBN,Lebanon,Eastern Mediterranean Region,2018,Blood,Escherichia coli,Ceftriaxone,330,164,85,51.8292682926829,51.829268292682926,-2.842170943040401e-14,True
LBN,Lebanon,Eastern Mediterranean Region,2018,Blood,Escherichia coli,Ciprofloxacin,330,188,85,45.2127659574468,45.21276595744681,-1.4210854715202004e-14,True
LBN,Lebanon,Eastern Mediterranean Region,2018,Blood,Escherichia coli,Tinidazole,330,164,85,51.8292682926829,51.829268292682926,-2.842170943040401e-14,True
LBN,Lebanon,Eastern Mediterranean Region,2018,Urine,Escherichia coli,Cefepime,3964,3210,1176,36.6355140186916,36.63551401869159,1.4210854715202004e-14,True
LBN,Lebanon,Eastern Mediterranean Region,2018,Urine,Escherichia coli,Cefotaxime,3964,1525,586,38.4262295081967,38.42622950819672,-2.1316282072803006e-14,True
LBN,Lebanon,Eastern Mediterranean Region,2018,Urine,Escherichia coli,Ceftazidime,3964,2957,1196,40.4463983767332,40.44639837673318,2.1316282072803006e-14,True
LBN,Lebanon,Eastern Mediterranean Region,2018,Urine,Escherichia coli,Ceftriaxone,3964,2403,1021,42.488555971702,42.48855597170204,-4.263256414560601e-14,True
LBN,Lebanon,Eastern Mediterranean Region,2018,Urine,Escherichia coli,Ciprofloxacin,3964,3405,1340,39.3538913362702,39.353891336270195,7.105427357601002e-15,True
LBN,Lebanon,Eastern Mediterranean Region,2018,Urine,Escherichia coli,Imipenem,3964,3135,34,1.08452950558214,1.0845295055821371,2.886579864025407e-15,True
LBN,Lebanon,Eastern Mediterranean Region,2018,Urine,Escherichia coli,Meropenem,3964,1232,12,0.974025974025974,0.974025974025974,0.0,True
LBN,Lebanon,Eastern Mediterranean Region,2018,Urine,Klebsiella pneumoniae,Ceftriaxone,3964,423,166,39.2434988179669,39.2434988179669,0.0,True
LBN,Lebanon,Eastern Mediterranean Region,2018,Urine,Klebsiella pneumoniae,Ciprofloxacin,3964,497,115,23.1388329979879,23.138832997987926,-2.4868995751603507e-14,True
LBN,Lebanon,Eastern Mediterranean Region,2019,Blood,Acinetobacter,Amikacin,207,47,33,70.2127659574468,70.2127659574468,0.0,True
LBN,Lebanon,Eastern Mediterranean Region,2019,Blood,Acinetobacter,Gentamicin,207,47,32,68.0851063829787,68.08510638297872,-2.842170943040401e-14,True
LBN,Lebanon,Eastern Mediterranean Region,2019,Blood,Acinetobacter,Imipenem,207,47,33,70.2127659574468,70.2127659574468,0.0,True
LBN,Lebanon,Eastern Mediterranean Region,2019,Blood,Acinetobacter,Minocycline,207,42,0,0.0,0.0,0.0,True
LBN,Lebanon,Eastern Mediterranean Region,2019,Blood,Escherichia coli,Ampicillin,207,75,59,78.6666666666667,78.66666666666666,4.263256414560601e-14,True
LBN,Lebanon,Eastern Mediterranean Region,2019,Blood,Escherichia coli,Cefepime,207,81,42,51.8518518518518,51.85185185185185,-4.973799150320701e-14,True
LBN,Lebanon,Eastern Mediterranean Region,2019,Blood,Escherichia coli,Cefotaxime,207,24,14,58.3333333333333,58.333333333333336,-3.552713678800501e-14,True
LBN,Lebanon,Eastern Mediterranean Region,2019,Blood,Escherichia coli,Ceftazidime,207,82,44,53.6585365853659,53.65853658536586,4.263256414560601e-14,True
LBN,Lebanon,Eastern Mediterranean Region,2019,Blood,Escherichia coli,Ceftriaxone,218,79,44,55.6962025316456,55.69620253164557,3.552713678800501e-14,True
LBN,Lebanon,Eastern Mediterranean Region,2019,Blood,Escherichia coli,Ciprofloxacin,218,83,44,53.0120481927711,53.01204819277109,7.105427357601002e-15,True
LBN,Lebanon,Eastern Mediterranean Region,2019,Blood,Escherichia coli,Ertapenem,207,79,4,5.06329113924051,5.063291139240507,3.552713678800501e-15,True
LBN,Lebanon,Eastern Mediterranean Region,2019,Blood,Escherichia coli,Imipenem,207,84,4,4.76190476190476,4.761904761904762,-1.7763568394002505e-15,True
LBN,Lebanon,Eastern Mediterranean Region,2019,Blood,Escherichia coli,Levofloxacin,207,18,12,66.6666666666667,66.66666666666666,4.263256414560601e-14,True
LBN,Lebanon,Eastern Mediterranean Region,2019,Blood,Escherichia coli,Meropenem,207,28,3,10.7142857142857,10.714285714285714,-1.4210854715202004e-14,True
LBN,Lebanon,Eastern Mediterranean Region,2019,Blood,Escherichia coli,Tinidazole,218,24,14,58.3333333333333,58.333333333333336,-3.552713678800501e-14,True
LBN,Lebanon,Eastern Mediterranean Region,2019,Blood,Escherichia coli,Trimethoprim/sulfamethoxazole,207,77,35,45.4545454545455,45.45454545454545,4.973799150320701e-14,True
LBN,Lebanon,Eastern Mediterranean Region,2019,Blood,Klebsiella pneumoniae,Cefepime,207,47,26,55.3191489361702,55.319148936170215,-1.4210854715202004e-14,True
LBN,Lebanon,Eastern Mediterranean Region,2019,Blood,Klebsiella pneumoniae,Ceftazidime,207,43,22,51.1627906976744,51.162790697674424,-2.1316282072803006e-14,True
LBN,Lebanon,Eastern Mediterranean Region,2019,Blood,Klebsiella pneumoniae,Ceftriaxone,207,43,26,60.4651162790698,60.46511627906976,3.552713678800501e-14,True
LBN,Lebanon,Eastern Mediterranean Region,2019,Blood,Klebsiella pneumoniae,Ciprofloxacin,207,46,21,45.6521739130435,45.65217391304348,2.1316282072803006e-14,True
LBN,Lebanon,Eastern Mediterranean Region,2019,Blood,Klebsiella pneumoniae,Ertapenem,207,44,10,22.7272727272727,22.727272727272727,-2.4868995751603507e-14,True
LBN,Lebanon,Eastern Mediterranean Region,2019,Blood,Klebsiella pneumoniae,Imipenem,207,46,9,19.5652173913043,19.565217391304348,-4.618527782440651e-14,True
LBN,Lebanon,Eastern Mediterranean Region,2019,Blood,Klebsiella pneumoniae,Meropenem,207,16,5,31.25,31.25,0.0,True
LBN,Lebanon,Eastern Mediterranean Region,2019,Blood,Klebsiella pneumoniae,Trimethoprim/sulfamethoxazole,207,42,22,52.3809523809524,52.38095238095239,1.4210854715202004e-14,True
LBN,Lebanon,Eastern Mediterranean Region,2019,Blood,Staphylococcus aureus,Cefoxitin,207,12,3,25.0,25.0,0.0,True
LBN,Lebanon,Eastern Mediterranean Region,2019,Stool,Salmonella,Cefotaxime,69,26,0,0.0,0.0,0.0,True
LBN,Lebanon,Eastern Mediterranean Region,2019,Stool,Salmonella,Ceftazidime,69,56,0,0.0,0.0,0.0,True
LBN,Lebanon,Eastern Mediterranean Region,2019,Stool,Salmonella,Ceftriaxone,69,51,1,1.96078431372549,1.9607843137254901,-2.220446049250313e-16,True
LBN,Lebanon,Eastern Mediterranean Region,2019,Stool,Salmonella,Ciprofloxacin,69,64,21,32.8125,32.8125,0.0,True
LBN,Lebanon,Eastern Mediterranean Region,2019,Stool,Salmonella,Ertapenem,69,51,1,1.96078431372549,1.9607843137254901,-2.220446049250313e-16,True
LBN,Lebanon,Eastern Mediterranean Region,2019,Stool,Salmonella,Imipenem,69,69,0,0.0,0.0,0.0,True
LBN,Lebanon,Eastern Mediterranean Region,2019,Stool,Salmonella,Levofloxacin,69,33,12,36.3636363636364,36.36363636363637,3.552713678800501e-14,True
LBN,Lebanon,Eastern Mediterranean Region,2019,Urine,Escherichia coli,Ampicillin,1363,971,711,73.2234809474768,73.22348094747683,-2.842170943040401e-14,True
LBN,Lebanon,Eastern Mediterranean Region,2019,Urine,Escherichia coli,Cefepime,1363,1106,447,40.4159132007233,40.415913200723324,-2.1316282072803006e-14,True
LBN,Lebanon,Eastern Mediterranean Region,2019,Urine,Escherichia coli,Cefotaxime,1363,309,133,43.042071197411,43.042071197411005,-7.105427357601002e-15,True
LBN,Lebanon,Eastern Mediterranean Region,2019,Urine,Escherichia coli,Ceftazidime,1363,1004,479,47.7091633466136,47.70916334661355,4.973799150320701e-14,True
LBN,Lebanon,Eastern Mediterranean Region,2019,Urine,Escherichia coli,Ceftriaxone,1363,883,438,49.60362400906,49.60362400906002,-2.1316282072803006e-14,True
LBN,Lebanon,Eastern Mediterranean Region,2019,Urine,Escherichia coli,Ciprofloxacin,1363,1097,453,41.2944393801276,41.29443938012762,-2.1316282072803006e-14,True
LBN,Lebanon,Eastern Mediterranean Region,2019,Urine,Escherichia coli,Colistin,1363,57,7,12.280701754386,12.280701754385964,3.552713678800501e-14,True
LBN,Lebanon,Eastern Mediterranean Region,2019,Urine,Escherichia coli,Ertapenem,1363,928,15,1.61637931034483,1.6163793103448276,2.4424906541753444e-15,True
LBN,Lebanon,Eastern Mediterranean Region,2019,Urine,Escherichia coli,Imipenem,1363,1105,8,0.723981900452489,0.7239819004524887,3.3306690738754696e-16,True
LBN,Lebanon,Eastern Mediterranean Region,2019,Urine,Escherichia coli,Levofloxacin,1363,230,109,47.3913043478261,47.391304347826086,1.4210854715202004e-14,True
LBN,Lebanon,Eastern Mediterranean Region,2019,Urine,Escherichia coli,Meropenem,1363,94,4,4.25531914893617,4.25531914893617,0.0,True
LBN,Lebanon,Eastern Mediterranean Region,2019,Urine,Escherichia coli,Trimethoprim/sulfamethoxazole,1363,1096,505,46.0766423357664,46.07664233576642,-2.1316282072803006e-14,True
LBN,Lebanon,Eastern Mediterranean Region,2019,Urine,Klebsiella pneumoniae,Cefepime,1363,254,94,37.007874015748,37.00787401574803,-2.842170943040401e-14,True
LBN,Lebanon,Eastern Mediterranean Region,2019,Urine,Klebsiella pneumoniae,Cefotaxime,1363,44,17,38.6363636363636,38.63636363636363,-3.552713678800501e-14,True
LBN,Lebanon,Eastern Mediterranean Region,2019,Urine,Klebsiella pneumoniae,Ceftazidime,1363,245,110,44.8979591836735,44.89795918367347,2.842170943040401e-14,True
LBN,Lebanon,Eastern Mediterranean Region,2019,Urine,Klebsiella pneumoniae,Ceftriaxone,1363,227,106,46.6960352422907,46.69603524229075,-4.973799150320701e-14,True
LBN,Lebanon,Eastern Mediterranean Region,2019,Urine,Klebsiella pneumoniae,Ciprofloxacin,1363,254,82,32.2834645669291,32.28346456692913,-3.552713678800501e-14,True
LBN,Lebanon,Eastern Mediterranean Region,2019,Urine,Klebsiella pneumoniae,Colistin,1363,17,3,17.6470588235294,17.647058823529413,-1.4210854715202004e-14,True
LBN,Lebanon,Eastern Mediterranean Region,2019,Urine,Klebsiella pneumoniae,Ertapenem,1363,235,30,12.7659574468085,12.76595744680851,-1.0658141036401503e-14,True
LBN,Lebanon,Eastern Mediterranean Region,2019,Urine,Klebsiella pneumoniae,Imipenem,1363,254,27,10.6299212598425,10.62992125984252,-1.9539925233402755e-14,True
LBN,Lebanon,Eastern Mediterranean Region,2019,Urine,Klebsiella pneumoniae,Levofloxacin,1363,29,6,20.6896551724138,20.689655172413794,7.105427357601002e-15,True
LBN,Lebanon,Eastern Mediterranean Region,2019,Urine,Klebsiella pneumoniae,Meropenem,1363,32,14,43.75,43.75,0.0,True
LBN,Lebanon,Eastern Mediterranean Region,2019,Urine,Klebsiella pneumoniae,Trimethoprim/sulfamethoxazole,1363,253,109,43.0830039525692,43.08300395256917,2.842170943040401e-14,True
LBN,Lebanon,Eastern Mediterranean Region,2020,Blood,Escherichia coli,Ceftriaxone,565,117,66,56.4102564102564,56.41025641025641,-7.105427357601002e-15,True
LBN,Lebanon,Eastern Mediterranean Region,2020,Blood,Escherichia coli,Ciprofloxacin,565,128,67,52.34375,52.34375,0.0,True
LBN,Lebanon,Eastern Mediterranean Region,2020,Blood,Escherichia coli,Tinidazole,565,117,66,56.4102564102564,56.41025641025641,-7.105427357601002e-15,True
LBN,Lebanon,Eastern Mediterranean Region,2020,Urine,Escherichia coli,Cefepime,3918,2159,892,41.3154238073182,41.315423807318204,-7.105427357601002e-15,True
LBN,Lebanon,Eastern Mediterranean Region,2020,Urine,Escherichia coli,Cefotaxime,3918,577,258,44.7140381282496,44.71403812824957,2.842170943040401e-14,True
LBN,Lebanon,Eastern Mediterranean Region,2020,Urine,Escherichia coli,Ceftazidime,3918,1658,750,45.2352231604343,45.23522316043426,4.263256414560601e-14,True
LBN,Lebanon,Eastern Mediterranean Region,2020,Urine,Escherichia coli,Ceftriaxone,3918,1921,903,47.0067673086934,47.006767308693384,1.4210854715202004e-14,True
LBN,Lebanon,Eastern Mediterranean Region,2020,Urine,Escherichia coli,Ciprofloxacin,3918,2188,827,37.7970749542962,37.797074954296164,3.552713678800501e-14,True
LBN,Lebanon,Eastern Mediterranean Region,2020,Urine,Escherichia coli,Imipenem,3918,2195,28,1.27562642369021,1.275626423690205,4.884981308350689e-15,True
LBN,Lebanon,Eastern Mediterranean Region,2020,Urine,Escherichia coli,Meropenem,3918,531,13,2.44821092278719,2.4482109227871938,-3.552713678800501e-15,True
LBN,Lebanon,Eastern Mediterranean Region,2020,Urine,Klebsiella pneumoniae,Ceftriaxone,3918,281,125,44.4839857651246,44.48398576512456,4.263256414560601e-14,True
LBN,Lebanon,Eastern Mediterranean Region,2020,Urine,Klebsiella pneumoniae,Ciprofloxacin,3918,318,81,25.4716981132075,25.471698113207548,-4.973799150320701e-14,True
LBY,Libya,Eastern Mediterranean Region,2019,Blood,Acinetobacter,Amikacin,99,23,6,26.0869565217391,26.08695652173913,-2.842170943040401e-14,True
LBY,Libya,Eastern Mediterranean Region,2019,Blood,Acinetobacter,Gentamicin,99,32,18,56.25,56.25,0.0,True
LBY,Libya,Eastern Mediterranean Region,2019,Blood,Acinetobacter,Imipenem,99,12,8,66.6666666666667,66.66666666666666,4.263256414560601e-14,True
LBY,Libya,Eastern Mediterranean Region,2019,Blood,Acinetobacter,Meropenem,99,28,18,64.2857142857143,64.28571428571429,1.4210854715202004e-14,True
LBY,Libya,Eastern Mediterranean Region,2019,Blood,Escherichia coli,Cefepime,99,10,6,60.0,60.0,0.0,True
LBY,Libya,Eastern Mediterranean Region,2019,Blood,Escherichia coli,Ceftriaxone,99,12,7,58.3333333333333,58.333333333333336,-3.552713678800501e-14,True
LBY,Libya,Eastern Mediterranean Region,2019,Blood,Escherichia coli,Meropenem,99,11,2,18.1818181818182,18.181818181818183,1.7763568394002505e-14,True
LBY,Libya,Eastern Mediterranean Region,2019,Blood,Klebsiella pneumoniae,Cefepime,99,36,28,77.7777777777778,77.77777777777779,1.4210854715202004e-14,True
LBY,Libya,Eastern Mediterranean Region,2019,Blood,Klebsiella pneumoniae,Ceftazidime,99,47,42,89.3617021276596,89.36170212765957,2.842170943040401e-14,True
LBY,Libya,Eastern Mediterranean Region,2019,Blood,Klebsiella pneumoniae,Ceftriaxone,99,47,45,95.7446808510638,95.74468085106383,-2.842170943040401e-14,True
LBY,Libya,Eastern Mediterranean Region,2019,Blood,Klebsiella pneumoniae,Ciprofloxacin,99,48,35,72.9166666666667,72.91666666666666,4.263256414560601e-14,True
LBY,Libya,Eastern Mediterranean Region,2019,Blood,Klebsiella pneumoniae,Ertapenem,99,20,8,40.0,40.0,0.0,True
LBY,Libya,Eastern Mediterranean Region,2019,Blood,Klebsiella pneumoniae,Imipenem,99,14,4,28.5714285714286,28.57142857142857,3.197442310920451e-14,True
LBY,Libya,Eastern Mediterranean Region,2019,Blood,Klebsiella pneumoniae,Levofloxacin,99,34,25,73.5294117647059,73.52941176470588,1.4210854715202004e-14,True
LBY,Libya,Eastern Mediterranean Region,2019,Blood,Klebsiella pneumoniae,Meropenem,99,47,15,31.9148936170213,31.914893617021278,2.1316282072803006e-14,True
LBY,Libya,Eastern Mediterranean Region,2019,Blood,Klebsiella pneumoniae,Trimethoprim/sulfamethoxazole,99,41,26,63.4146341463415,63.41463414634146,3.552713678800501e-14,True
LBY,Libya,Eastern Mediterranean Region,2019,Urine,Escherichia coli,Ampicillin,200,64,45,70.3125,70.3125,0.0,True
LBY,Libya,Eastern Mediterranean Region,2019,Urine,Escherichia coli,Cefepime,200,109,27,24.7706422018349,24.770642201834864,3.552713678800501e-14,True
LBY,Libya,Eastern Mediterranean Region,2019,Urine,Escherichia coli,Cefotaxime,200,46,14,30.4347826086957,30.434782608695656,4.263256414560601e-14,True
LBY,Libya,Eastern Mediterranean Region,2019,Urine,Escherichia coli,Ceftazidime,200,121,38,31.404958677686,31.40495867768595,4.973799150320701e-14,True
LBY,Libya,Eastern Mediterranean Region,2019,Urine,Escherichia coli,Ceftriaxone,200,118,43,36.4406779661017,36.440677966101696,7.105427357601002e-15,True
LBY,Libya,Eastern Mediterranean Region,2019,Urine,Escherichia coli,Ciprofloxacin,200,120,39,32.5,32.5,0.0,True
LBY,Libya,Eastern Mediterranean Region,2019,Urine,Escherichia coli,Ertapenem,200,28,0,0.0,0.0,0.0,True
LBY,Libya,Eastern Mediterranean Region,2019,Urine,Escherichia coli,Imipenem,200,61,1,1.63934426229508,1.639344262295082,-1.9984014443252818e-15,True
LBY,Libya,Eastern Mediterranean Region,2019,Urine,Escherichia coli,Levofloxacin,200,78,24,30.7692307692308,30.76923076923077,2.842170943040401e-14,True
LBY,Libya,Eastern Mediterranean Region,2019,Urine,Escherichia coli,Meropenem,200,128,3,2.34375,2.34375,0.0,True
LBY,Libya,Eastern Mediterranean Region,2019,Urine,Escherichia coli,Trimethoprim/sulfamethoxazole,200,93,44,47.3118279569892,47.31182795698925,-4.973799150320701e-14,True
LBY,Libya,Eastern Mediterranean Region,2019,Urine,Klebsiella pneumoniae,Cefepime,200,48,24,50.0,50.0,0.0,True
LBY,Libya,Eastern Mediterranean Region,2019,Urine,Klebsiella pneumoniae,Cefotaxime,200,30,20,66.6666666666667,66.66666666666666,4.263256414560601e-14,True
LBY,Libya,Eastern Mediterranean Region,2019,Urine,Klebsiella pneumoniae,Ceftazidime,200,62,34,54.8387096774194,54.83870967741935,4.973799150320701e-14,True
LBY,Libya,Eastern Mediterranean Region,2019,Urine,Klebsiella pneumoniae,Ceftriaxone,200,59,31,52.5423728813559,52.54237288135594,-3.552713678800501e-14,True
LBY,Libya,Eastern Mediterranean Region,2019,Urine,Klebsiella pneumoniae,Ciprofloxacin,200,58,26,44.8275862068966,44.827586206896555,4.263256414560601e-14,True
LBY,Libya,Eastern Mediterranean Region,2019,Urine,Klebsiella pneumoniae,Imipenem,200,32,3,9.375,9.375,0.0,True
LBY,Libya,Eastern Mediterranean Region,2019,Urine,Klebsiella pneumoniae,Levofloxacin,200,41,14,34.1463414634146,34.146341463414636,-3.552713678800501e-14,True
LBY,Libya,Eastern Mediterranean Region,2019,Urine,Klebsiella pneumoniae,Meropenem,200,64,12,18.75,18.75,0.0,True
LBY,Libya,Eastern Mediterranean Region,2019,Urine,Klebsiella pneumoniae,Trimethoprim/sulfamethoxazole,200,47,16,34.0425531914894,34.04255319148936,3.552713678800501e-14,True
LKA,Sri Lanka,South-East Asia Region,2019,Blood,Acinetobacter,Imipenem,1649,235,151,64.2553191489362,64.25531914893618,1.4210854715202004e-14,True
LKA,Sri Lanka,South-East Asia Region,2019,Blood,Acinetobacter,Meropenem,1649,297,202,68.013468013468,68.01346801346801,-1.4210854715202004e-14,True
LKA,Sri Lanka,South-East Asia Region,2019,Blood,Escherichia coli,Cefotaxime,1649,273,172,63.003663003663,63.003663003663,0.0,True
LKA,Sri Lanka,South-East Asia Region,2019,Blood,Escherichia coli,Ceftriaxone,1649,165,93,56.3636363636364,56.36363636363636,4.263256414560601e-14,True
LKA,Sri Lanka,South-East Asia Region,2019,Blood,Escherichia coli,Ciprofloxacin,1649,379,231,60.9498680738786,60.94986807387863,-3.552713678800501e-14,True
LKA,Sri Lanka,South-East Asia Region,2019,Blood,Escherichia coli,Imipenem,1649,253,25,9.88142292490119,9.881422924901186,3.552713678800501e-15,True
LKA,Sri Lanka,South-East Asia Region,2019,Blood,Escherichia coli,Meropenem,1649,388,33,8.50515463917526,8.505154639175258,1.7763568394002505e-15,True
LKA,Sri Lanka,South-East Asia Region,2019,Blood,Klebsiella pneumoniae,Cefotaxime,1649,186,130,69.8924731182796,69.89247311827957,2.842170943040401e-14,True
LKA,Sri Lanka,South-East Asia Region,2019,Blood,Klebsiella pneumoniae,Ceftriaxone,1649,117,73,62.3931623931624,62.39316239316239,7.105427357601002e-15,True
LKA,Sri Lanka,South-East Asia Region,2019,Blood,Klebsiella pneumoniae,Ciprofloxacin,1649,304,172,56.578947368421,56.57894736842105,-4.973799150320701e-14,True
LKA,Sri Lanka,South-East Asia Region,2019,Blood,Klebsiella pneumoniae,Imipenem,1649,238,92,38.655462184874,38.655462184873954,4.263256414560601e-14,True
LKA,Sri Lanka,South-East Asia Region,2019,Blood,Klebsiella pneumoniae,Meropenem,1649,307,118,38.4364820846906,38.43648208469055,4.973799150320701e-14,True
LKA,Sri Lanka,South-East Asia Region,2019,Blood,Salmonella,Cefotaxime,1649,22,5,22.7272727272727,22.727272727272727,-2.4868995751603507e-14,True
LKA,Sri Lanka,South-East Asia Region,2019,Blood,Salmonella,Ciprofloxacin,1649,31,8,25.8064516129032,25.806451612903224,-2.4868995751603507e-14,True
LKA,Sri Lanka,South-East Asia Region,2019,Blood,Staphylococcus aureus,Cefoxitin,1649,284,159,55.9859154929578,55.98591549295775,4.973799150320701e-14,True
LKA,Sri Lanka,South-East Asia Region,2019,Stool,Salmonella,Ceftriaxone,60,10,0,0.0,0.0,0.0,True
LKA,Sri Lanka,South-East Asia Region,2019,Stool,Salmonella,Ciprofloxacin,60,34,3,8.82352941176471,8.823529411764707,3.552713678800501e-15,True
LKA,Sri Lanka,South-East Asia Region,2019,Stool,Shigella,Ciprofloxacin,60,21,2,9.52380952380952,9.523809523809524,-3.552713678800501e-15,True
LKA,Sri Lanka,South-East Asia Region,2019,Urine,Escherichia coli,Cefotaxime,4262,1972,876,44.421906693712,44.42190669371197,3.552713678800501e-14,True
LKA,Sri Lanka,South-East Asia Region,2019,Urine,Escherichia coli,Ceftriaxone,4262,863,410,47.5086906141367,47.50869061413673,-3.552713678800501e-14,True
LKA,Sri Lanka,South-East Asia Region,2019,Urine,Escherichia coli,Ciprofloxacin,4262,2390,1156,48.3682008368201,48.36820083682009,1.4210854715202004e-14,True
LKA,Sri Lanka,South-East Asia Region,2019,Urine,Escherichia coli,Imipenem,4262,1937,23,1.18740320082602,1.1874032008260196,4.440892098500626e-16,True
LKA,Sri Lanka,South-East Asia Region,2019,Urine,Escherichia coli,Meropenem,4262,2846,41,1.44061841180604,1.4406184118060434,-3.552713678800501e-15,True
LKA,Sri Lanka,South-East Asia Region,2019,Urine,Klebsiella pneumoniae,Cefotaxime,4262,457,258,56.4551422319475,56.455142231947484,1.4210854715202004e-14,True
LKA,Sri Lanka,South-East Asia Region,2019,Urine,Klebsiella pneumoniae,Ceftriaxone,4262,345,193,55.9420289855072,55.94202898550724,-4.263256414560601e-14,True
LKA,Sri Lanka,South-East Asia Region,2019,Urine,Klebsiella pneumoniae,Ciprofloxacin,4262,369,213,57.7235772357724,57.72357723577236,4.263256414560601e-14,True
LKA,Sri Lanka,South-East Asia Region,2019,Urine,Klebsiella pneumoniae,Imipenem,4262,214,72,33.6448598130841,33.64485981308411,-7.105427357601002e-15,True
LKA,Sri Lanka,South-East Asia Region,2019,Urine,Klebsiella pneumoniae,Meropenem,4262,634,137,21.608832807571,21.608832807570977,2.4868995751603507e-14,True
LTU,Lithuania,European Region,2017,Blood,Escherichia coli,Tinidazole,1888,852,143,16.7840375586854,16.784037558685448,-4.618527782440651e-14,True
LTU,Lithuania,European Region,2017,Blood,Staphylococcus aureus,Meticillin,1888,514,45,8.75486381322957,8.754863813229571,-1.7763568394002505e-15,True
LTU,Lithuania,European Region,2018,Blood,Escherichia coli,Tinidazole,2352,1109,170,15.3291253381425,15.329125338142472,2.842170943040401e-14,True
LTU,Lithuania,European Region,2018,Blood,Staphylococcus aureus,Meticillin,2352,691,58,8.39363241678726,8.393632416787264,-5.329070518200751e-15,True
LTU,Lithuania,European Region,2019,Blood,Acinetobacter,Amikacin,2452,106,88,83.0188679245283,83.01886792452831,-1.4210854715202004e-14,True
LTU,Lithuania,European Region,2019,Blood,Acinetobacter,Colistin,2452,70,14,20.0,20.0,0.0,True
LTU,Lithuania,European Region,2019,Blood,Acinetobacter,Gentamicin,2452,107,89,83.1775700934579,83.17757009345794,-4.263256414560601e-14,True
LTU,Lithuania,European Region,2019,Blood,Acinetobacter,Imipenem,2452,100,86,86.0,86.0,0.0,True
LTU,Lithuania,European Region,2019,Blood,Acinetobacter,Meropenem,2452,100,87,87.0,87.0,0.0,True
LTU,Lithuania,European Region,2019,Blood,Escherichia coli,Ampicillin,2452,1129,667,59.0788308237378,59.07883082373782,-1.4210854715202004e-14,True
LTU,Lithuania,European Region,2019,Blood,Escherichia coli,Cefotaxime,2452,846,106,12.5295508274232,12.529550827423167,3.375077994860476e-14,True
LTU,Lithuania,European Region,2019,Blood,Escherichia coli,Ceftazidime,2452,1112,122,10.9712230215827,10.971223021582734,-3.375077994860476e-14,True
LTU,Lithuania,European Region,2019,Blood,Escherichia coli,Ceftriaxone,2452,308,54,17.5324675324675,17.532467532467532,-3.197442310920451e-14,True
LTU,Lithuania,European Region,2019,Blood,Escherichia coli,Ciprofloxacin,2452,1129,203,17.9805137289637,17.980513728963686,1.4210854715202004e-14,True
LTU,Lithuania,European Region,2019,Blood,Escherichia coli,Imipenem,2452,898,1,0.111358574610245,0.11135857461024498,1.3877787807814457e-17,True
LTU,Lithuania,European Region,2019,Blood,Escherichia coli,Meropenem,2452,1006,1,0.099403578528827,0.09940357852882703,-2.7755575615628914e-17,True
LTU,Lithuania,European Region,2019,Blood,Escherichia coli,Tinidazole,2452,308,54,17.5324675324675,17.532467532467532,-3.197442310920451e-14,True
LTU,Lithuania,European Region,2019,Blood,Klebsiella pneumoniae,Cefotaxime,2452,283,152,53.7102473498233,53.71024734982333,-2.842170943040401e-14,True
LTU,Lithuania,European Region,2019,Blood,Klebsiella pneumoniae,Ceftazidime,2452,431,231,53.5962877030162,53.596287703016245,-4.263256414560601e-14,True
LTU,Lithuania,European Region,2019,Blood,Klebsiella pneumoniae,Ceftriaxone,2452,159,83,52.2012578616352,52.20125786163522,-2.1316282072803006e-14,True
LTU,Lithuania,European Region,2019,Blood,Klebsiella pneumoniae,Ciprofloxacin,2452,438,228,52.0547945205479,52.054794520547944,-4.263256414560601e-14,True
LTU,Lithuania,European Region,2019,Blood,Klebsiella pneumoniae,Imipenem,2452,372,12,3.2258064516129,3.225806451612903,-3.1086244689504383e-15,True
LTU,Lithuania,European Region,2019,Blood,Klebsiella pneumoniae,Meropenem,2452,410,14,3.41463414634146,3.414634146341464,-3.9968028886505635e-15,True
LTU,Lithuania,European Region,2019,Blood,Staphylococcus aureus,Cefoxitin,2452,656,61,9.29878048780488,9.298780487804878,1.7763568394002505e-15,True
LTU,Lithuania,European Region,2019,Blood,Staphylococcus aureus,Meticillin,2452,656,61,9.29878048780488,9.298780487804878,1.7763568394002505e-15,True
LTU,Lithuania,European Region,2019,Blood,Streptococcus pneumoniae,Benzylpenicillin,2452,120,0,0.0,0.0,0.0,True
LTU,Lithuania,European Region,2019,Blood,Streptococcus pneumoniae,Cefotaxime,2452,63,0,0.0,0.0,0.0,True
LTU,Lithuania,European Region,2019,Blood,Streptococcus pneumoniae,Ceftriaxone,2452,60,0,0.0,0.0,0.0,True
LTU,Lithuania,European Region,2019,Blood,Streptococcus pneumoniae,Oxacillin,2452,120,13,10.8333333333333,10.833333333333334,-3.375077994860476e-14,True
LTU,Lithuania,European Region,2019,Urine,Escherichia coli,Ampicillin,1200,1030,510,49.5145631067961,49.51456310679612,-1.4210854715202004e-14,True
LTU,Lithuania,European Region,2019,Urine,Escherichia coli,Cefepime,1200,107,71,66.3551401869159,66.35514018691589,1.4210854715202004e-14,True
LTU,Lithuania,European Region,2019,Urine,Escherichia coli,Cefotaxime,1200,107,77,71.9626168224299,71.96261682242991,-1.4210854715202004e-14,True
LTU,Lithuania,European Region,2019,Urine,Escherichia coli,Ceftazidime,1200,107,81,75.7009345794392,75.70093457943925,-4.263256414560601e-14,True
LTU,Lithuania,European Region,2019,Urine,Escherichia coli,Ciprofloxacin,1200,1030,159,15.4368932038835,15.436893203883495,5.329070518200751e-15,True
LTU,Lithuania,European Region,2019,Urine,Escherichia coli,Meropenem,1200,109,0,0.0,0.0,0.0,True
LTU,Lithuania,European Region,2019,Urine,Escherichia coli,Trimethoprim/sulfamethoxazole,1200,107,75,70.0934579439252,70.09345794392523,-2.842170943040401e-14,True
LTU,Lithuania,European Region,2019,Urine,Klebsiella pneumoniae,Cefepime,1200,68,58,85.2941176470588,85.29411764705883,-2.842170943040401e-14,True
LTU,Lithuania,European Region,2019,Urine,Klebsiella pneumoniae,Cefotaxime,1200,69,60,86.9565217391304,86.95652173913044,-4.263256414560601e-14,True
LTU,Lithuania,European Region,2019,Urine,Klebsiella pneumoniae,Ceftazidime,1200,71,59,83.0985915492958,83.09859154929578,2.842170943040401e-14,True
LTU,Lithuania,European Region,2019,Urine,Klebsiella pneumoniae,Ciprofloxacin,1200,170,76,44.7058823529412,44.70588235294118,2.1316282072803006e-14,True
LTU,Lithuania,European Region,2019,Urine,Klebsiella pneumoniae,Meropenem,1200,74,1,1.35135135135135,1.3513513513513513,-1.3322676295501878e-15,True
LTU,Lithuania,European Region,2019,Urine,Klebsiella pneumoniae,Trimethoprim/sulfamethoxazole,1200,68,60,88.2352941176471,88.23529411764706,4.263256414560601e-14,True
LTU,Lithuania,European Region,2020,Blood,Escherichia coli,Tinidazole,2507,832,136,16.3461538461538,16.346153846153847,-4.618527782440651e-14,True
LTU,Lithuania,European Region,2020,Blood,Staphylococcus aureus,Meticillin,2507,704,69,9.80113636363636,9.801136363636363,-3.552713678800501e-15,True
LUX,Luxembourg,European Region,2017,Blood,Escherichia coli,Tinidazole,785,433,42,9.69976905311778,9.699769053117784,-3.552713678800501e-15,True
LUX,Luxembourg,European Region,2017,Blood,Staphylococcus aureus,Meticillin,785,200,19,9.5,9.5,0.0,True
LUX,Luxembourg,European Region,2018,Blood,Escherichia coli,Tinidazole,746,424,53,12.5,12.5,0.0,True
LUX,Luxembourg,European Region,2018,Blood,Staphylococcus aureus,Meticillin,746,181,14,7.73480662983425,7.734806629834254,-3.552713678800501e-15,True
LUX,Luxembourg,European Region,2019,Blood,Acinetobacter,Gentamicin,852,10,0,0.0,0.0,0.0,True
LUX,Luxembourg,European Region,2019,Blood,Escherichia coli,Ampicillin,852,492,283,57.520325203252,57.52032520325203,-2.842170943040401e-14,True
LUX,Luxembourg,European Region,2019,Blood,Escherichia coli,Cefepime,852,345,29,8.40579710144928,8.405797101449275,5.329070518200751e-15,True
LUX,Luxembourg,European Region,2019,Blood,Escherichia coli,Cefotaxime,852,345,35,10.1449275362319,10.144927536231885,1.5987211554602254e-14,True
LUX,Luxembourg,European Region,2019,Blood,Escherichia coli,Ceftazidime,852,492,51,10.3658536585366,10.365853658536585,1.5987211554602254e-14,True
LUX,Luxembourg,European Region,2019,Blood,Escherichia coli,Ceftriaxone,852,147,23,15.6462585034014,15.646258503401361,3.907985046680551e-14,True
LUX,Luxembourg,European Region,2019,Blood,Escherichia coli,Ciprofloxacin,852,492,101,20.5284552845528,20.528455284552845,-4.618527782440651e-14,True
LUX,Luxembourg,European Region,2019,Blood,Escherichia coli,Ertapenem,852,162,0,0.0,0.0,0.0,True
LUX,Luxembourg,European Region,2019,Blood,Escherichia coli,Meropenem,852,492,3,0.609756097560976,0.6097560975609756,4.440892098500626e-16,True
LUX,Luxembourg,European Region,2019,Blood,Escherichia coli,Tinidazole,852,147,23,15.6462585034014,15.646258503401361,3.907985046680551e-14,True
LUX,Luxembourg,European Region,2019,Blood,Klebsiella pneumoniae,Cefepime,852,53,11,20.7547169811321,20.754716981132077,2.1316282072803006e-14,True
LUX,Luxembourg,European Region,2019,Blood,Klebsiella pneumoniae,Cefotaxime,852,53,11,20.7547169811321,20.754716981132077,2.1316282072803006e-14,True
LUX,Luxembourg,European Region,2019,Blood,Klebsiella pneumoniae,Ceftazidime,852,103,26,25.2427184466019,25.24271844660194,-4.263256414560601e-14,True
LUX,Luxembourg,European Region,2019,Blood,Klebsiella pneumoniae,Ceftriaxone,852,50,14,28.0,28.000000000000004,-3.552713678800501e-15,True
LUX,Luxembourg,European Region,2019,Blood,Klebsiella pneumoniae,Ciprofloxacin,852,103,28,27.1844660194175,27.184466019417474,2.4868995751603507e-14,True
LUX,Luxembourg,European Region,2019,Blood,Klebsiella pneumoniae,Ertapenem,852,53,6,11.3207547169811,11.320754716981133,-3.375077994860476e-14,True
LUX,Luxembourg,European Region,2019,Blood,Klebsiella pneumoniae,Meropenem,852,103,1,0.970873786407767,0.9708737864077669,1.1102230246251565e-16,True
LUX,Luxembourg,European Region,2019,Blood,Staphylococcus aureus,Meticillin,852,209,13,6.2200956937799,6.220095693779904,-4.440892098500626e-15,True
LUX,Luxembourg,European Region,2019,Blood,Staphylococcus aureus,Oxacillin,852,209,13,6.2200956937799,6.220095693779904,-4.440892098500626e-15,True
LUX,Luxembourg,European Region,2019,Blood,Streptococcus pneumoniae,Benzylpenicillin,852,38,5,13.1578947368421,13.157894736842104,-3.552713678800501e-15,True
LUX,Luxembourg,European Region,2019,Blood,Streptococcus pneumoniae,Cefotaxime,852,30,0,0.0,0.0,0.0,True
LUX,Luxembourg,European Region,2019,Blood,Streptococcus pneumoniae,Ceftriaxone,852,22,0,0.0,0.0,0.0,True
LUX,Luxembourg,European Region,2020,Blood,Escherichia coli,Tinidazole,742,428,46,10.7476635514019,10.74766355140187,3.019806626980426e-14,True
LUX,Luxembourg,European Region,2020,Blood,Staphylococcus aureus,Meticillin,742,195,6,3.07692307692308,3.076923076923077,3.1086244689504383e-15,True
LVA,Latvia,European Region,2017,Blood,Escherichia coli,Tinidazole,348,111,20,18.018018018018,18.01801801801802,-1.7763568394002505e-14,True
LVA,Latvia,European Region,2017,Blood,Staphylococcus aureus,Meticillin,348,119,2,1.68067226890756,1.680672268907563,-3.1086244689504383e-15,True
LVA,Latvia,European Region,2018,Blood,Escherichia coli,Tinidazole,987,348,71,20.4022988505747,20.402298850574713,-1.4210854715202004e-14,True
LVA,Latvia,European Region,2018,Blood,Staphylococcus aureus,Meticillin,987,315,18,5.71428571428571,5.714285714285714,-4.440892098500626e-15,True
LVA,Latvia,European Region,2019,Blood,Acinetobacter,Amikacin,1169,45,30,66.6666666666667,66.66666666666666,4.263256414560601e-14,True
LVA,Latvia,European Region,2019,Blood,Acinetobacter,Colistin,1169,33,0,0.0,0.0,0.0,True
LVA,Latvia,European Region,2019,Blood,Acinetobacter,Gentamicin,1169,44,30,68.1818181818182,68.18181818181817,2.842170943040401e-14,True
LVA,Latvia,European Region,2019,Blood,Acinetobacter,Imipenem,1169,46,39,84.7826086956522,84.78260869565217,2.842170943040401e-14,True
LVA,Latvia,European Region,2019,Blood,Acinetobacter,Meropenem,1169,26,21,80.7692307692308,80.76923076923077,2.842170943040401e-14,True
LVA,Latvia,European Region,2019,Blood,Escherichia coli,Ampicillin,1169,438,253,57.7625570776256,57.76255707762557,2.842170943040401e-14,True
LVA,Latvia,European Region,2019,Blood,Escherichia coli,Cefotaxime,1169,426,77,18.075117370892,18.07511737089202,-2.1316282072803006e-14,True
LVA,Latvia,European Region,2019,Blood,Escherichia coli,Ceftazidime,1169,432,76,17.5925925925926,17.59259259259259,7.105427357601002e-15,True
LVA,Latvia,European Region,2019,Blood,Escherichia coli,Ceftriaxone,1169,198,35,17.6767676767677,17.67676767676768,2.1316282072803006e-14,True
LVA,Latvia,European Region,2019,Blood,Escherichia coli,Ciprofloxacin,1169,442,110,24.8868778280543,24.8868778280543,0.0,True
LVA,Latvia,European Region,2019,Blood,Escherichia coli,Ertapenem,1169,148,0,0.0,0.0,0.0,True
LVA,Latvia,European Region,2019,Blood,Escherichia coli,Imipenem,1169,435,0,0.0,0.0,0.0,True
LVA,Latvia,European Region,2019,Blood,Escherichia coli,Levofloxacin,1169,162,25,15.4320987654321,15.432098765432098,1.7763568394002505e-15,True
LVA,Latvia,European Region,2019,Blood,Escherichia coli,Meropenem,1169,438,0,0.0,0.0,0.0,True
LVA,Latvia,European Region,2019,Blood,Escherichia coli,Tinidazole,1712,624,115,18.4294871794872,18.429487179487182,1.7763568394002505e-14,True
LVA,Latvia,European Region,2019,Blood,Klebsiella pneumoniae,Cefotaxime,1169,195,72,36.9230769230769,36.92307692307693,-2.842170943040401e-14,True
LVA,Latvia,European Region,2019,Blood,Klebsiella pneumoniae,Ceftazidime,1169,193,70,36.2694300518135,36.26943005181347,2.842170943040401e-14,True
LVA,Latvia,European Region,2019,Blood,Klebsiella pneumoniae,Ceftriaxone,1169,100,38,38.0,38.0,0.0,True
LVA,Latvia,European Region,2019,Blood,Klebsiella pneumoniae,Ciprofloxacin,1169,198,73,36.8686868686869,36.868686868686865,3.552713678800501e-14,True
LVA,Latvia,European Region,2019,Blood,Klebsiella pneumoniae,Ertapenem,1169,72,13,18.0555555555556,18.055555555555554,4.618527782440651e-14,True
LVA,Latvia,European Region,2019,Blood,Klebsiella pneumoniae,Imipenem,1169,194,0,0.0,0.0,0.0,True
LVA,Latvia,European Region,2019,Blood,Klebsiella pneumoniae,Levofloxacin,1169,73,12,16.4383561643836,16.43835616438356,3.907985046680551e-14,True
LVA,Latvia,European Region,2019,Blood,Klebsiella pneumoniae,Meropenem,1169,192,0,0.0,0.0,0.0,True
LVA,Latvia,European Region,2019,Blood,Staphylococcus aureus,Cefoxitin,1169,406,32,7.88177339901478,7.8817733990147785,1.7763568394002505e-15,True
LVA,Latvia,European Region,2019,Blood,Staphylococcus aureus,Meticillin,1712,57,7,12.280701754386,12.280701754385964,3.552713678800501e-14,True
LVA,Latvia,European Region,2019,Blood,Staphylococcus aureus,Oxacillin,1169,57,7,12.280701754386,12.280701754385964,3.552713678800501e-14,True
LVA,Latvia,European Region,2019,Blood,Streptococcus pneumoniae,Benzylpenicillin,1169,50,0,0.0,0.0,0.0,True
LVA,Latvia,European Region,2019,Blood,Streptococcus pneumoniae,Cefotaxime,1169,48,1,2.08333333333333,2.083333333333333,-3.1086244689504383e-15,True
LVA,Latvia,European Region,2019,Blood,Streptococcus pneumoniae,Ceftriaxone,1169,44,0,0.0,0.0,0.0,True
LVA,Latvia,European Region,2019,Blood,Streptococcus pneumoniae,Oxacillin,1169,75,12,16.0,16.0,0.0,True
LVA,Latvia,European Region,2020,Blood,Escherichia coli,Tinidazole,980,39,13,33.3333333333333,33.33333333333333,-2.842170943040401e-14,True
LVA,Latvia,European Region,2020,Blood,Staphylococcus aureus,Meticillin,980,66,9,13.6363636363636,13.636363636363635,-3.552713678800501e-14,True
MDA,Moldova,European Region,2019,Blood,Acinetobacter,Gentamicin,91,10,5,50.0,50.0,0.0,True
MDA,Moldova,European Region,2019,Blood,Acinetobacter,Meropenem,91,10,5,50.0,50.0,0.0,True
MDA,Moldova,European Region,2019,Blood,Escherichia coli,Ampicillin,91,11,11,100.0,100.0,0.0,True
MDA,Moldova,European Region,2019,Blood,Escherichia coli,Cefotaxime,91,16,8,50.0,50.0,0.0,True
MDA,Moldova,European Region,2019,Blood,Escherichia coli,Ceftazidime,91,22,12,54.5454545454545,54.54545454545454,-4.263256414560601e-14,True
MDA,Moldova,European Region,2019,Blood,Escherichia coli,Ceftriaxone,91,19,10,52.6315789473684,52.63157894736842,-1.4210854715202004e-14,True
MDA,Moldova,European Region,2019,Blood,Escherichia coli,Ciprofloxacin,91,22,10,45.4545454545455,45.45454545454545,4.973799150320701e-14,True
MDA,Moldova,European Region,2019,Blood,Escherichia coli,Ertapenem,91,12,2,16.6666666666667,16.666666666666664,3.552713678800501e-14,True
MDA,Moldova,European Region,2019,Blood,Escherichia coli,Imipenem,91,15,2,13.3333333333333,13.333333333333334,-3.375077994860476e-14,True
MDA,Moldova,European Region,2019,Blood,Escherichia coli,Levofloxacin,91,14,6,42.8571428571429,42.857142857142854,4.263256414560601e-14,True
MDA,Moldova,European Region,2019,Blood,Escherichia coli,Meropenem,91,22,0,0.0,0.0,0.0,True
MDA,Moldova,European Region,2019,Blood,Klebsiella pneumoniae,Cefotaxime,91,33,27,81.8181818181818,81.81818181818183,-2.842170943040401e-14,True
MDA,Moldova,European Region,2019,Blood,Klebsiella pneumoniae,Ceftazidime,91,37,30,81.0810810810811,81.08108108108108,1.4210854715202004e-14,True
MDA,Moldova,European Region,2019,Blood,Klebsiella pneumoniae,Ceftriaxone,91,37,30,81.0810810810811,81.08108108108108,1.4210854715202004e-14,True
MDA,Moldova,European Region,2019,Blood,Klebsiella pneumoniae,Ciprofloxacin,91,37,31,83.7837837837838,83.78378378378379,1.4210854715202004e-14,True
MDA,Moldova,European Region,2019,Blood,Klebsiella pneumoniae,Ertapenem,91,20,16,80.0,80.0,0.0,True
MDA,Moldova,European Region,2019,Blood,Klebsiella pneumoniae,Imipenem,91,29,17,58.6206896551724,58.620689655172406,-7.105427357601002e-15,True
MDA,Moldova,European Region,2019,Blood,Klebsiella pneumoniae,Levofloxacin,91,17,14,82.3529411764706,82.35294117647058,1.4210854715202004e-14,True
MDA,Moldova,European Region,2019,Blood,Klebsiella pneumoniae,Meropenem,91,36,13,36.1111111111111,36.11111111111111,-7.105427357601002e-15,True
MDA,Moldova,European Region,2019,Blood,Staphylococcus aureus,Cefoxitin,91,16,5,31.25,31.25,0.0,True
MDG,Madagascar,African Region,2019,Blood,Escherichia coli,Ampicillin,116,37,32,86.4864864864865,86.48648648648648,1.4210854715202004e-14,True
MDG,Madagascar,African Region,2019,Blood,Escherichia coli,Cefepime,116,37,13,35.1351351351351,35.13513513513514,-3.552713678800501e-14,True
MDG,Madagascar,African Region,2019,Blood,Escherichia coli,Ceftazidime,116,37,15,40.5405405405405,40.54054054054054,-4.263256414560601e-14,True
MDG,Madagascar,African Region,2019,Blood,Escherichia coli,Ceftriaxone,116,37,15,40.5405405405405,40.54054054054054,-4.263256414560601e-14,True
MDG,Madagascar,African Region,2019,Blood,Escherichia coli,Ciprofloxacin,116,37,18,48.6486486486487,48.64864864864865,4.973799150320701e-14,True
MDG,Madagascar,African Region,2019,Blood,Escherichia coli,Colistin,116,37,0,0.0,0.0,0.0,True
MDG,Madagascar,African Region,2019,Blood,Escherichia coli,Imipenem,116,37,0,0.0,0.0,0.0,True
MDG,Madagascar,African Region,2019,Blood,Escherichia coli,Trimethoprim/sulfamethoxazole,116,37,29,78.3783783783784,78.37837837837837,2.842170943040401e-14,True
MDG,Madagascar,African Region,2019,Blood,Klebsiella pneumoniae,Cefepime,116,55,34,61.8181818181818,61.81818181818181,-1.4210854715202004e-14,True
MDG,Madagascar,African Region,2019,Blood,Klebsiella pneumoniae,Ceftazidime,116,55,33,60.0,60.0,0.0,True
MDG,Madagascar,African Region,2019,Blood,Klebsiella pneumoniae,Ceftriaxone,116,55,27,49.0909090909091,49.09090909090909,7.105427357601002e-15,True
MDG,Madagascar,African Region,2019,Blood,Klebsiella pneumoniae,Ciprofloxacin,116,55,30,54.5454545454545,54.54545454545454,-4.263256414560601e-14,True
MDG,Madagascar,African Region,2019,Blood,Klebsiella pneumoniae,Colistin,116,55,0,0.0,0.0,0.0,True
MDG,Madagascar,African Region,2019,Blood,Klebsiella pneumoniae,Imipenem,116,55,0,0.0,0.0,0.0,True
MDG,Madagascar,African Region,2019,Blood,Klebsiella pneumoniae,Trimethoprim/sulfamethoxazole,116,55,38,69.0909090909091,69.0909090909091,0.0,True
MDG,Madagascar,African Region,2019,Blood,Staphylococcus aureus,Cefoxitin,116,24,8,33.3333333333333,33.33333333333333,-2.842170943040401e-14,True
MDG,Madagascar,African Region,2019,Genital,Neisseria gonorrhoeae,Azithromycin,77,53,2,3.77358490566038,3.7735849056603774,2.6645352591003757e-15,True
MDG,Madagascar,African Region,2019,Genital,Neisseria gonorrhoeae,Ceftriaxone,77,71,2,2.8169014084507,2.8169014084507045,-4.440892098500626e-15,True
MDG,Madagascar,African Region,2019,Genital,Neisseria gonorrhoeae,Ciprofloxacin,77,77,77,100.0,100.0,0.0,True
MDG,Madagascar,African Region,2019,Stool,Shigella,Ceftazidime,15,15,1,6.66666666666667,6.666666666666667,2.6645352591003757e-15,True
MDG,Madagascar,African Region,2019,Stool,Shigella,Ceftriaxone,15,15,1,6.66666666666667,6.666666666666667,2.6645352591003757e-15,True
MDG,Madagascar,African Region,2019,Stool,Shigella,Ciprofloxacin,15,15,0,0.0,0.0,0.0,True
MDG,Madagascar,African Region,2019,Urine,Escherichia coli,Ampicillin,2335,1849,1517,82.0443482963764,82.04434829637643,-2.842170943040401e-14,True
MDG,Madagascar,African Region,2019,Urine,Escherichia coli,Cefepime,2335,1837,370,20.141535111595,20.14153511159499,1.0658141036401503e-14,True
MDG,Madagascar,African Region,2019,Urine,Escherichia coli,Ceftazidime,2335,1838,376,20.4570184983678,20.45701849836779,7.105427357601002e-15,True
MDG,Madagascar,African Region,2019,Urine,Escherichia coli,Ceftriaxone,2335,1837,422,22.9722373434948,22.97223734349483,-2.842170943040401e-14,True
MDG,Madagascar,African Region,2019,Urine,Escherichia coli,Ciprofloxacin,2335,1863,1057,56.7364465915191,56.736446591519055,4.263256414560601e-14,True
MDG,Madagascar,African Region,2019,Urine,Escherichia coli,Colistin,2335,257,4,1.55642023346304,1.556420233463035,4.884981308350689e-15,True
MDG,Madagascar,African Region,2019,Urine,Escherichia coli,Doripenem,2335,1620,17,1.04938271604938,1.0493827160493827,-2.6645352591003757e-15,True
MDG,Madagascar,African Region,2019,Urine,Escherichia coli,Imipenem,2335,258,16,6.2015503875969,6.2015503875969,0.0,True
MDG,Madagascar,African Region,2019,Urine,Escherichia coli,Trimethoprim/sulfamethoxazole,2335,1908,1523,79.8218029350105,79.82180293501048,1.4210854715202004e-14,True
MDG,Madagascar,African Region,2019,Urine,Klebsiella pneumoniae,Cefepime,2335,367,148,40.3269754768392,40.32697547683924,-3.552713678800501e-14,True
MDG,Madagascar,African Region,2019,Urine,Klebsiella pneumoniae,Ceftazidime,2335,427,150,35.1288056206089,35.1288056206089,0.0,True
MDG,Madagascar,African Region,2019,Urine,Klebsiella pneumoniae,Ceftriaxone,2335,367,164,44.6866485013624,44.6866485013624,0.0,True
MDG,Madagascar,African Region,2019,Urine,Klebsiella pneumoniae,Ciprofloxacin,2335,367,198,53.9509536784741,53.950953678474114,-1.4210854715202004e-14,True
MDG,Madagascar,African Region,2019,Urine,Klebsiella pneumoniae,Colistin,2335,48,0,0.0,0.0,0.0,True
MDG,Madagascar,African Region,2019,Urine,Klebsiella pneumoniae,Doripenem,2335,319,4,1.25391849529781,1.2539184952978055,4.440892098500626e-15,True
MDG,Madagascar,African Region,2019,Urine,Klebsiella pneumoniae,Imipenem,2335,73,21,28.7671232876712,28.767123287671232,-3.197442310920451e-14,True
MDG,Madagascar,African Region,2019,Urine,Klebsiella pneumoniae,Trimethoprim/sulfamethoxazole,2335,387,278,71.8346253229974,71.83462532299741,-1.4210854715202004e-14,True
MKD,North Macedonia,European Region,2017,Blood,Acinetobacter,Amikacin,175,18,12,66.6666666666667,66.66666666666666,4.263256414560601e-14,True
MKD,North Macedonia,European Region,2017,Blood,Acinetobacter,Colistin,175,22,2,9.09090909090909,9.090909090909092,-1.7763568394002505e-15,True
MKD,North Macedonia,European Region,2017,Blood,Acinetobacter,Gentamicin,175,21,16,76.1904761904762,76.19047619047619,1.4210854715202004e-14,True
MKD,North Macedonia,European Region,2017,Blood,Acinetobacter,Imipenem,175,22,17,77.2727272727273,77.27272727272727,2.842170943040401e-14,True
MKD,North Macedonia,European Region,2017,Blood,Acinetobacter,Meropenem,175,20,15,75.0,75.0,0.0,True
MKD,North Macedonia,European Region,2017,Blood,Escherichia coli,Ampicillin,175,34,28,82.3529411764706,82.35294117647058,1.4210854715202004e-14,True
MKD,North Macedonia,European Region,2017,Blood,Escherichia coli,Cefotaxime,175,10,9,90.0,90.0,0.0,True
MKD,North Macedonia,European Region,2017,Blood,Escherichia coli,Ceftazidime,175,60,36,60.0,60.0,0.0,True
MKD,North Macedonia,European Region,2017,Blood,Escherichia coli,Ceftriaxone,175,67,48,71.6417910447761,71.64179104477611,-1.4210854715202004e-14,True
MKD,North Macedonia,European Region,2017,Blood,Escherichia coli,Ciprofloxacin,175,75,48,64.0,64.0,0.0,True
MKD,North Macedonia,European Region,2017,Blood,Escherichia coli,Colistin,175,48,0,0.0,0.0,0.0,True
MKD,North Macedonia,European Region,2017,Blood,Escherichia coli,Ertapenem,175,24,0,0.0,0.0,0.0,True
MKD,North Macedonia,European Region,2017,Blood,Escherichia coli,Imipenem,175,76,0,0.0,0.0,0.0,True
MKD,North Macedonia,European Region,2017,Blood,Escherichia coli,Levofloxacin,175,21,11,52.3809523809524,52.38095238095239,1.4210854715202004e-14,True
MKD,North Macedonia,European Region,2017,Blood,Escherichia coli,Meropenem,175,77,0,0.0,0.0,0.0,True
MKD,North Macedonia,European Region,2017,Blood,Escherichia coli,Tinidazole,175,10,9,90.0,90.0,0.0,True
MKD,North Macedonia,European Region,2017,Blood,Escherichia coli,Trimethoprim/sulfamethoxazole,175,10,9,90.0,90.0,0.0,True
MKD,North Macedonia,European Region,2017,Blood,Klebsiella pneumoniae,Cefotaxime,175,11,11,100.0,100.0,0.0,True
MKD,North Macedonia,European Region,2017,Blood,Klebsiella pneumoniae,Ceftazidime,175,20,15,75.0,75.0,0.0,True
MKD,North Macedonia,European Region,2017,Blood,Klebsiella pneumoniae,Ceftriaxone,175,19,15,78.9473684210526,78.94736842105263,-2.842170943040401e-14,True
MKD,North Macedonia,European Region,2017,Blood,Klebsiella pneumoniae,Ciprofloxacin,175,22,15,68.1818181818182,68.18181818181817,2.842170943040401e-14,True
MKD,North Macedonia,European Region,2017,Blood,Klebsiella pneumoniae,Colistin,175,13,1,7.69230769230769,7.6923076923076925,-2.6645352591003757e-15,True
MKD,North Macedonia,European Region,2017,Blood,Klebsiella pneumoniae,Imipenem,175,22,3,13.6363636363636,13.636363636363635,-3.552713678800501e-14,True
MKD,North Macedonia,European Region,2017,Blood,Klebsiella pneumoniae,Meropenem,175,22,4,18.1818181818182,18.181818181818183,1.7763568394002505e-14,True
MKD,North Macedonia,European Region,2017,Blood,Staphylococcus aureus,Meticillin,175,46,25,54.3478260869565,54.347826086956516,-1.4210854715202004e-14,True
MKD,North Macedonia,European Region,2018,Blood,Acinetobacter,Amikacin,176,21,14,66.6666666666667,66.66666666666666,4.263256414560601e-14,True
MKD,North Macedonia,European Region,2018,Blood,Acinetobacter,Colistin,176,21,0,0.0,0.0,0.0,True
MKD,North Macedonia,European Region,2018,Blood,Acinetobacter,Gentamicin,176,23,21,91.304347826087,91.30434782608695,4.263256414560601e-14,True
MKD,North Macedonia,European Region,2018,Blood,Acinetobacter,Imipenem,176,22,17,77.2727272727273,77.27272727272727,2.842170943040401e-14,True
MKD,North Macedonia,European Region,2018,Blood,Acinetobacter,Meropenem,176,23,17,73.9130434782609,73.91304347826086,4.263256414560601e-14,True
MKD,North Macedonia,European Region,2018,Blood,Escherichia coli,Ampicillin,176,53,51,96.2264150943396,96.22641509433963,-2.842170943040401e-14,True
MKD,North Macedonia,European Region,2018,Blood,Escherichia coli,Cefotaxime,176,23,19,82.6086956521739,82.6086956521739,0.0,True
MKD,North Macedonia,European Region,2018,Blood,Escherichia coli,Ceftazidime,176,49,31,63.265306122449,63.26530612244898,1.4210854715202004e-14,True
MKD,North Macedonia,European Region,2018,Blood,Escherichia coli,Ceftriaxone,176,52,41,78.8461538461538,78.84615384615384,-4.263256414560601e-14,True
MKD,North Macedonia,European Region,2018,Blood,Escherichia coli,Ciprofloxacin,176,54,40,74.0740740740741,74.07407407407408,2.842170943040401e-14,True
MKD,North Macedonia,European Region,2018,Blood,Escherichia coli,Colistin,176,45,0,0.0,0.0,0.0,True
MKD,North Macedonia,European Region,2018,Blood,Escherichia coli,Ertapenem,176,31,1,3.2258064516129,3.225806451612903,-3.1086244689504383e-15,True
MKD,North Macedonia,European Region,2018,Blood,Escherichia coli,Imipenem,176,54,2,3.7037037037037,3.7037037037037033,-3.1086244689504383e-15,True
MKD,North Macedonia,European Region,2018,Blood,Escherichia coli,Levofloxacin,176,12,10,83.3333333333333,83.33333333333334,-4.263256414560601e-14,True
MKD,North Macedonia,European Region,2018,Blood,Escherichia coli,Meropenem,176,53,2,3.77358490566038,3.7735849056603774,2.6645352591003757e-15,True
MKD,North Macedonia,European Region,2018,Blood,Escherichia coli,Tinidazole,176,23,19,82.6086956521739,82.6086956521739,0.0,True
MKD,North Macedonia,European Region,2018,Blood,Escherichia coli,Trimethoprim/sulfamethoxazole,176,18,17,94.4444444444444,94.44444444444444,-4.263256414560601e-14,True
MKD,North Macedonia,European Region,2018,Blood,Klebsiella pneumoniae,Cefotaxime,176,17,16,94.1176470588235,94.11764705882352,-2.842170943040401e-14,True
MKD,North Macedonia,European Region,2018,Blood,Klebsiella pneumoniae,Ceftazidime,176,37,34,91.8918918918919,91.8918918918919,0.0,True
MKD,North Macedonia,European Region,2018,Blood,Klebsiella pneumoniae,Ceftriaxone,176,34,32,94.1176470588235,94.11764705882352,-2.842170943040401e-14,True
MKD,North Macedonia,European Region,2018,Blood,Klebsiella pneumoniae,Ciprofloxacin,176,36,31,86.1111111111111,86.11111111111111,-1.4210854715202004e-14,True
MKD,North Macedonia,European Region,2018,Blood,Klebsiella pneumoniae,Colistin,176,30,0,0.0,0.0,0.0,True
MKD,North Macedonia,European Region,2018,Blood,Klebsiella pneumoniae,Imipenem,176,37,4,10.8108108108108,10.81081081081081,-1.0658141036401503e-14,True
MKD,North Macedonia,European Region,2018,Blood,Klebsiella pneumoniae,Meropenem,176,37,6,16.2162162162162,16.216216216216218,-1.7763568394002505e-14,True
MKD,North Macedonia,European Region,2018,Blood,Staphylococcus aureus,Meticillin,176,58,31,53.448275862069,53.44827586206896,4.263256414560601e-14,True
MKD,North Macedonia,European Region,2019,Blood,Acinetobacter,Amikacin,276,34,24,70.5882352941177,70.58823529411765,4.263256414560601e-14,True
MKD,North Macedonia,European Region,2019,Blood,Acinetobacter,Colistin,276,35,0,0.0,0.0,0.0,True
MKD,North Macedonia,European Region,2019,Blood,Acinetobacter,Gentamicin,276,37,26,70.2702702702703,70.27027027027027,2.842170943040401e-14,True
MKD,North Macedonia,European Region,2019,Blood,Acinetobacter,Imipenem,276,37,33,89.1891891891892,89.1891891891892,0.0,True
MKD,North Macedonia,European Region,2019,Blood,Acinetobacter,Meropenem,276,36,30,83.3333333333333,83.33333333333334,-4.263256414560601e-14,True
MKD,North Macedonia,European Region,2019,Blood,Escherichia coli,Ampicillin,276,64,56,87.5,87.5,0.0,True
MKD,North Macedonia,European Region,2019,Blood,Escherichia coli,Cefotaxime,276,28,18,64.2857142857143,64.28571428571429,1.4210854715202004e-14,True
MKD,North Macedonia,European Region,2019,Blood,Escherichia coli,Ceftazidime,276,71,35,49.2957746478873,49.29577464788733,-2.842170943040401e-14,True
MKD,North Macedonia,European Region,2019,Blood,Escherichia coli,Ceftriaxone,276,62,38,61.2903225806452,61.29032258064516,4.263256414560601e-14,True
MKD,North Macedonia,European Region,2019,Blood,Escherichia coli,Ciprofloxacin,276,80,46,57.5,57.49999999999999,7.105427357601002e-15,True
MKD,North Macedonia,European Region,2019,Blood,Escherichia coli,Colistin,276,52,1,1.92307692307692,1.9230769230769231,-3.1086244689504383e-15,True
MKD,North Macedonia,European Region,2019,Blood,Escherichia coli,Ertapenem,276,48,4,8.33333333333333,8.333333333333332,-1.7763568394002505e-15,True
MKD,North Macedonia,European Region,2019,Blood,Escherichia coli,Imipenem,276,82,1,1.21951219512195,1.2195121951219512,-1.1102230246251565e-15,True
MKD,North Macedonia,European Region,2019,Blood,Escherichia coli,Levofloxacin,276,25,12,48.0,48.0,0.0,True
MKD,North Macedonia,European Region,2019,Blood,Escherichia coli,Meropenem,276,82,1,1.21951219512195,1.2195121951219512,-1.1102230246251565e-15,True
MKD,North Macedonia,European Region,2019,Blood,Escherichia coli,Tinidazole,276,28,18,64.2857142857143,64.28571428571429,1.4210854715202004e-14,True
MKD,North Macedonia,European Region,2019,Blood,Escherichia coli,Trimethoprim/sulfamethoxazole,276,10,7,70.0,70.0,0.0,True
MKD,North Macedonia,European Region,2019,Blood,Klebsiella pneumoniae,Cefotaxime,276,28,27,96.4285714285714,96.42857142857143,-2.842170943040401e-14,True
MKD,North Macedonia,European Region,2019,Blood,Klebsiella pneumoniae,Ceftazidime,276,54,51,94.4444444444444,94.44444444444444,-4.263256414560601e-14,True
MKD,North Macedonia,European Region,2019,Blood,Klebsiella pneumoniae,Ceftriaxone,276,36,34,94.4444444444444,94.44444444444444,-4.263256414560601e-14,True
MKD,North Macedonia,European Region,2019,Blood,Klebsiella pneumoniae,Ciprofloxacin,276,53,48,90.5660377358491,90.56603773584906,2.842170943040401e-14,True
MKD,North Macedonia,European Region,2019,Blood,Klebsiella pneumoniae,Colistin,276,28,0,0.0,0.0,0.0,True
MKD,North Macedonia,European Region,2019,Blood,Klebsiella pneumoniae,Ertapenem,275,49,9,18.3673469387755,18.367346938775512,-1.0658141036401503e-14,True
MKD,North Macedonia,European Region,2019,Blood,Klebsiella pneumoniae,Imipenem,276,55,3,5.45454545454545,5.454545454545454,-4.440892098500626e-15,True
MKD,North Macedonia,European Region,2019,Blood,Klebsiella pneumoniae,Meropenem,276,55,3,5.45454545454545,5.454545454545454,-4.440892098500626e-15,True
MKD,North Macedonia,European Region,2019,Blood,Klebsiella pneumoniae,Trimethoprim/sulfamethoxazole,275,20,14,70.0,70.0,0.0,True
MKD,North Macedonia,European Region,2019,Blood,Staphylococcus aureus,Cefoxitin,275,87,39,44.8275862068966,44.827586206896555,4.263256414560601e-14,True
MKD,North Macedonia,European Region,2019,Blood,Staphylococcus aureus,Meticillin,276,37,23,62.1621621621622,62.16216216216216,3.552713678800501e-14,True
MKD,North Macedonia,European Region,2019,Blood,Staphylococcus aureus,Oxacillin,275,37,23,62.1621621621622,62.16216216216216,3.552713678800501e-14,True
MKD,North Macedonia,European Region,2019,Blood,Streptococcus pneumoniae,Benzylpenicillin,275,12,3,25.0,25.0,0.0,True
MKD,North Macedonia,European Region,2019,Blood,Streptococcus pneumoniae,Oxacillin,275,12,7,58.3333333333333,58.333333333333336,-3.552713678800501e-14,True
MKD,North Macedonia,European Region,2020,Blood,Acinetobacter,Amikacin,293,38,33,86.8421052631579,86.8421052631579,0.0,True
MKD,North Macedonia,European Region,2020,Blood,Acinetobacter,Colistin,293,38,2,5.26315789473684,5.263157894736842,-1.7763568394002505e-15,True
MKD,North Macedonia,European Region,2020,Blood,Acinetobacter,Gentamicin,293,39,32,82.051282051282,82.05128205128204,-4.263256414560601e-14,True
MKD,North Macedonia,European Region,2020,Blood,Acinetobacter,Imipenem,293,39,37,94.8717948717949,94.87179487179486,4.263256414560601e-14,True
MKD,North Macedonia,European Region,2020,Blood,Acinetobacter,Meropenem,293,39,38,97.4358974358974,97.43589743589743,-2.842170943040401e-14,True
MKD,North Macedonia,European Region,2020,Blood,Escherichia coli,Ampicillin,293,45,42,93.3333333333333,93.33333333333333,-2.842170943040401e-14,True
MKD,North Macedonia,European Region,2020,Blood,Escherichia coli,Cefotaxime,293,21,18,85.7142857142857,85.71428571428571,-1.4210854715202004e-14,True
MKD,North Macedonia,European Region,2020,Blood,Escherichia coli,Ceftazidime,293,47,34,72.3404255319149,72.3404255319149,0.0,True
MKD,North Macedonia,European Region,2020,Blood,Escherichia coli,Ceftriaxone,293,36,30,83.3333333333333,83.33333333333334,-4.263256414560601e-14,True
MKD,North Macedonia,European Region,2020,Blood,Escherichia coli,Ciprofloxacin,293,49,34,69.3877551020408,69.38775510204081,-1.4210854715202004e-14,True
MKD,North Macedonia,European Region,2020,Blood,Escherichia coli,Colistin,293,29,1,3.44827586206897,3.4482758620689653,4.884981308350689e-15,True
MKD,North Macedonia,European Region,2020,Blood,Escherichia coli,Ertapenem,293,30,0,0.0,0.0,0.0,True
MKD,North Macedonia,European Region,2020,Blood,Escherichia coli,Imipenem,293,48,1,2.08333333333333,2.083333333333333,-3.1086244689504383e-15,True
MKD,North Macedonia,European Region,2020,Blood,Escherichia coli,Levofloxacin,293,13,10,76.9230769230769,76.92307692307693,-2.842170943040401e-14,True
MKD,North Macedonia,European Region,2020,Blood,Escherichia coli,Meropenem,293,49,1,2.04081632653061,2.0408163265306123,-2.220446049250313e-15,True
MKD,North Macedonia,European Region,2020,Blood,Escherichia coli,Tinidazole,293,21,18,85.7142857142857,85.71428571428571,-1.4210854715202004e-14,True
MKD,North Macedonia,European Region,2020,Blood,Escherichia coli,Trimethoprim/sulfamethoxazole,293,15,7,46.6666666666667,46.666666666666664,3.552713678800501e-14,True
MKD,North Macedonia,European Region,2020,Blood,Klebsiella pneumoniae,Cefotaxime,293,99,99,100.0,100.0,0.0,True
MKD,North Macedonia,European Region,2020,Blood,Klebsiella pneumoniae,Ceftazidime,293,118,117,99.1525423728814,99.15254237288136,4.263256414560601e-14,True
MKD,North Macedonia,European Region,2020,Blood,Klebsiella pneumoniae,Ceftriaxone,293,30,29,96.6666666666667,96.66666666666667,2.842170943040401e-14,True
MKD,North Macedonia,European Region,2020,Blood,Klebsiella pneumoniae,Ciprofloxacin,293,118,88,74.5762711864407,74.57627118644068,2.842170943040401e-14,True
MKD,North Macedonia,European Region,2020,Blood,Klebsiella pneumoniae,Colistin,293,17,1,5.88235294117647,5.88235294117647,0.0,True
MKD,North Macedonia,European Region,2020,Blood,Klebsiella pneumoniae,Imipenem,293,118,2,1.69491525423729,1.694915254237288,1.9984014443252818e-15,True
MKD,North Macedonia,European Region,2020,Blood,Klebsiella pneumoniae,Meropenem,293,117,6,5.12820512820513,5.128205128205128,2.6645352591003757e-15,True
MKD,North Macedonia,European Region,2020,Blood,Staphylococcus aureus,Meticillin,293,10,10,100.0,100.0,0.0,True
MLI,Mali,African Region,2019,Blood,Acinetobacter,Amikacin,387,13,1,7.69230769230769,7.6923076923076925,-2.6645352591003757e-15,True
MLI,Mali,African Region,2019,Blood,Acinetobacter,Gentamicin,387,13,6,46.1538461538462,46.15384615384615,4.973799150320701e-14,True
MLI,Mali,African Region,2019,Blood,Acinetobacter,Imipenem,387,13,5,38.4615384615385,38.46153846153847,3.552713678800501e-14,True
MLI,Mali,African Region,2019,Blood,Escherichia coli,Cefepime,387,78,31,39.7435897435897,39.743589743589745,-4.263256414560601e-14,True
MLI,Mali,African Region,2019,Blood,Escherichia coli,Cefotaxime,387,78,31,39.7435897435897,39.743589743589745,-4.263256414560601e-14,True
MLI,Mali,African Region,2019,Blood,Escherichia coli,Ceftriaxone,387,78,31,39.7435897435897,39.743589743589745,-4.263256414560601e-14,True
MLI,Mali,African Region,2019,Blood,Escherichia coli,Ciprofloxacin,387,78,30,38.4615384615385,38.46153846153847,3.552713678800501e-14,True
MLI,Mali,African Region,2019,Blood,Escherichia coli,Ertapenem,387,78,16,20.5128205128205,20.51282051282051,-1.0658141036401503e-14,True
MLI,Mali,African Region,2019,Blood,Escherichia coli,Imipenem,387,17,0,0.0,0.0,0.0,True
MLI,Mali,African Region,2019,Blood,Escherichia coli,Trimethoprim/sulfamethoxazole,387,78,70,89.7435897435898,89.74358974358975,4.263256414560601e-14,True
MLI,Mali,African Region,2019,Blood,Klebsiella pneumoniae,Cefepime,387,18,15,83.3333333333333,83.33333333333334,-4.263256414560601e-14,True
MLI,Mali,African Region,2019,Blood,Klebsiella pneumoniae,Cefotaxime,387,19,16,84.2105263157895,84.21052631578947,2.842170943040401e-14,True
MLI,Mali,African Region,2019,Blood,Klebsiella pneumoniae,Ceftriaxone,387,18,15,83.3333333333333,83.33333333333334,-4.263256414560601e-14,True
MLI,Mali,African Region,2019,Blood,Klebsiella pneumoniae,Ciprofloxacin,387,19,12,63.1578947368421,63.1578947368421,0.0,True
MLI,Mali,African Region,2019,Blood,Klebsiella pneumoniae,Ertapenem,387,18,7,38.8888888888889,38.88888888888889,7.105427357601002e-15,True
MLI,Mali,African Region,2019,Blood,Klebsiella pneumoniae,Trimethoprim/sulfamethoxazole,387,18,16,88.8888888888889,88.88888888888889,1.4210854715202004e-14,True
MLI,Mali,African Region,2019,Blood,Salmonella,Cefotaxime,387,195,1,0.512820512820513,0.5128205128205128,2.220446049250313e-16,True
MLI,Mali,African Region,2019,Blood,Salmonella,Ceftriaxone,387,195,1,0.512820512820513,0.5128205128205128,2.220446049250313e-16,True
MLI,Mali,African Region,2019,Blood,Salmonella,Ciprofloxacin,387,195,0,0.0,0.0,0.0,True
MLI,Mali,African Region,2019,Blood,Salmonella,Ertapenem,387,195,0,0.0,0.0,0.0,True
MLI,Mali,African Region,2019,Blood,Staphylococcus aureus,Cefoxitin,387,40,1,2.5,2.5,0.0,True
MLI,Mali,African Region,2019,Blood,Streptococcus pneumoniae,Benzylpenicillin,387,40,11,27.5,27.500000000000004,-3.552713678800501e-15,True
MLI,Mali,African Region,2019,Blood,Streptococcus pneumoniae,Oxacillin,387,40,11,27.5,27.500000000000004,-3.552713678800501e-15,True
MLI,Mali,African Region,2019,Blood,Streptococcus pneumoniae,Trimethoprim/sulfamethoxazole,387,40,10,25.0,25.0,0.0,True
MLI,Mali,African Region,2019,Urine,Escherichia coli,Cefepime,100,62,30,48.3870967741936,48.38709677419355,4.973799150320701e-14,True
MLI,Mali,African Region,2019,Urine,Escherichia coli,Cefotaxime,100,62,31,50.0,50.0,0.0,True
MLI,Mali,African Region,2019,Urine,Escherichia coli,Ceftazidime,100,36,18,50.0,50.0,0.0,True
MLI,Mali,African Region,2019,Urine,Escherichia coli,Ceftriaxone,100,62,31,50.0,50.0,0.0,True
MLI,Mali,African Region,2019,Urine,Escherichia coli,Ciprofloxacin,100,71,36,50.7042253521127,50.70422535211267,2.842170943040401e-14,True
MLI,Mali,African Region,2019,Urine,Escherichia coli,Ertapenem,100,62,10,16.1290322580645,16.129032258064516,-1.7763568394002505e-14,True
MLI,Mali,African Region,2019,Urine,Escherichia coli,Imipenem,100,31,1,3.2258064516129,3.225806451612903,-3.1086244689504383e-15,True
MLI,Mali,African Region,2019,Urine,Escherichia coli,Levofloxacin,100,12,9,75.0,75.0,0.0,True
MLI,Mali,African Region,2019,Urine,Escherichia coli,Trimethoprim/sulfamethoxazole,100,76,68,89.4736842105263,89.47368421052632,-1.4210854715202004e-14,True
MLT,Malta,European Region,2017,Blood,Escherichia coli,Cefepime,574,321,20,6.23052959501558,6.230529595015576,3.552713678800501e-15,True
MLT,Malta,European Region,2017,Blood,Escherichia coli,Cefotaxime,574,321,50,15.5763239875389,15.57632398753894,-3.907985046680551e-14,True
MLT,Malta,European Region,2017,Blood,Escherichia coli,Ceftazidime,574,321,31,9.65732087227414,9.657320872274143,-3.552713678800501e-15,True
MLT,Malta,European Region,2017,Blood,Escherichia coli,Ciprofloxacin,574,321,141,43.9252336448598,43.925233644859816,-1.4210854715202004e-14,True
MLT,Malta,European Region,2017,Blood,Escherichia coli,Imipenem,574,321,0,0.0,0.0,0.0,True
MLT,Malta,European Region,2017,Blood,Escherichia coli,Meropenem,574,321,0,0.0,0.0,0.0,True
MLT,Malta,European Region,2017,Blood,Escherichia coli,Tinidazole,574,321,50,15.5763239875389,15.57632398753894,-3.907985046680551e-14,True
MLT,Malta,European Region,2017,Blood,Klebsiella pneumoniae,Cefepime,574,122,25,20.4918032786885,20.491803278688526,-2.4868995751603507e-14,True
MLT,Malta,European Region,2017,Blood,Klebsiella pneumoniae,Cefotaxime,574,122,42,34.4262295081967,34.42622950819672,-2.1316282072803006e-14,True
MLT,Malta,European Region,2017,Blood,Klebsiella pneumoniae,Ceftazidime,574,122,37,30.327868852459,30.327868852459016,-1.4210854715202004e-14,True
MLT,Malta,European Region,2017,Blood,Klebsiella pneumoniae,Ciprofloxacin,574,122,48,39.344262295082,39.34426229508197,2.842170943040401e-14,True
MLT,Malta,European Region,2017,Blood,Klebsiella pneumoniae,Colistin,574,42,1,2.38095238095238,2.380952380952381,-8.881784197001252e-16,True
MLT,Malta,European Region,2017,Blood,Klebsiella pneumoniae,Imipenem,574,122,8,6.55737704918033,6.557377049180328,1.7763568394002505e-15,True
MLT,Malta,European Region,2017,Blood,Klebsiella pneumoniae,Meropenem,574,122,8,6.55737704918033,6.557377049180328,1.7763568394002505e-15,True
MLT,Malta,European Region,2017,Blood,Staphylococcus aureus,Meticillin,574,97,42,43.298969072165,43.29896907216495,4.973799150320701e-14,True
MLT,Malta,European Region,2017,Blood,Streptococcus pneumoniae,Benzylpenicillin,574,19,1,5.26315789473684,5.263157894736842,-1.7763568394002505e-15,True
MLT,Malta,European Region,2017,Blood,Streptococcus pneumoniae,Ceftriaxone,574,19,0,0.0,0.0,0.0,True
MLT,Malta,European Region,2017,Stool,Salmonella,Ceftazidime,99,97,2,2.06185567010309,2.0618556701030926,-2.6645352591003757e-15,True
MLT,Malta,European Region,2017,Stool,Salmonella,Ciprofloxacin,99,97,23,23.7113402061856,23.711340206185564,3.552713678800501e-14,True
MLT,Malta,European Region,2018,Blood,Escherichia coli,Cefepime,1116,352,27,7.67045454545455,7.670454545454546,4.440892098500626e-15,True
MLT,Malta,European Region,2018,Blood,Escherichia coli,Cefotaxime,1116,352,60,17.0454545454545,17.045454545454543,-4.263256414560601e-14,True
MLT,Malta,European Region,2018,Blood,Escherichia coli,Ceftazidime,1116,352,36,10.2272727272727,10.227272727272728,-2.842170943040401e-14,True
MLT,Malta,European Region,2018,Blood,Escherichia coli,Ciprofloxacin,1116,352,152,43.1818181818182,43.18181818181818,2.1316282072803006e-14,True
MLT,Malta,European Region,2018,Blood,Escherichia coli,Imipenem,1116,352,0,0.0,0.0,0.0,True
MLT,Malta,European Region,2018,Blood,Escherichia coli,Meropenem,1116,352,0,0.0,0.0,0.0,True
MLT,Malta,European Region,2018,Blood,Escherichia coli,Tinidazole,1116,352,60,17.0454545454545,17.045454545454543,-4.263256414560601e-14,True
MLT,Malta,European Region,2018,Blood,Klebsiella pneumoniae,Cefepime,1116,142,35,24.6478873239437,24.647887323943664,3.552713678800501e-14,True
MLT,Malta,European Region,2018,Blood,Klebsiella pneumoniae,Cefotaxime,1116,142,75,52.8169014084507,52.816901408450704,-7.105427357601002e-15,True
MLT,Malta,European Region,2018,Blood,Klebsiella pneumoniae,Ceftazidime,1116,142,72,50.7042253521127,50.70422535211267,2.842170943040401e-14,True
MLT,Malta,European Region,2018,Blood,Klebsiella pneumoniae,Ciprofloxacin,1116,142,78,54.9295774647887,54.929577464788736,-3.552713678800501e-14,True
MLT,Malta,European Region,2018,Blood,Klebsiella pneumoniae,Colistin,1116,69,2,2.89855072463768,2.898550724637681,-1.3322676295501878e-15,True
MLT,Malta,European Region,2018,Blood,Klebsiella pneumoniae,Imipenem,1116,141,20,14.1843971631206,14.184397163120568,3.197442310920451e-14,True
MLT,Malta,European Region,2018,Blood,Klebsiella pneumoniae,Meropenem,1116,141,17,12.0567375886525,12.056737588652481,1.7763568394002505e-14,True
MLT,Malta,European Region,2018,Blood,Staphylococcus aureus,Meticillin,1116,92,33,35.8695652173913,35.869565217391305,-7.105427357601002e-15,True
MLT,Malta,European Region,2018,Blood,Streptococcus pneumoniae,Benzylpenicillin,1116,36,4,11.1111111111111,11.11111111111111,-1.0658141036401503e-14,True
MLT,Malta,European Region,2018,Blood,Streptococcus pneumoniae,Ceftriaxone,1116,36,0,0.0,0.0,0.0,True
MLT,Malta,European Region,2018,Stool,Salmonella,Ceftazidime,106,102,1,0.980392156862745,0.9803921568627451,-1.1102230246251565e-16,True
MLT,Malta,European Region,2018,Stool,Salmonella,Ciprofloxacin,106,102,14,13.7254901960784,13.725490196078432,-3.197442310920451e-14,True
MLT,Malta,European Region,2019,Blood,Acinetobacter,Amikacin,615,16,0,0.0,0.0,0.0,True
MLT,Malta,European Region,2019,Blood,Acinetobacter,Gentamicin,615,15,0,0.0,0.0,0.0,True
MLT,Malta,European Region,2019,Blood,Acinetobacter,Imipenem,615,14,0,0.0,0.0,0.0,True
MLT,Malta,European Region,2019,Blood,Acinetobacter,Meropenem,615,16,0,0.0,0.0,0.0,True
MLT,Malta,European Region,2019,Blood,Escherichia coli,Cefepime,624,358,54,15.0837988826816,15.083798882681565,3.552713678800501e-14,True
MLT,Malta,European Region,2019,Blood,Escherichia coli,Cefotaxime,624,358,65,18.1564245810056,18.156424581005588,1.0658141036401503e-14,True
MLT,Malta,European Region,2019,Blood,Escherichia coli,Ceftazidime,624,358,61,17.0391061452514,17.039106145251395,3.552713678800501e-15,True
MLT,Malta,European Region,2019,Blood,Escherichia coli,Ciprofloxacin,624,358,148,41.340782122905,41.340782122905026,-2.842170943040401e-14,True
MLT,Malta,European Region,2019,Blood,Escherichia coli,Colistin,615,22,0,0.0,0.0,0.0,True
MLT,Malta,European Region,2019,Blood,Escherichia coli,Ertapenem,615,358,2,0.558659217877095,0.5586592178770949,1.1102230246251565e-16,True
MLT,Malta,European Region,2019,Blood,Escherichia coli,Imipenem,624,358,0,0.0,0.0,0.0,True
MLT,Malta,European Region,2019,Blood,Escherichia coli,Meropenem,624,358,0,0.0,0.0,0.0,True
MLT,Malta,European Region,2019,Blood,Escherichia coli,Tinidazole,624,358,65,18.1564245810056,18.156424581005588,1.0658141036401503e-14,True
MLT,Malta,European Region,2019,Blood,Escherichia coli,Trimethoprim/sulfamethoxazole,615,358,111,31.0055865921788,31.00558659217877,3.197442310920451e-14,True
MLT,Malta,European Region,2019,Blood,Klebsiella pneumoniae,Cefepime,624,137,35,25.5474452554745,25.547445255474454,4.618527782440651e-14,True
MLT,Malta,European Region,2019,Blood,Klebsiella pneumoniae,Cefotaxime,624,137,51,37.2262773722628,37.22627737226277,2.842170943040401e-14,True
MLT,Malta,European Region,2019,Blood,Klebsiella pneumoniae,Ceftazidime,624,137,51,37.2262773722628,37.22627737226277,2.842170943040401e-14,True
MLT,Malta,European Region,2019,Blood,Klebsiella pneumoniae,Ciprofloxacin,624,137,63,45.985401459854,45.98540145985402,-1.4210854715202004e-14,True
MLT,Malta,European Region,2019,Blood,Klebsiella pneumoniae,Colistin,624,47,1,2.12765957446809,2.127659574468085,4.884981308350689e-15,True
MLT,Malta,European Region,2019,Blood,Klebsiella pneumoniae,Ertapenem,615,137,28,20.4379562043796,20.437956204379564,3.552713678800501e-14,True
MLT,Malta,European Region,2019,Blood,Klebsiella pneumoniae,Imipenem,624,137,9,6.56934306569343,6.569343065693431,-8.881784197001252e-16,True
MLT,Malta,European Region,2019,Blood,Klebsiella pneumoniae,Meropenem,624,137,9,6.56934306569343,6.569343065693431,-8.881784197001252e-16,True
MLT,Malta,European Region,2019,Blood,Klebsiella pneumoniae,Trimethoprim/sulfamethoxazole,615,137,57,41.6058394160584,41.605839416058394,7.105427357601002e-15,True
MLT,Malta,European Region,2019,Blood,Staphylococcus aureus,Meticillin,624,77,17,22.0779220779221,22.07792207792208,2.1316282072803006e-14,True
MLT,Malta,European Region,2019,Blood,Staphylococcus aureus,Oxacillin,615,77,17,22.0779220779221,22.07792207792208,2.1316282072803006e-14,True
MLT,Malta,European Region,2019,Blood,Streptococcus pneumoniae,Benzylpenicillin,624,27,2,7.40740740740741,7.4074074074074066,3.552713678800501e-15,True
MLT,Malta,European Region,2019,Blood,Streptococcus pneumoniae,Ceftriaxone,624,26,0,0.0,0.0,0.0,True
MLT,Malta,European Region,2019,Blood,Streptococcus pneumoniae,Oxacillin,615,15,5,33.3333333333333,33.33333333333333,-2.842170943040401e-14,True
MLT,Malta,European Region,2019,Stool,Salmonella,Cefotaxime,111,110,3,2.72727272727273,2.727272727272727,3.1086244689504383e-15,True
MLT,Malta,European Region,2019,Stool,Salmonella,Ceftazidime,115,109,1,0.917431192660551,0.9174311926605505,4.440892098500626e-16,True
MLT,Malta,European Region,2019,Stool,Salmonella,Ciprofloxacin,115,108,10,9.25925925925926,9.25925925925926,0.0,True
MLT,Malta,European Region,2019,Stool,Salmonella,Ertapenem,111,110,0,0.0,0.0,0.0,True
MLT,Malta,European Region,2019,Stool,Salmonella,Imipenem,111,110,0,0.0,0.0,0.0,True
MLT,Malta,European Region,2019,Stool,Salmonella,Meropenem,111,110,0,0.0,0.0,0.0,True
MLT,Malta,European Region,2019,Urine,Escherichia coli,Cefepime,4623,3665,301,8.21282401091405,8.212824010914051,-1.7763568394002505e-15,True
MLT,Malta,European Region,2019,Urine,Escherichia coli,Cefotaxime,4623,3666,425,11.5930169121658,11.593016912165849,-4.973799150320701e-14,True
MLT,Malta,European Region,2019,Urine,Escherichia coli,Ceftazidime,4623,3667,339,9.24461412598855,9.244614125988546,3.552713678800501e-15,True
MLT,Malta,European Region,2019,Urine,Escherichia coli,Ciprofloxacin,4623,3667,1166,31.7971093536951,31.79710935369512,-2.1316282072803006e-14,True
MLT,Malta,European Region,2019,Urine,Escherichia coli,Colistin,4623,69,0,0.0,0.0,0.0,True
MLT,Malta,European Region,2019,Urine,Escherichia coli,Ertapenem,4623,3667,4,0.109080992637033,0.109080992637033,0.0,True
MLT,Malta,European Region,2019,Urine,Escherichia coli,Imipenem,4623,3667,1,0.0272702481592582,0.02727024815925825,-4.85722573273506e-17,True
MLT,Malta,European Region,2019,Urine,Escherichia coli,Meropenem,4623,3667,1,0.0272702481592582,0.02727024815925825,-4.85722573273506e-17,True
MLT,Malta,European Region,2019,Urine,Escherichia coli,Trimethoprim/sulfamethoxazole,4623,3666,950,25.9138025095472,25.91380250954719,1.0658141036401503e-14,True
MLT,Malta,European Region,2019,Urine,Klebsiella pneumoniae,Cefepime,4623,937,177,18.8900747065101,18.890074706510138,-3.907985046680551e-14,True
MLT,Malta,European Region,2019,Urine,Klebsiella pneumoniae,Cefotaxime,4623,937,273,29.1355389541089,29.13553895410886,3.907985046680551e-14,True
MLT,Malta,European Region,2019,Urine,Klebsiella pneumoniae,Ceftazidime,4623,937,277,29.5624332977588,29.562433297758805,-3.552713678800501e-15,True
MLT,Malta,European Region,2019,Urine,Klebsiella pneumoniae,Ciprofloxacin,4623,937,303,32.3372465314835,32.33724653148346,4.263256414560601e-14,True
MLT,Malta,European Region,2019,Urine,Klebsiella pneumoniae,Colistin,4623,175,3,1.71428571428571,1.7142857142857144,-4.440892098500626e-15,True
MLT,Malta,European Region,2019,Urine,Klebsiella pneumoniae,Ertapenem,4623,937,130,13.8740661686233,13.874066168623267,3.197442310920451e-14,True
MLT,Malta,European Region,2019,Urine,Klebsiella pneumoniae,Imipenem,4623,937,44,4.69583778014941,4.695837780149413,-2.6645352591003757e-15,True
MLT,Malta,European Region,2019,Urine,Klebsiella pneumoniae,Meropenem,4623,937,46,4.90928495197439,4.909284951974386,4.440892098500626e-15,True
MLT,Malta,European Region,2019,Urine,Klebsiella pneumoniae,Trimethoprim/sulfamethoxazole,4623,937,292,31.1632870864461,31.163287086446108,-7.105427357601002e-15,True
MLT,Malta,European Region,2020,Blood,Escherichia coli,Cefepime,530,277,23,8.30324909747292,8.303249097472925,-5.329070518200751e-15,True
MLT,Malta,European Region,2020,Blood,Escherichia coli,Cefotaxime,530,277,32,11.5523465703971,11.552346570397113,-1.2434497875801753e-14,True
MLT,Malta,European Region,2020,Blood,Escherichia coli,Ceftazidime,530,277,33,11.913357400722,11.913357400722022,-2.3092638912203256e-14,True
MLT,Malta,European Region,2020,Blood,Escherichia coli,Ciprofloxacin,530,277,98,35.3790613718412,35.37906137184115,4.973799150320701e-14,True
MLT,Malta,European Region,2020,Blood,Escherichia coli,Imipenem,530,277,0,0.0,0.0,0.0,True
MLT,Malta,European Region,2020,Blood,Escherichia coli,Meropenem,530,277,0,0.0,0.0,0.0,True
MLT,Malta,European Region,2020,Blood,Escherichia coli,Tinidazole,530,277,33,11.913357400722,11.913357400722022,-2.3092638912203256e-14,True
MLT,Malta,European Region,2020,Blood,Klebsiella pneumoniae,Cefepime,530,132,34,25.7575757575758,25.757575757575758,4.263256414560601e-14,True
MLT,Malta,European Region,2020,Blood,Klebsiella pneumoniae,Cefotaxime,530,132,45,34.0909090909091,34.090909090909086,1.4210854715202004e-14,True
MLT,Malta,European Region,2020,Blood,Klebsiella pneumoniae,Ceftazidime,530,132,51,38.6363636363636,38.63636363636363,-3.552713678800501e-14,True
MLT,Malta,European Region,2020,Blood,Klebsiella pneumoniae,Ciprofloxacin,530,132,49,37.1212121212121,37.121212121212125,-2.1316282072803006e-14,True
MLT,Malta,European Region,2020,Blood,Klebsiella pneumoniae,Colistin,530,63,1,1.58730158730159,1.5873015873015872,2.886579864025407e-15,True
MLT,Malta,European Region,2020,Blood,Klebsiella pneumoniae,Imipenem,530,132,8,6.06060606060606,6.0606060606060606,-8.881784197001252e-16,True
MLT,Malta,European Region,2020,Blood,Klebsiella pneumoniae,Meropenem,530,132,9,6.81818181818182,6.8181818181818175,2.6645352591003757e-15,True
MLT,Malta,European Region,2020,Blood,Staphylococcus aureus,Meticillin,530,92,18,19.5652173913043,19.565217391304348,-4.618527782440651e-14,True
MLT,Malta,European Region,2020,Blood,Streptococcus pneumoniae,Benzylpenicillin,530,16,0,0.0,0.0,0.0,True
MLT,Malta,European Region,2020,Blood,Streptococcus pneumoniae,Ceftriaxone,530,13,0,0.0,0.0,0.0,True
MLT,Malta,European Region,2020,Stool,Salmonella,Ceftazidime,152,152,0,0.0,0.0,0.0,True
MLT,Malta,European Region,2020,Stool,Salmonella,Ciprofloxacin,152,27,3,11.1111111111111,11.11111111111111,-1.0658141036401503e-14,True
MMR,Myanmar,South-East Asia Region,2019,Blood,Acinetobacter,Amikacin,1201,50,13,26.0,26.0,0.0,True
MMR,Myanmar,South-East Asia Region,2019,Blood,Acinetobacter,Gentamicin,1201,119,25,21.0084033613445,21.008403361344538,-3.907985046680551e-14,True
MMR,Myanmar,South-East Asia Region,2019,Blood,Acinetobacter,Imipenem,1201,119,36,30.2521008403361,30.252100840336134,-3.197442310920451e-14,True
MMR,Myanmar,South-East Asia Region,2019,Blood,Acinetobacter,Meropenem,1201,11,3,27.2727272727273,27.27272727272727,2.842170943040401e-14,True
MMR,Myanmar,South-East Asia Region,2019,Blood,Acinetobacter,Minocycline,1201,74,8,10.8108108108108,10.81081081081081,-1.0658141036401503e-14,True
MMR,Myanmar,South-East Asia Region,2019,Blood,Escherichia coli,Ampicillin,1201,42,41,97.6190476190476,97.61904761904762,-1.4210854715202004e-14,True
MMR,Myanmar,South-East Asia Region,2019,Blood,Escherichia coli,Cefepime,1201,297,168,56.5656565656566,56.56565656565656,4.263256414560601e-14,True
MMR,Myanmar,South-East Asia Region,2019,Blood,Escherichia coli,Cefotaxime,1201,37,28,75.6756756756757,75.67567567567568,2.842170943040401e-14,True
MMR,Myanmar,South-East Asia Region,2019,Blood,Escherichia coli,Ceftazidime,1201,27,21,77.7777777777778,77.77777777777779,1.4210854715202004e-14,True
MMR,Myanmar,South-East Asia Region,2019,Blood,Escherichia coli,Ceftriaxone,1201,273,196,71.7948717948718,71.7948717948718,0.0,True
MMR,Myanmar,South-East Asia Region,2019,Blood,Escherichia coli,Ciprofloxacin,1201,31,23,74.1935483870968,74.19354838709677,2.842170943040401e-14,True
MMR,Myanmar,South-East Asia Region,2019,Blood,Escherichia coli,Ertapenem,1201,243,45,18.5185185185185,18.51851851851852,-1.7763568394002505e-14,True
MMR,Myanmar,South-East Asia Region,2019,Blood,Escherichia coli,Imipenem,1201,300,59,19.6666666666667,19.666666666666664,3.552713678800501e-14,True
MMR,Myanmar,South-East Asia Region,2019,Blood,Escherichia coli,Levofloxacin,1201,290,201,69.3103448275862,69.3103448275862,0.0,True
MMR,Myanmar,South-East Asia Region,2019,Blood,Escherichia coli,Meropenem,1201,28,7,25.0,25.0,0.0,True
MMR,Myanmar,South-East Asia Region,2019,Blood,Escherichia coli,Trimethoprim/sulfamethoxazole,1201,259,200,77.2200772200772,77.22007722007721,-1.4210854715202004e-14,True
MMR,Myanmar,South-East Asia Region,2019,Blood,Klebsiella pneumoniae,Cefepime,1201,106,58,54.7169811320755,54.71698113207547,3.552713678800501e-14,True
MMR,Myanmar,South-East Asia Region,2019,Blood,Klebsiella pneumoniae,Cefotaxime,1201,20,18,90.0,90.0,0.0,True
MMR,Myanmar,South-East Asia Region,2019,Blood,Klebsiella pneumoniae,Ceftriaxone,1201,105,70,66.6666666666667,66.66666666666666,4.263256414560601e-14,True
MMR,Myanmar,South-East Asia Region,2019,Blood,Klebsiella pneumoniae,Ciprofloxacin,1201,21,16,76.1904761904762,76.19047619047619,1.4210854715202004e-14,True
MMR,Myanmar,South-East Asia Region,2019,Blood,Klebsiella pneumoniae,Ertapenem,1201,98,23,23.469387755102,23.46938775510204,-3.907985046680551e-14,True
MMR,Myanmar,South-East Asia Region,2019,Blood,Klebsiella pneumoniae,Imipenem,1201,119,22,18.4873949579832,18.487394957983195,3.552713678800501e-15,True
MMR,Myanmar,South-East Asia Region,2019,Blood,Klebsiella pneumoniae,Levofloxacin,1201,112,52,46.4285714285714,46.42857142857143,-2.842170943040401e-14,True
MMR,Myanmar,South-East Asia Region,2019,Blood,Klebsiella pneumoniae,Meropenem,1201,18,5,27.7777777777778,27.77777777777778,2.1316282072803006e-14,True
MMR,Myanmar,South-East Asia Region,2019,Blood,Klebsiella pneumoniae,Trimethoprim/sulfamethoxazole,1201,103,61,59.2233009708738,59.22330097087378,2.1316282072803006e-14,True
MMR,Myanmar,South-East Asia Region,2019,Blood,Salmonella,Ceftriaxone,1201,78,4,5.12820512820513,5.128205128205128,2.6645352591003757e-15,True
MMR,Myanmar,South-East Asia Region,2019,Blood,Salmonella,Ciprofloxacin,1201,15,12,80.0,80.0,0.0,True
MMR,Myanmar,South-East Asia Region,2019,Blood,Salmonella,Ertapenem,1201,77,0,0.0,0.0,0.0,True
MMR,Myanmar,South-East Asia Region,2019,Blood,Salmonella,Imipenem,1201,77,0,0.0,0.0,0.0,True
MMR,Myanmar,South-East Asia Region,2019,Blood,Salmonella,Meropenem,1201,15,0,0.0,0.0,0.0,True
MMR,Myanmar,South-East Asia Region,2019,Blood,Staphylococcus aureus,Cefoxitin,1201,437,243,55.6064073226545,55.60640732265446,3.552713678800501e-14,True
MMR,Myanmar,South-East Asia Region,2019,Blood,Staphylococcus aureus,Oxacillin,1201,152,66,43.421052631579,43.42105263157895,4.973799150320701e-14,True
MMR,Myanmar,South-East Asia Region,2019,Urine,Escherichia coli,Ampicillin,1841,827,773,93.4703748488513,93.47037484885126,4.263256414560601e-14,True
MMR,Myanmar,South-East Asia Region,2019,Urine,Escherichia coli,Cefepime,1841,1348,874,64.8367952522255,64.83679525222553,-2.842170943040401e-14,True
MMR,Myanmar,South-East Asia Region,2019,Urine,Escherichia coli,Cefotaxime,1841,609,490,80.4597701149425,80.45977011494253,-2.842170943040401e-14,True
MMR,Myanmar,South-East Asia Region,2019,Urine,Escherichia coli,Ceftazidime,1841,655,470,71.7557251908397,71.7557251908397,0.0,True
MMR,Myanmar,South-East Asia Region,2019,Urine,Escherichia coli,Ceftriaxone,1841,1307,1002,76.6641162968631,76.66411629686306,4.263256414560601e-14,True
MMR,Myanmar,South-East Asia Region,2019,Urine,Escherichia coli,Ciprofloxacin,1841,400,311,77.75,77.75,0.0,True
MMR,Myanmar,South-East Asia Region,2019,Urine,Escherichia coli,Ertapenem,1841,673,189,28.0832095096582,28.083209509658246,-4.618527782440651e-14,True
MMR,Myanmar,South-East Asia Region,2019,Urine,Escherichia coli,Imipenem,1841,1329,276,20.7674943566591,20.767494356659142,-4.263256414560601e-14,True
MMR,Myanmar,South-East Asia Region,2019,Urine,Escherichia coli,Levofloxacin,1841,1322,1091,82.5264750378215,82.52647503782148,1.4210854715202004e-14,True
MMR,Myanmar,South-East Asia Region,2019,Urine,Escherichia coli,Meropenem,1841,466,66,14.1630901287554,14.163090128755366,3.375077994860476e-14,True
MMR,Myanmar,South-East Asia Region,2019,Urine,Escherichia coli,Trimethoprim/sulfamethoxazole,1841,1268,1004,79.179810725552,79.17981072555204,-4.263256414560601e-14,True
MMR,Myanmar,South-East Asia Region,2019,Urine,Klebsiella pneumoniae,Cefepime,1841,277,163,58.8447653429603,58.844765342960294,7.105427357601002e-15,True
MMR,Myanmar,South-East Asia Region,2019,Urine,Klebsiella pneumoniae,Cefotaxime,1841,22,20,90.9090909090909,90.9090909090909,0.0,True
MMR,Myanmar,South-East Asia Region,2019,Urine,Klebsiella pneumoniae,Ceftazidime,1841,22,15,68.1818181818182,68.18181818181817,2.842170943040401e-14,True
MMR,Myanmar,South-East Asia Region,2019,Urine,Klebsiella pneumoniae,Ceftriaxone,1841,272,200,73.5294117647059,73.52941176470588,1.4210854715202004e-14,True
MMR,Myanmar,South-East Asia Region,2019,Urine,Klebsiella pneumoniae,Ciprofloxacin,1841,119,84,70.5882352941177,70.58823529411765,4.263256414560601e-14,True
MMR,Myanmar,South-East Asia Region,2019,Urine,Klebsiella pneumoniae,Ertapenem,1841,257,80,31.1284046692607,31.1284046692607,0.0,True
MMR,Myanmar,South-East Asia Region,2019,Urine,Klebsiella pneumoniae,Imipenem,1841,282,71,25.177304964539,25.177304964539005,-3.552713678800501e-15,True
MMR,Myanmar,South-East Asia Region,2019,Urine,Klebsiella pneumoniae,Levofloxacin,1841,281,197,70.1067615658363,70.1067615658363,0.0,True
MMR,Myanmar,South-East Asia Region,2019,Urine,Klebsiella pneumoniae,Meropenem,1841,126,34,26.984126984127,26.984126984126984,1.4210854715202004e-14,True
MMR,Myanmar,South-East Asia Region,2019,Urine,Klebsiella pneumoniae,Trimethoprim/sulfamethoxazole,1841,267,182,68.1647940074906,68.16479400749064,-4.263256414560601e-14,True
MOZ,Mozambique,African Region,2019,Blood,Acinetobacter,Amikacin,103,17,2,11.7647058823529,11.76470588235294,-4.085620730620576e-14,True
MOZ,Mozambique,African Region,2019,Blood,Acinetobacter,Gentamicin,103,17,12,70.5882352941177,70.58823529411765,4.263256414560601e-14,True
MOZ,Mozambique,African Region,2019,Blood,Acinetobacter,Meropenem,103,17,0,0.0,0.0,0.0,True
MOZ,Mozambique,African Region,2019,Blood,Escherichia coli,Ampicillin,103,26,23,88.4615384615385,88.46153846153845,4.263256414560601e-14,True
MOZ,Mozambique,African Region,2019,Blood,Escherichia coli,Ceftazidime,103,26,6,23.0769230769231,23.076923076923077,2.4868995751603507e-14,True
MOZ,Mozambique,African Region,2019,Blood,Escherichia coli,Ceftriaxone,103,25,7,28.0,28.000000000000004,-3.552713678800501e-15,True
MOZ,Mozambique,African Region,2019,Blood,Escherichia coli,Ciprofloxacin,103,25,5,20.0,20.0,0.0,True
MOZ,Mozambique,African Region,2019,Blood,Escherichia coli,Meropenem,103,25,0,0.0,0.0,0.0,True
MOZ,Mozambique,African Region,2019,Blood,Escherichia coli,Trimethoprim/sulfamethoxazole,103,26,24,92.3076923076923,92.3076923076923,0.0,True
MOZ,Mozambique,African Region,2019,Blood,Klebsiella pneumoniae,Ceftazidime,103,18,11,61.1111111111111,61.111111111111114,-1.4210854715202004e-14,True
MOZ,Mozambique,African Region,2019,Blood,Klebsiella pneumoniae,Ceftriaxone,103,16,11,68.75,68.75,0.0,True
MOZ,Mozambique,African Region,2019,Blood,Klebsiella pneumoniae,Ciprofloxacin,103,18,2,11.1111111111111,11.11111111111111,-1.0658141036401503e-14,True
MOZ,Mozambique,African Region,2019,Blood,Klebsiella pneumoniae,Meropenem,103,18,0,0.0,0.0,0.0,True
MOZ,Mozambique,African Region,2019,Blood,Klebsiella pneumoniae,Trimethoprim/sulfamethoxazole,103,18,13,72.2222222222222,72.22222222222221,-1.4210854715202004e-14,True
MOZ,Mozambique,African Region,2019,Blood,Salmonella,Ceftriaxone,103,10,1,10.0,10.0,0.0,True
MOZ,Mozambique,African Region,2019,Blood,Salmonella,Meropenem,103,12,0,0.0,0.0,0.0,True
MOZ,Mozambique,African Region,2019,Blood,Staphylococcus aureus,Cefoxitin,103,29,3,10.3448275862069,10.344827586206897,3.552713678800501e-15,True
MYS,Malaysia,Western Pacific Region,2017,Blood,Acinetobacter,Amikacin,25686,2189,822,37.5513933302878,37.5513933302878,0.0,True
MYS,Malaysia,Western Pacific Region,2017,Blood,Acinetobacter,Colistin,25686,132,0,0.0,0.0,0.0,True
MYS,Malaysia,Western Pacific Region,2017,Blood,Acinetobacter,Gentamicin,25686,2135,880,41.2177985948478,41.21779859484778,2.1316282072803006e-14,True
MYS,Malaysia,Western Pacific Region,2017,Blood,Acinetobacter,Imipenem,25686,2070,978,47.2463768115942,47.2463768115942,0.0,True
MYS,Malaysia,Western Pacific Region,2017,Blood,Acinetobacter,Meropenem,25686,2144,1031,48.0876865671642,48.08768656716418,2.1316282072803006e-14,True
MYS,Malaysia,Western Pacific Region,2017,Blood,Acinetobacter,Tigecycline,25686,296,30,10.1351351351351,10.135135135135135,-3.552713678800501e-14,True
MYS,Malaysia,Western Pacific Region,2017,Blood,Escherichia coli,Ampicillin,25686,6231,4380,70.2936928261916,70.29369282619162,-1.4210854715202004e-14,True
MYS,Malaysia,Western Pacific Region,2017,Blood,Escherichia coli,Cefepime,25686,6070,991,16.326194398682,16.32619439868204,-4.263256414560601e-14,True
MYS,Malaysia,Western Pacific Region,2017,Blood,Escherichia coli,Cefotaxime,25686,5939,1615,27.193130156592,27.193130156592023,-2.1316282072803006e-14,True
MYS,Malaysia,Western Pacific Region,2017,Blood,Escherichia coli,Ceftazidime,25686,6285,1153,18.3452665075577,18.345266507557678,2.1316282072803006e-14,True
MYS,Malaysia,Western Pacific Region,2017,Blood,Escherichia coli,Ceftriaxone,25686,2634,688,26.1199696279423,26.11996962794229,1.0658141036401503e-14,True
MYS,Malaysia,Western Pacific Region,2017,Blood,Escherichia coli,Ciprofloxacin,25686,6227,1499,24.0725871206038,24.07258712060382,-2.1316282072803006e-14,True
MYS,Malaysia,Western Pacific Region,2017,Blood,Escherichia coli,Colistin,25686,208,2,0.961538461538462,0.9615384615384616,4.440892098500626e-16,True
MYS,Malaysia,Western Pacific Region,2017,Blood,Escherichia coli,Doripenem,25686,1134,13,1.14638447971781,1.1463844797178129,-2.886579864025407e-15,True
MYS,Malaysia,Western Pacific Region,2017,Blood,Escherichia coli,Ertapenem,25686,5830,51,0.874785591766724,0.8747855917667238,2.220446049250313e-16,True
MYS,Malaysia,Western Pacific Region,2017,Blood,Escherichia coli,Imipenem,25686,5886,32,0.54366292898403,0.5436629289840299,1.1102230246251565e-16,True
MYS,Malaysia,Western Pacific Region,2017,Blood,Escherichia coli,Meropenem,25686,6037,33,0.546629120424052,0.5466291204240517,3.3306690738754696e-16,True
MYS,Malaysia,Western Pacific Region,2017,Blood,Escherichia coli,Tinidazole,25686,5939,1615,27.193130156592,27.193130156592023,-2.1316282072803006e-14,True
MYS,Malaysia,Western Pacific Region,2017,Blood,Escherichia coli,Trimethoprim/sulfamethoxazole,25686,5558,2408,43.3249370277078,43.32493702770781,-1.4210854715202004e-14,True
MYS,Malaysia,Western Pacific Region,2017,Blood,Klebsiella pneumoniae,Cefepime,25686,5581,1697,30.406737143881,30.406737143881024,-2.4868995751603507e-14,True
MYS,Malaysia,Western Pacific Region,2017,Blood,Klebsiella pneumoniae,Cefotaxime,25686,5511,1990,36.1095989838505,36.10959898385048,2.1316282072803006e-14,True
MYS,Malaysia,Western Pacific Region,2017,Blood,Klebsiella pneumoniae,Ceftazidime,25686,5748,1910,33.2289491997216,33.22894919972164,-4.263256414560601e-14,True
MYS,Malaysia,Western Pacific Region,2017,Blood,Klebsiella pneumoniae,Ceftriaxone,25686,2531,900,35.5590675622284,35.55906756222837,2.842170943040401e-14,True
MYS,Malaysia,Western Pacific Region,2017,Blood,Klebsiella pneumoniae,Ciprofloxacin,25686,5725,1004,17.5371179039301,17.53711790393013,-3.197442310920451e-14,True
MYS,Malaysia,Western Pacific Region,2017,Blood,Klebsiella pneumoniae,Colistin,25686,224,0,0.0,0.0,0.0,True
MYS,Malaysia,Western Pacific Region,2017,Blood,Klebsiella pneumoniae,Doripenem,25686,919,52,5.65832426550598,5.658324265505985,-4.440892098500626e-15,True
MYS,Malaysia,Western Pacific Region,2017,Blood,Klebsiella pneumoniae,Ertapenem,25686,5327,263,4.9371128214755,4.937112821475502,-1.7763568394002505e-15,True
MYS,Malaysia,Western Pacific Region,2017,Blood,Klebsiella pneumoniae,Imipenem,25686,5472,212,3.87426900584795,3.874269005847953,-3.1086244689504383e-15,True
MYS,Malaysia,Western Pacific Region,2017,Blood,Klebsiella pneumoniae,Meropenem,25686,5558,228,4.10219503418496,4.102195034184959,8.881784197001252e-16,True
MYS,Malaysia,Western Pacific Region,2017,Blood,Klebsiella pneumoniae,Trimethoprim/sulfamethoxazole,25686,5186,1854,35.7500964134207,35.75009641342074,-4.263256414560601e-14,True
MYS,Malaysia,Western Pacific Region,2017,Blood,Salmonella,Cefotaxime,25686,261,7,2.68199233716475,2.681992337164751,-8.881784197001252e-16,True
MYS,Malaysia,Western Pacific Region,2017,Blood,Salmonella,Ceftazidime,25686,224,6,2.67857142857143,2.6785714285714284,1.7763568394002505e-15,True
MYS,Malaysia,Western Pacific Region,2017,Blood,Salmonella,Ceftriaxone,25686,935,20,2.13903743315508,2.13903743315508,0.0,True
MYS,Malaysia,Western Pacific Region,2017,Blood,Salmonella,Ciprofloxacin,25686,914,28,3.06345733041575,3.063457330415755,-4.884981308350689e-15,True
MYS,Malaysia,Western Pacific Region,2017,Blood,Salmonella,Ertapenem,25686,125,0,0.0,0.0,0.0,True
MYS,Malaysia,Western Pacific Region,2017,Blood,Salmonella,Imipenem,25686,128,0,0.0,0.0,0.0,True
MYS,Malaysia,Western Pacific Region,2017,Blood,Salmonella,Meropenem,25686,133,0,0.0,0.0,0.0,True
MYS,Malaysia,Western Pacific Region,2017,Blood,Staphylococcus aureus,Meticillin,25686,5600,1258,22.4642857142857,22.464285714285715,-1.4210854715202004e-14,True
MYS,Malaysia,Western Pacific Region,2017,Blood,Streptococcus pneumoniae,Benzylpenicillin,25686,559,88,15.742397137746,15.742397137745975,2.4868995751603507e-14,True
MYS,Malaysia,Western Pacific Region,2017,Blood,Streptococcus pneumoniae,Cefotaxime,25686,72,0,0.0,0.0,0.0,True
MYS,Malaysia,Western Pacific Region,2017,Blood,Streptococcus pneumoniae,Ceftriaxone,25686,277,1,0.36101083032491,0.36101083032490977,2.220446049250313e-16,True
MYS,Malaysia,Western Pacific Region,2017,Blood,Streptococcus pneumoniae,Oxacillin,25686,415,104,25.0602409638554,25.060240963855424,-2.4868995751603507e-14,True
MYS,Malaysia,Western Pacific Region,2017,Blood,Streptococcus pneumoniae,Trimethoprim/sulfamethoxazole,25686,636,188,29.559748427673,29.559748427672954,4.618527782440651e-14,True
MYS,Malaysia,Western Pacific Region,2017,Genital,Neisseria gonorrhoeae,Ceftriaxone,217,207,12,5.79710144927536,5.797101449275362,-2.6645352591003757e-15,True
MYS,Malaysia,Western Pacific Region,2017,Genital,Neisseria gonorrhoeae,Ciprofloxacin,217,203,152,74.8768472906404,74.8768472906404,0.0,True
MYS,Malaysia,Western Pacific Region,2017,Genital,Neisseria gonorrhoeae,Spectinomycin,217,19,0,0.0,0.0,0.0,True
MYS,Malaysia,Western Pacific Region,2017,Stool,Salmonella,Cefotaxime,1922,349,17,4.87106017191977,4.871060171919771,-8.881784197001252e-16,True
MYS,Malaysia,Western Pacific Region,2017,Stool,Salmonella,Ceftazidime,1922,271,13,4.7970479704797,4.797047970479705,-4.440892098500626e-15,True
MYS,Malaysia,Western Pacific Region,2017,Stool,Salmonella,Ceftriaxone,1922,1859,63,3.38891877353416,3.388918773534158,2.220446049250313e-15,True
MYS,Malaysia,Western Pacific Region,2017,Stool,Salmonella,Ciprofloxacin,1922,1782,47,2.6374859708193,2.6374859708193044,-4.440892098500626e-15,True
MYS,Malaysia,Western Pacific Region,2017,Stool,Salmonella,Ertapenem,1922,88,0,0.0,0.0,0.0,True
MYS,Malaysia,Western Pacific Region,2017,Stool,Salmonella,Imipenem,1922,117,0,0.0,0.0,0.0,True
MYS,Malaysia,Western Pacific Region,2017,Stool,Salmonella,Meropenem,1922,118,0,0.0,0.0,0.0,True
MYS,Malaysia,Western Pacific Region,2017,Urine,Escherichia coli,Ampicillin,19286,12657,8246,65.1497195227937,65.14971952279372,-1.4210854715202004e-14,True
MYS,Malaysia,Western Pacific Region,2017,Urine,Escherichia coli,Cefepime,19286,11743,1860,15.8392233671123,15.839223367112323,-2.3092638912203256e-14,True
MYS,Malaysia,Western Pacific Region,2017,Urine,Escherichia coli,Cefotaxime,19286,12581,3227,25.6497893649153,25.64978936491535,-4.973799150320701e-14,True
MYS,Malaysia,Western Pacific Region,2017,Urine,Escherichia coli,Ceftazidime,19286,12978,2275,17.529665587918,17.529665587918014,-1.4210854715202004e-14,True
MYS,Malaysia,Western Pacific Region,2017,Urine,Escherichia coli,Ceftriaxone,19286,4571,950,20.7831984248523,20.78319842485233,-2.842170943040401e-14,True
MYS,Malaysia,Western Pacific Region,2017,Urine,Escherichia coli,Ciprofloxacin,19286,12934,3430,26.5192515849699,26.51925158496985,4.973799150320701e-14,True
MYS,Malaysia,Western Pacific Region,2017,Urine,Escherichia coli,Colistin,19286,464,5,1.07758620689655,1.0775862068965518,-1.7763568394002505e-15,True
MYS,Malaysia,Western Pacific Region,2017,Urine,Escherichia coli,Doripenem,19286,1256,3,0.238853503184713,0.23885350318471338,-3.885780586188048e-16,True
MYS,Malaysia,Western Pacific Region,2017,Urine,Escherichia coli,Ertapenem,19286,11854,97,0.818289185085203,0.8182891850852032,-2.220446049250313e-16,True
MYS,Malaysia,Western Pacific Region,2017,Urine,Escherichia coli,Imipenem,19286,11991,63,0.525394045534151,0.5253940455341506,4.440892098500626e-16,True
MYS,Malaysia,Western Pacific Region,2017,Urine,Escherichia coli,Meropenem,19286,11996,79,0.658552850950317,0.6585528509503167,3.3306690738754696e-16,True
MYS,Malaysia,Western Pacific Region,2017,Urine,Escherichia coli,Trimethoprim/sulfamethoxazole,19286,12886,5041,39.1199751668477,39.119975166847745,-4.263256414560601e-14,True
MYS,Malaysia,Western Pacific Region,2017,Urine,Klebsiella pneumoniae,Cefepime,19286,4627,1362,29.4359196023341,29.435919602334128,-2.842170943040401e-14,True
MYS,Malaysia,Western Pacific Region,2017,Urine,Klebsiella pneumoniae,Cefotaxime,19286,4845,1816,37.4819401444788,37.48194014447884,-4.263256414560601e-14,True
MYS,Malaysia,Western Pacific Region,2017,Urine,Klebsiella pneumoniae,Ceftazidime,19286,5041,1696,33.6441182305098,33.64411823050982,-2.1316282072803006e-14,True
MYS,Malaysia,Western Pacific Region,2017,Urine,Klebsiella pneumoniae,Ceftriaxone,19286,2019,619,30.6587419514611,30.65874195146112,-2.1316282072803006e-14,True
MYS,Malaysia,Western Pacific Region,2017,Urine,Klebsiella pneumoniae,Ciprofloxacin,19286,5000,935,18.7,18.7,0.0,True
MYS,Malaysia,Western Pacific Region,2017,Urine,Klebsiella pneumoniae,Colistin,19286,263,5,1.90114068441065,1.9011406844106464,3.552713678800501e-15,True
MYS,Malaysia,Western Pacific Region,2017,Urine,Klebsiella pneumoniae,Doripenem,19286,282,22,7.80141843971631,7.801418439716312,-1.7763568394002505e-15,True
MYS,Malaysia,Western Pacific Region,2017,Urine,Klebsiella pneumoniae,Ertapenem,19286,4602,280,6.08431116905693,6.084311169056932,-1.7763568394002505e-15,True
MYS,Malaysia,Western Pacific Region,2017,Urine,Klebsiella pneumoniae,Imipenem,19286,4863,181,3.72198231544314,3.721982315443142,-1.7763568394002505e-15,True
MYS,Malaysia,Western Pacific Region,2017,Urine,Klebsiella pneumoniae,Meropenem,19286,4859,209,4.30129656307882,4.3012965630788225,-2.6645352591003757e-15,True
MYS,Malaysia,Western Pacific Region,2017,Urine,Klebsiella pneumoniae,Trimethoprim/sulfamethoxazole,19286,5087,1795,35.2860231963829,35.286023196382935,-3.552713678800501e-14,True
MYS,Malaysia,Western Pacific Region,2018,Blood,Acinetobacter,Amikacin,26268,2134,829,38.8472352389878,38.847235238987814,-1.4210854715202004e-14,True
MYS,Malaysia,Western Pacific Region,2018,Blood,Acinetobacter,Colistin,26268,138,3,2.17391304347826,2.1739130434782608,-8.881784197001252e-16,True
MYS,Malaysia,Western Pacific Region,2018,Blood,Acinetobacter,Gentamicin,26268,2093,890,42.5226946966077,42.522694696607736,-3.552713678800501e-14,True
MYS,Malaysia,Western Pacific Region,2018,Blood,Acinetobacter,Imipenem,26268,2085,1006,48.2494004796163,48.249400479616305,-7.105427357601002e-15,True
MYS,Malaysia,Western Pacific Region,2018,Blood,Acinetobacter,Meropenem,26268,2089,1040,49.7845859262805,49.78458592628051,-1.4210854715202004e-14,True
MYS,Malaysia,Western Pacific Region,2018,Blood,Acinetobacter,Tigecycline,26268,327,32,9.78593272171254,9.785932721712538,1.7763568394002505e-15,True
MYS,Malaysia,Western Pacific Region,2018,Blood,Escherichia coli,Ampicillin,26268,6035,4219,69.9088649544325,69.90886495443249,1.4210854715202004e-14,True
MYS,Malaysia,Western Pacific Region,2018,Blood,Escherichia coli,Cefepime,26268,5917,1008,17.035659962819,17.035659962818997,3.552713678800501e-15,True
MYS,Malaysia,Western Pacific Region,2018,Blood,Escherichia coli,Cefotaxime,26268,5736,1565,27.2838214783821,27.283821478382148,-4.618527782440651e-14,True
MYS,Malaysia,Western Pacific Region,2018,Blood,Escherichia coli,Ceftazidime,26268,6066,1122,18.4965380811078,18.496538081107815,-1.4210854715202004e-14,True
MYS,Malaysia,Western Pacific Region,2018,Blood,Escherichia coli,Ceftriaxone,26268,2482,634,25.5439161966156,25.543916196615633,-3.197442310920451e-14,True
MYS,Malaysia,Western Pacific Region,2018,Blood,Escherichia coli,Ciprofloxacin,26268,6004,1480,24.6502331778814,24.65023317788141,-1.0658141036401503e-14,True
MYS,Malaysia,Western Pacific Region,2018,Blood,Escherichia coli,Colistin,26268,185,1,0.540540540540541,0.5405405405405406,4.440892098500626e-16,True
MYS,Malaysia,Western Pacific Region,2018,Blood,Escherichia coli,Doripenem,26268,1081,1,0.0925069380203515,0.09250693802035154,-4.163336342344337e-17,True
MYS,Malaysia,Western Pacific Region,2018,Blood,Escherichia coli,Ertapenem,26268,5698,37,0.649350649350649,0.6493506493506493,-3.3306690738754696e-16,True
MYS,Malaysia,Western Pacific Region,2018,Blood,Escherichia coli,Imipenem,26268,5931,28,0.472095767998651,0.4720957679986511,-1.1102230246251565e-16,True
MYS,Malaysia,Western Pacific Region,2018,Blood,Escherichia coli,Meropenem,26268,5890,29,0.492359932088285,0.4923599320882852,-2.220446049250313e-16,True
MYS,Malaysia,Western Pacific Region,2018,Blood,Escherichia coli,Tinidazole,26268,5736,1565,27.2838214783821,27.283821478382148,-4.618527782440651e-14,True
MYS,Malaysia,Western Pacific Region,2018,Blood,Escherichia coli,Trimethoprim/sulfamethoxazole,26268,5370,2240,41.7132216014898,41.71322160148976,4.263256414560601e-14,True
MYS,Malaysia,Western Pacific Region,2018,Blood,Klebsiella pneumoniae,Cefepime,26268,5377,1632,30.3514971173517,30.351497117351684,1.4210854715202004e-14,True
MYS,Malaysia,Western Pacific Region,2018,Blood,Klebsiella pneumoniae,Cefotaxime,26268,5264,1860,35.3343465045593,35.33434650455927,2.842170943040401e-14,True
MYS,Malaysia,Western Pacific Region,2018,Blood,Klebsiella pneumoniae,Ceftazidime,26268,5525,1826,33.0497737556561,33.04977375565611,-1.4210854715202004e-14,True
MYS,Malaysia,Western Pacific Region,2018,Blood,Klebsiella pneumoniae,Ceftriaxone,26268,2223,740,33.2883490778228,33.28834907782276,4.263256414560601e-14,True
MYS,Malaysia,Western Pacific Region,2018,Blood,Klebsiella pneumoniae,Ciprofloxacin,26268,5439,829,15.2417723846295,15.241772384629526,-2.4868995751603507e-14,True
MYS,Malaysia,Western Pacific Region,2018,Blood,Klebsiella pneumoniae,Colistin,26268,182,2,1.0989010989011,1.098901098901099,1.1102230246251565e-15,True
MYS,Malaysia,Western Pacific Region,2018,Blood,Klebsiella pneumoniae,Doripenem,26268,703,30,4.2674253200569,4.267425320056899,1.7763568394002505e-15,True
MYS,Malaysia,Western Pacific Region,2018,Blood,Klebsiella pneumoniae,Ertapenem,26268,5096,260,5.10204081632653,5.1020408163265305,-8.881784197001252e-16,True
MYS,Malaysia,Western Pacific Region,2018,Blood,Klebsiella pneumoniae,Imipenem,26268,5372,201,3.74162323157111,3.7416232315711095,4.440892098500626e-16,True
MYS,Malaysia,Western Pacific Region,2018,Blood,Klebsiella pneumoniae,Meropenem,26268,5354,215,4.01568920433321,4.015689204333209,8.881784197001252e-16,True
MYS,Malaysia,Western Pacific Region,2018,Blood,Klebsiella pneumoniae,Trimethoprim/sulfamethoxazole,26268,5135,1711,33.3203505355404,33.32035053554041,-1.4210854715202004e-14,True
MYS,Malaysia,Western Pacific Region,2018,Blood,Salmonella,Cefotaxime,26268,218,8,3.6697247706422,3.669724770642202,-2.220446049250313e-15,True
MYS,Malaysia,Western Pacific Region,2018,Blood,Salmonella,Ceftazidime,26268,187,6,3.20855614973262,3.2085561497326207,-8.881784197001252e-16,True
MYS,Malaysia,Western Pacific Region,2018,Blood,Salmonella,Ceftriaxone,26268,890,12,1.34831460674157,1.348314606741573,-2.886579864025407e-15,True
MYS,Malaysia,Western Pacific Region,2018,Blood,Salmonella,Ciprofloxacin,26268,837,30,3.584229390681,3.584229390681003,-3.1086244689504383e-15,True
MYS,Malaysia,Western Pacific Region,2018,Blood,Salmonella,Ertapenem,26268,137,2,1.45985401459854,1.4598540145985401,-2.220446049250313e-16,True
MYS,Malaysia,Western Pacific Region,2018,Blood,Salmonella,Imipenem,26268,145,2,1.37931034482759,1.3793103448275863,3.774758283725532e-15,True
MYS,Malaysia,Western Pacific Region,2018,Blood,Salmonella,Meropenem,26268,145,1,0.689655172413793,0.6896551724137931,-1.1102230246251565e-16,True
MYS,Malaysia,Western Pacific Region,2018,Blood,Staphylococcus aureus,Meticillin,26268,3460,798,23.0635838150289,23.063583815028903,-3.552713678800501e-15,True
MYS,Malaysia,Western Pacific Region,2018,Blood,Streptococcus pneumoniae,Benzylpenicillin,26268,412,67,16.2621359223301,16.2621359223301,0.0,True
MYS,Malaysia,Western Pacific Region,2018,Blood,Streptococcus pneumoniae,Cefotaxime,26268,55,0,0.0,0.0,0.0,True
MYS,Malaysia,Western Pacific Region,2018,Blood,Streptococcus pneumoniae,Ceftriaxone,26268,174,1,0.574712643678161,0.5747126436781609,1.1102230246251565e-16,True
MYS,Malaysia,Western Pacific Region,2018,Blood,Streptococcus pneumoniae,Oxacillin,26268,317,86,27.1293375394322,27.129337539432175,2.4868995751603507e-14,True
MYS,Malaysia,Western Pacific Region,2018,Blood,Streptococcus pneumoniae,Trimethoprim/sulfamethoxazole,26268,556,127,22.841726618705,22.841726618705035,-3.552713678800501e-14,True
MYS,Malaysia,Western Pacific Region,2018,Genital,Neisseria gonorrhoeae,Ceftriaxone,183,170,4,2.35294117647059,2.3529411764705883,1.7763568394002505e-15,True
MYS,Malaysia,Western Pacific Region,2018,Genital,Neisseria gonorrhoeae,Ciprofloxacin,183,165,106,64.2424242424242,64.24242424242425,-4.263256414560601e-14,True
MYS,Malaysia,Western Pacific Region,2018,Genital,Neisseria gonorrhoeae,Spectinomycin,183,31,0,0.0,0.0,0.0,True
MYS,Malaysia,Western Pacific Region,2018,Stool,Salmonella,Cefotaxime,1999,285,9,3.15789473684211,3.1578947368421053,4.884981308350689e-15,True
MYS,Malaysia,Western Pacific Region,2018,Stool,Salmonella,Ceftazidime,1999,228,6,2.63157894736842,2.631578947368421,-8.881784197001252e-16,True
MYS,Malaysia,Western Pacific Region,2018,Stool,Salmonella,Ceftriaxone,1999,1812,33,1.82119205298013,1.8211920529801324,-2.4424906541753444e-15,True
MYS,Malaysia,Western Pacific Region,2018,Stool,Salmonella,Ciprofloxacin,1999,1641,43,2.62035344302255,2.6203534430225472,2.6645352591003757e-15,True
MYS,Malaysia,Western Pacific Region,2018,Stool,Salmonella,Ertapenem,1999,99,1,1.01010101010101,1.0101010101010102,-2.220446049250313e-16,True
MYS,Malaysia,Western Pacific Region,2018,Stool,Salmonella,Imipenem,1999,139,0,0.0,0.0,0.0,True
MYS,Malaysia,Western Pacific Region,2018,Stool,Salmonella,Meropenem,1999,140,0,0.0,0.0,0.0,True
MYS,Malaysia,Western Pacific Region,2018,Urine,Escherichia coli,Ampicillin,19914,12123,7794,64.2910170749814,64.29101707498144,-4.263256414560601e-14,True
MYS,Malaysia,Western Pacific Region,2018,Urine,Escherichia coli,Cefepime,19914,11731,1744,14.8665927883386,14.86659278833859,1.0658141036401503e-14,True
MYS,Malaysia,Western Pacific Region,2018,Urine,Escherichia coli,Cefotaxime,19914,11970,2930,24.4778613199666,24.477861319966582,1.7763568394002505e-14,True
MYS,Malaysia,Western Pacific Region,2018,Urine,Escherichia coli,Ceftazidime,19914,12429,2095,16.8557406066457,16.855740606645746,-4.618527782440651e-14,True
MYS,Malaysia,Western Pacific Region,2018,Urine,Escherichia coli,Ceftriaxone,19914,4325,925,21.3872832369942,21.38728323699422,-2.1316282072803006e-14,True
MYS,Malaysia,Western Pacific Region,2018,Urine,Escherichia coli,Ciprofloxacin,19914,12338,3103,25.1499432647107,25.14994326471065,4.973799150320701e-14,True
MYS,Malaysia,Western Pacific Region,2018,Urine,Escherichia coli,Colistin,19914,667,6,0.899550224887556,0.8995502248875562,-2.220446049250313e-16,True
MYS,Malaysia,Western Pacific Region,2018,Urine,Escherichia coli,Doripenem,19914,1205,17,1.41078838174274,1.4107883817427387,1.3322676295501878e-15,True
MYS,Malaysia,Western Pacific Region,2018,Urine,Escherichia coli,Ertapenem,19914,11118,87,0.782514840798705,0.7825148407987047,3.3306690738754696e-16,True
MYS,Malaysia,Western Pacific Region,2018,Urine,Escherichia coli,Imipenem,19914,12075,81,0.670807453416149,0.6708074534161491,-1.1102230246251565e-16,True
MYS,Malaysia,Western Pacific Region,2018,Urine,Escherichia coli,Meropenem,19914,11754,78,0.663603879530373,0.6636038795303726,4.440892098500626e-16,True
MYS,Malaysia,Western Pacific Region,2018,Urine,Escherichia coli,Trimethoprim/sulfamethoxazole,19914,12492,4632,37.0797310278578,37.079731027857825,-2.842170943040401e-14,True
MYS,Malaysia,Western Pacific Region,2018,Urine,Klebsiella pneumoniae,Cefepime,19914,4926,1391,28.2379212342672,28.237921234267155,4.618527782440651e-14,True
MYS,Malaysia,Western Pacific Region,2018,Urine,Klebsiella pneumoniae,Cefotaxime,19914,4922,1769,35.9406745225518,35.94067452255181,-7.105427357601002e-15,True
MYS,Malaysia,Western Pacific Region,2018,Urine,Klebsiella pneumoniae,Ceftazidime,19914,5242,1695,32.3349866463182,32.3349866463182,0.0,True
MYS,Malaysia,Western Pacific Region,2018,Urine,Klebsiella pneumoniae,Ceftriaxone,19914,2002,640,31.968031968032,31.96803196803197,3.197442310920451e-14,True
MYS,Malaysia,Western Pacific Region,2018,Urine,Klebsiella pneumoniae,Ciprofloxacin,19914,5226,882,16.8771526980482,16.87715269804822,-2.1316282072803006e-14,True
MYS,Malaysia,Western Pacific Region,2018,Urine,Klebsiella pneumoniae,Colistin,19914,310,7,2.25806451612903,2.258064516129032,-2.220446049250313e-15,True
MYS,Malaysia,Western Pacific Region,2018,Urine,Klebsiella pneumoniae,Doripenem,19914,316,19,6.0126582278481,6.012658227848101,-1.7763568394002505e-15,True
MYS,Malaysia,Western Pacific Region,2018,Urine,Klebsiella pneumoniae,Ertapenem,19914,4692,248,5.28559249786871,5.285592497868713,-2.6645352591003757e-15,True
MYS,Malaysia,Western Pacific Region,2018,Urine,Klebsiella pneumoniae,Imipenem,19914,5153,172,3.3378614399379,3.3378614399379005,-4.440892098500626e-16,True
MYS,Malaysia,Western Pacific Region,2018,Urine,Klebsiella pneumoniae,Meropenem,19914,5017,203,4.04624277456647,4.046242774566474,-4.440892098500626e-15,True
MYS,Malaysia,Western Pacific Region,2018,Urine,Klebsiella pneumoniae,Trimethoprim/sulfamethoxazole,19914,5362,1866,34.8004475941813,34.80044759418128,2.1316282072803006e-14,True
MYS,Malaysia,Western Pacific Region,2019,Blood,Acinetobacter,Amikacin,25194,1797,644,35.8375069560378,35.83750695603784,-4.263256414560601e-14,True
MYS,Malaysia,Western Pacific Region,2019,Blood,Acinetobacter,Colistin,25194,69,0,0.0,0.0,0.0,True
MYS,Malaysia,Western Pacific Region,2019,Blood,Acinetobacter,Doripenem,25194,96,52,54.1666666666667,54.166666666666664,3.552713678800501e-14,True
MYS,Malaysia,Western Pacific Region,2019,Blood,Acinetobacter,Gentamicin,25194,1818,737,40.5390539053905,40.53905390539054,-3.552713678800501e-14,True
MYS,Malaysia,Western Pacific Region,2019,Blood,Acinetobacter,Imipenem,25194,1752,820,46.8036529680365,46.80365296803653,-2.842170943040401e-14,True
MYS,Malaysia,Western Pacific Region,2019,Blood,Acinetobacter,Meropenem,25194,1697,803,47.3187978786093,47.31879787860931,-7.105427357601002e-15,True
MYS,Malaysia,Western Pacific Region,2019,Blood,Acinetobacter,Tigecycline,25194,208,18,8.65384615384615,8.653846153846153,-3.552713678800501e-15,True
MYS,Malaysia,Western Pacific Region,2019,Blood,Escherichia coli,Ampicillin,25194,6251,4469,71.4925611902096,71.49256119020957,2.842170943040401e-14,True
MYS,Malaysia,Western Pacific Region,2019,Blood,Escherichia coli,Cefepime,25194,6201,994,16.0296726334462,16.029672633446218,-1.7763568394002505e-14,True
MYS,Malaysia,Western Pacific Region,2019,Blood,Escherichia coli,Cefotaxime,25194,6293,1707,27.1253774034642,27.125377403464167,3.197442310920451e-14,True
MYS,Malaysia,Western Pacific Region,2019,Blood,Escherichia coli,Ceftazidime,25194,6259,1177,18.804920913884,18.804920913884008,-7.105427357601002e-15,True
MYS,Malaysia,Western Pacific Region,2019,Blood,Escherichia coli,Ceftriaxone,25194,2215,580,26.1851015801354,26.185101580135438,-3.907985046680551e-14,True
MYS,Malaysia,Western Pacific Region,2019,Blood,Escherichia coli,Ciprofloxacin,25194,6299,1653,26.2422606762978,26.242260676297825,-2.4868995751603507e-14,True
MYS,Malaysia,Western Pacific Region,2019,Blood,Escherichia coli,Colistin,25194,89,0,0.0,0.0,0.0,True
MYS,Malaysia,Western Pacific Region,2019,Blood,Escherichia coli,Doripenem,25194,1189,10,0.841042893187553,0.8410428931875525,4.440892098500626e-16,True
MYS,Malaysia,Western Pacific Region,2019,Blood,Escherichia coli,Ertapenem,25194,5885,73,1.24044180118946,1.2404418011894647,-4.6629367034256575e-15,True
MYS,Malaysia,Western Pacific Region,2019,Blood,Escherichia coli,Imipenem,25194,6332,64,1.01073910296905,1.010739102969046,3.9968028886505635e-15,True
MYS,Malaysia,Western Pacific Region,2019,Blood,Escherichia coli,Meropenem,25194,6220,61,0.980707395498392,0.9807073954983923,-2.220446049250313e-16,True
MYS,Malaysia,Western Pacific Region,2019,Blood,Escherichia coli,Tinidazole,25194,6293,1707,27.1253774034642,27.125377403464167,3.197442310920451e-14,True
MYS,Malaysia,Western Pacific Region,2019,Blood,Escherichia coli,Trimethoprim/sulfamethoxazole,25194,5652,2495,44.1436659589526,44.14366595895258,2.1316282072803006e-14,True
MYS,Malaysia,Western Pacific Region,2019,Blood,Klebsiella pneumoniae,Cefepime,25194,5068,1401,27.6440410418311,27.6440410418311,0.0,True
MYS,Malaysia,Western Pacific Region,2019,Blood,Klebsiella pneumoniae,Cefotaxime,25194,5093,1665,32.6919301001374,32.69193010013745,-4.973799150320701e-14,True
MYS,Malaysia,Western Pacific Region,2019,Blood,Klebsiella pneumoniae,Ceftazidime,25194,5088,1585,31.1517295597484,31.151729559748425,-2.4868995751603507e-14,True
MYS,Malaysia,Western Pacific Region,2019,Blood,Klebsiella pneumoniae,Ceftriaxone,25194,1613,520,32.238065716057,32.23806571605704,-3.552713678800501e-14,True
MYS,Malaysia,Western Pacific Region,2019,Blood,Klebsiella pneumoniae,Ciprofloxacin,25194,5143,847,16.4689869725841,16.468986972584094,7.105427357601002e-15,True
MYS,Malaysia,Western Pacific Region,2019,Blood,Klebsiella pneumoniae,Colistin,25194,51,0,0.0,0.0,0.0,True
MYS,Malaysia,Western Pacific Region,2019,Blood,Klebsiella pneumoniae,Doripenem,25194,583,28,4.80274442538593,4.802744425385934,-4.440892098500626e-15,True
MYS,Malaysia,Western Pacific Region,2019,Blood,Klebsiella pneumoniae,Ertapenem,25194,4783,245,5.1223081747857,5.122308174785699,8.881784197001252e-16,True
MYS,Malaysia,Western Pacific Region,2019,Blood,Klebsiella pneumoniae,Imipenem,25194,5132,202,3.9360872954014,3.9360872954014035,-3.552713678800501e-15,True
MYS,Malaysia,Western Pacific Region,2019,Blood,Klebsiella pneumoniae,Meropenem,25194,5049,211,4.17904535551594,4.179045355515944,-4.440892098500626e-15,True
MYS,Malaysia,Western Pacific Region,2019,Blood,Klebsiella pneumoniae,Trimethoprim/sulfamethoxazole,25194,4785,1538,32.1421107628004,32.14211076280042,-2.1316282072803006e-14,True
MYS,Malaysia,Western Pacific Region,2019,Blood,Salmonella,Cefotaxime,25194,215,1,0.465116279069767,0.46511627906976744,-4.440892098500626e-16,True
MYS,Malaysia,Western Pacific Region,2019,Blood,Salmonella,Ceftazidime,25194,180,1,0.555555555555556,0.5555555555555556,4.440892098500626e-16,True
MYS,Malaysia,Western Pacific Region,2019,Blood,Salmonella,Ceftriaxone,25194,985,7,0.710659898477157,0.7106598984771574,-3.3306690738754696e-16,True
MYS,Malaysia,Western Pacific Region,2019,Blood,Salmonella,Ciprofloxacin,25194,998,17,1.70340681362725,1.7034068136272544,-4.440892098500626e-15,True
MYS,Malaysia,Western Pacific Region,2019,Blood,Salmonella,Ertapenem,25194,64,0,0.0,0.0,0.0,True
MYS,Malaysia,Western Pacific Region,2019,Blood,Salmonella,Imipenem,25194,112,0,0.0,0.0,0.0,True
MYS,Malaysia,Western Pacific Region,2019,Blood,Salmonella,Meropenem,25194,115,0,0.0,0.0,0.0,True
MYS,Malaysia,Western Pacific Region,2019,Blood,Staphylococcus aureus,Cefoxitin,25194,4491,877,19.5279447784458,19.52794477844578,2.1316282072803006e-14,True
MYS,Malaysia,Western Pacific Region,2019,Blood,Staphylococcus aureus,Meticillin,25194,4491,877,19.5279447784458,19.52794477844578,2.1316282072803006e-14,True
MYS,Malaysia,Western Pacific Region,2019,Blood,Staphylococcus aureus,Oxacillin,25194,4661,846,18.1506114567689,18.150611456768935,-3.552713678800501e-14,True
MYS,Malaysia,Western Pacific Region,2019,Blood,Streptococcus pneumoniae,Benzylpenicillin,25194,518,71,13.7065637065637,13.706563706563706,-7.105427357601002e-15,True
MYS,Malaysia,Western Pacific Region,2019,Blood,Streptococcus pneumoniae,Cefotaxime,25194,52,0,0.0,0.0,0.0,True
MYS,Malaysia,Western Pacific Region,2019,Blood,Streptococcus pneumoniae,Ceftriaxone,25194,176,2,1.13636363636364,1.1363636363636365,3.552713678800501e-15,True
MYS,Malaysia,Western Pacific Region,2019,Blood,Streptococcus pneumoniae,Oxacillin,25194,303,83,27.3927392739274,27.39273927392739,1.0658141036401503e-14,True
MYS,Malaysia,Western Pacific Region,2019,Blood,Streptococcus pneumoniae,Trimethoprim/sulfamethoxazole,25194,600,126,21.0,21.0,0.0,True
MYS,Malaysia,Western Pacific Region,2019,Genital,Neisseria gonorrhoeae,Ceftriaxone,168,138,9,6.52173913043478,6.521739130434782,-2.6645352591003757e-15,True
MYS,Malaysia,Western Pacific Region,2019,Genital,Neisseria gonorrhoeae,Ciprofloxacin,168,134,92,68.6567164179104,68.65671641791045,-4.263256414560601e-14,True
MYS,Malaysia,Western Pacific Region,2019,Genital,Neisseria gonorrhoeae,Spectinomycin,168,19,0,0.0,0.0,0.0,True
MYS,Malaysia,Western Pacific Region,2019,Stool,Salmonella,Cefotaxime,2165,369,11,2.9810298102981,2.9810298102981028,-2.6645352591003757e-15,True
MYS,Malaysia,Western Pacific Region,2019,Stool,Salmonella,Ceftazidime,2165,272,6,2.20588235294118,2.2058823529411766,3.552713678800501e-15,True
MYS,Malaysia,Western Pacific Region,2019,Stool,Salmonella,Ceftriaxone,2165,1981,43,2.17062089853609,2.170620898536093,-3.1086244689504383e-15,True
MYS,Malaysia,Western Pacific Region,2019,Stool,Salmonella,Ciprofloxacin,2165,1954,60,3.07062436028659,3.0706243602865912,-1.3322676295501878e-15,True
MYS,Malaysia,Western Pacific Region,2019,Stool,Salmonella,Ertapenem,2165,141,1,0.709219858156028,0.7092198581560284,-4.440892098500626e-16,True
MYS,Malaysia,Western Pacific Region,2019,Stool,Salmonella,Imipenem,2165,208,0,0.0,0.0,0.0,True
MYS,Malaysia,Western Pacific Region,2019,Stool,Salmonella,Meropenem,2165,208,0,0.0,0.0,0.0,True
MYS,Malaysia,Western Pacific Region,2019,Stool,Shigella,Ciprofloxacin,2165,10,2,20.0,20.0,0.0,True
MYS,Malaysia,Western Pacific Region,2019,Urine,Escherichia coli,Ampicillin,19312,12235,7932,64.8304045770331,64.83040457703311,-1.4210854715202004e-14,True
MYS,Malaysia,Western Pacific Region,2019,Urine,Escherichia coli,Cefepime,19312,11785,1734,14.7136190072126,14.713619007212559,4.085620730620576e-14,True
MYS,Malaysia,Western Pacific Region,2019,Urine,Escherichia coli,Cefotaxime,19312,12209,3046,24.9488082562044,24.948808256204437,-3.552713678800501e-14,True
MYS,Malaysia,Western Pacific Region,2019,Urine,Escherichia coli,Ceftazidime,19312,12019,2019,16.7984025293286,16.798402529328563,3.907985046680551e-14,True
MYS,Malaysia,Western Pacific Region,2019,Urine,Escherichia coli,Ceftriaxone,19312,3043,651,21.3933618139993,21.39336181399934,-4.263256414560601e-14,True
MYS,Malaysia,Western Pacific Region,2019,Urine,Escherichia coli,Ciprofloxacin,19312,12224,3311,27.0860602094241,27.086060209424083,1.7763568394002505e-14,True
MYS,Malaysia,Western Pacific Region,2019,Urine,Escherichia coli,Colistin,19312,260,0,0.0,0.0,0.0,True
MYS,Malaysia,Western Pacific Region,2019,Urine,Escherichia coli,Doripenem,19312,1230,9,0.731707317073171,0.7317073170731708,2.220446049250313e-16,True
MYS,Malaysia,Western Pacific Region,2019,Urine,Escherichia coli,Ertapenem,19312,11418,97,0.849535820634087,0.8495358206340866,3.3306690738754696e-16,True
MYS,Malaysia,Western Pacific Region,2019,Urine,Escherichia coli,Imipenem,19312,11984,76,0.634178905206943,0.6341789052069425,4.440892098500626e-16,True
MYS,Malaysia,Western Pacific Region,2019,Urine,Escherichia coli,Meropenem,19312,11620,72,0.619621342512909,0.6196213425129088,2.220446049250313e-16,True
MYS,Malaysia,Western Pacific Region,2019,Urine,Escherichia coli,Trimethoprim/sulfamethoxazole,19312,11838,4350,36.7460719716168,36.74607197161683,-2.842170943040401e-14,True
MYS,Malaysia,Western Pacific Region,2019,Urine,Klebsiella pneumoniae,Cefepime,19312,4656,1183,25.4080756013746,25.40807560137457,2.842170943040401e-14,True
MYS,Malaysia,Western Pacific Region,2019,Urine,Klebsiella pneumoniae,Cefotaxime,19312,4846,1639,33.8217086256707,33.82170862567065,4.973799150320701e-14,True
MYS,Malaysia,Western Pacific Region,2019,Urine,Klebsiella pneumoniae,Ceftazidime,19312,4727,1447,30.6113814258515,30.61138142585149,1.0658141036401503e-14,True
MYS,Malaysia,Western Pacific Region,2019,Urine,Klebsiella pneumoniae,Ceftriaxone,19312,1319,390,29.5678544351782,29.567854435178166,3.552713678800501e-14,True
MYS,Malaysia,Western Pacific Region,2019,Urine,Klebsiella pneumoniae,Ciprofloxacin,19312,4898,849,17.3336055532871,17.333605553287057,4.263256414560601e-14,True
MYS,Malaysia,Western Pacific Region,2019,Urine,Klebsiella pneumoniae,Colistin,19312,176,3,1.70454545454545,1.7045454545454544,-4.440892098500626e-15,True
MYS,Malaysia,Western Pacific Region,2019,Urine,Klebsiella pneumoniae,Doripenem,19312,276,14,5.07246376811594,5.072463768115942,-2.6645352591003757e-15,True
MYS,Malaysia,Western Pacific Region,2019,Urine,Klebsiella pneumoniae,Ertapenem,19312,4499,203,4.51211380306735,4.512113803067348,1.7763568394002505e-15,True
MYS,Malaysia,Western Pacific Region,2019,Urine,Klebsiella pneumoniae,Imipenem,19312,4799,153,3.18816420087518,3.188164200875182,-1.7763568394002505e-15,True
MYS,Malaysia,Western Pacific Region,2019,Urine,Klebsiella pneumoniae,Meropenem,19312,4636,160,3.45125107851596,3.4512510785159622,-2.220446049250313e-15,True
MYS,Malaysia,Western Pacific Region,2019,Urine,Klebsiella pneumoniae,Trimethoprim/sulfamethoxazole,19312,4545,1478,32.5192519251925,32.51925192519252,-2.1316282072803006e-14,True
MYS,Malaysia,Western Pacific Region,2020,Blood,Acinetobacter,Amikacin,20249,1653,681,41.1978221415608,41.1978221415608,0.0,True
MYS,Malaysia,Western Pacific Region,2020,Blood,Acinetobacter,Colistin,20249,41,0,0.0,0.0,0.0,True
MYS,Malaysia,Western Pacific Region,2020,Blood,Acinetobacter,Gentamicin,20249,1600,744,46.5,46.5,0.0,True
MYS,Malaysia,Western Pacific Region,2020,Blood,Acinetobacter,Imipenem,20249,1641,831,50.6398537477148,50.6398537477148,0.0,True
MYS,Malaysia,Western Pacific Region,2020,Blood,Acinetobacter,Meropenem,20249,1609,826,51.3362336855189,51.33623368551895,-4.973799150320701e-14,True
MYS,Malaysia,Western Pacific Region,2020,Blood,Acinetobacter,Tigecycline,20249,172,16,9.30232558139535,9.30232558139535,0.0,True
MYS,Malaysia,Western Pacific Region,2020,Blood,Escherichia coli,Ampicillin,20249,4742,3274,69.0425980598903,69.04259805989034,-4.263256414560601e-14,True
MYS,Malaysia,Western Pacific Region,2020,Blood,Escherichia coli,Cefepime,20249,4819,693,14.3805768831708,14.380576883170782,1.7763568394002505e-14,True
MYS,Malaysia,Western Pacific Region,2020,Blood,Escherichia coli,Cefotaxime,20249,4766,1229,25.7868233319345,25.78682333193454,-3.907985046680551e-14,True
MYS,Malaysia,Western Pacific Region,2020,Blood,Escherichia coli,Ceftazidime,20249,4932,862,17.477696674777,17.477696674776965,3.552713678800501e-14,True
MYS,Malaysia,Western Pacific Region,2020,Blood,Escherichia coli,Ceftriaxone,20249,1162,283,24.3545611015491,24.354561101549052,4.618527782440651e-14,True
MYS,Malaysia,Western Pacific Region,2020,Blood,Escherichia coli,Ciprofloxacin,20249,5001,1264,25.2749450109978,25.2749450109978,0.0,True
MYS,Malaysia,Western Pacific Region,2020,Blood,Escherichia coli,Colistin,20249,40,0,0.0,0.0,0.0,True
MYS,Malaysia,Western Pacific Region,2020,Blood,Escherichia coli,Doripenem,20249,508,3,0.590551181102362,0.5905511811023622,-1.1102230246251565e-16,True
MYS,Malaysia,Western Pacific Region,2020,Blood,Escherichia coli,Ertapenem,20249,4811,45,0.935356474745375,0.9353564747453752,-2.220446049250313e-16,True
MYS,Malaysia,Western Pacific Region,2020,Blood,Escherichia coli,Imipenem,20249,4919,38,0.772514738768042,0.7725147387680423,-3.3306690738754696e-16,True
MYS,Malaysia,Western Pacific Region,2020,Blood,Escherichia coli,Meropenem,20249,4850,38,0.783505154639175,0.7835051546391752,-2.220446049250313e-16,True
MYS,Malaysia,Western Pacific Region,2020,Blood,Escherichia coli,Tinidazole,20249,4766,1229,25.7868233319345,25.78682333193454,-3.907985046680551e-14,True
MYS,Malaysia,Western Pacific Region,2020,Blood,Escherichia coli,Trimethoprim/sulfamethoxazole,20249,4541,1843,40.5857740585774,40.58577405857741,-7.105427357601002e-15,True
MYS,Malaysia,Western Pacific Region,2020,Blood,Klebsiella pneumoniae,Cefepime,20249,4357,1168,26.8074363093872,26.807436309387196,3.552713678800501e-15,True
MYS,Malaysia,Western Pacific Region,2020,Blood,Klebsiella pneumoniae,Cefotaxime,20249,4320,1455,33.6805555555556,33.68055555555556,4.263256414560601e-14,True
MYS,Malaysia,Western Pacific Region,2020,Blood,Klebsiella pneumoniae,Ceftazidime,20249,4481,1410,31.4661905824593,31.466190582459276,2.4868995751603507e-14,True
MYS,Malaysia,Western Pacific Region,2020,Blood,Klebsiella pneumoniae,Ceftriaxone,20249,1120,367,32.7678571428571,32.767857142857146,-4.263256414560601e-14,True
MYS,Malaysia,Western Pacific Region,2020,Blood,Klebsiella pneumoniae,Ciprofloxacin,20249,4527,948,20.9410205434062,20.941020543406232,-3.197442310920451e-14,True
MYS,Malaysia,Western Pacific Region,2020,Blood,Klebsiella pneumoniae,Colistin,20249,31,0,0.0,0.0,0.0,True
MYS,Malaysia,Western Pacific Region,2020,Blood,Klebsiella pneumoniae,Doripenem,20249,409,21,5.13447432762836,5.134474327628362,-1.7763568394002505e-15,True
MYS,Malaysia,Western Pacific Region,2020,Blood,Klebsiella pneumoniae,Ertapenem,20249,4336,261,6.01937269372694,6.019372693726937,2.6645352591003757e-15,True
MYS,Malaysia,Western Pacific Region,2020,Blood,Klebsiella pneumoniae,Imipenem,20249,4435,198,4.46448703494927,4.464487034949268,2.6645352591003757e-15,True
MYS,Malaysia,Western Pacific Region,2020,Blood,Klebsiella pneumoniae,Meropenem,20249,4366,215,4.92441594136509,4.924415941365094,-4.440892098500626e-15,True
MYS,Malaysia,Western Pacific Region,2020,Blood,Klebsiella pneumoniae,Trimethoprim/sulfamethoxazole,20249,4007,1273,31.7694035437984,31.76940354379835,4.973799150320701e-14,True
MYS,Malaysia,Western Pacific Region,2020,Blood,Salmonella,Cefotaxime,20249,161,3,1.86335403726708,1.8633540372670807,-6.661338147750939e-16,True
MYS,Malaysia,Western Pacific Region,2020,Blood,Salmonella,Ceftazidime,20249,119,1,0.840336134453782,0.8403361344537815,4.440892098500626e-16,True
MYS,Malaysia,Western Pacific Region,2020,Blood,Salmonella,Ceftriaxone,20249,673,6,0.891530460624071,0.8915304606240713,-2.220446049250313e-16,True
MYS,Malaysia,Western Pacific Region,2020,Blood,Salmonella,Ciprofloxacin,20249,691,9,1.30246020260492,1.3024602026049203,-4.440892098500626e-16,True
MYS,Malaysia,Western Pacific Region,2020,Blood,Salmonella,Ertapenem,20249,55,0,0.0,0.0,0.0,True
MYS,Malaysia,Western Pacific Region,2020,Blood,Salmonella,Imipenem,20249,60,0,0.0,0.0,0.0,True
MYS,Malaysia,Western Pacific Region,2020,Blood,Salmonella,Meropenem,20249,60,0,0.0,0.0,0.0,True
MYS,Malaysia,Western Pacific Region,2020,Blood,Staphylococcus aureus,Meticillin,20249,3523,603,17.1160942378655,17.116094237865457,4.263256414560601e-14,True
MYS,Malaysia,Western Pacific Region,2020,Blood,Streptococcus pneumoniae,Benzylpenicillin,20249,182,36,19.7802197802198,19.78021978021978,1.7763568394002505e-14,True
MYS,Malaysia,Western Pacific Region,2020,Blood,Streptococcus pneumoniae,Cefotaxime,20249,11,0,0.0,0.0,0.0,True
MYS,Malaysia,Western Pacific Region,2020,Blood,Streptococcus pneumoniae,Ceftriaxone,20249,60,2,3.33333333333333,3.3333333333333335,-3.552713678800501e-15,True
MYS,Malaysia,Western Pacific Region,2020,Blood,Streptococcus pneumoniae,Oxacillin,20249,122,40,32.7868852459016,32.78688524590164,-3.552713678800501e-14,True
MYS,Malaysia,Western Pacific Region,2020,Blood,Streptococcus pneumoniae,Trimethoprim/sulfamethoxazole,20249,200,41,20.5,20.5,0.0,True
MYS,Malaysia,Western Pacific Region,2020,Genital,Neisseria gonorrhoeae,Ceftriaxone,138,132,9,6.81818181818182,6.8181818181818175,2.6645352591003757e-15,True
MYS,Malaysia,Western Pacific Region,2020,Genital,Neisseria gonorrhoeae,Ciprofloxacin,138,131,83,63.3587786259542,63.358778625954194,7.105427357601002e-15,True
MYS,Malaysia,Western Pacific Region,2020,Genital,Neisseria gonorrhoeae,Spectinomycin,138,26,0,0.0,0.0,0.0,True
MYS,Malaysia,Western Pacific Region,2020,Stool,Salmonella,Cefotaxime,2083,435,14,3.2183908045977,3.218390804597701,-1.3322676295501878e-15,True
MYS,Malaysia,Western Pacific Region,2020,Stool,Salmonella,Ceftazidime,2083,291,11,3.78006872852234,3.7800687285223367,3.552713678800501e-15,True
MYS,Malaysia,Western Pacific Region,2020,Stool,Salmonella,Ceftriaxone,2083,1993,37,1.85649774209734,1.8564977420973405,-4.440892098500626e-16,True
MYS,Malaysia,Western Pacific Region,2020,Stool,Salmonella,Ciprofloxacin,2083,1992,44,2.20883534136546,2.208835341365462,-1.7763568394002505e-15,True
MYS,Malaysia,Western Pacific Region,2020,Stool,Salmonella,Ertapenem,2083,93,0,0.0,0.0,0.0,True
MYS,Malaysia,Western Pacific Region,2020,Stool,Salmonella,Imipenem,2083,120,0,0.0,0.0,0.0,True
MYS,Malaysia,Western Pacific Region,2020,Stool,Salmonella,Meropenem,2083,121,0,0.0,0.0,0.0,True
MYS,Malaysia,Western Pacific Region,2020,Urine,Escherichia coli,Ampicillin,18124,11191,7028,62.8004646591011,62.80046465910106,4.263256414560601e-14,True
MYS,Malaysia,Western Pacific Region,2020,Urine,Escherichia coli,Cefepime,18124,10848,1587,14.6294247787611,14.629424778761063,3.730349362740526e-14,True
MYS,Malaysia,Western Pacific Region,2020,Urine,Escherichia coli,Cefotaxime,18124,11008,2647,24.046148255814,24.046148255813954,4.618527782440651e-14,True
MYS,Malaysia,Western Pacific Region,2020,Urine,Escherichia coli,Ceftazidime,18124,11524,1809,15.6976744186047,15.69767441860465,4.973799150320701e-14,True
MYS,Malaysia,Western Pacific Region,2020,Urine,Escherichia coli,Ceftriaxone,18124,2630,580,22.0532319391635,22.0532319391635,0.0,True
MYS,Malaysia,Western Pacific Region,2020,Urine,Escherichia coli,Ciprofloxacin,18124,11615,3189,27.4558760223848,27.455876022384846,-4.618527782440651e-14,True
MYS,Malaysia,Western Pacific Region,2020,Urine,Escherichia coli,Colistin,18124,135,0,0.0,0.0,0.0,True
MYS,Malaysia,Western Pacific Region,2020,Urine,Escherichia coli,Doripenem,18124,749,4,0.534045393858478,0.5340453938584779,1.1102230246251565e-16,True
MYS,Malaysia,Western Pacific Region,2020,Urine,Escherichia coli,Ertapenem,18124,10983,66,0.600928708003278,0.6009287080032778,2.220446049250313e-16,True
MYS,Malaysia,Western Pacific Region,2020,Urine,Escherichia coli,Imipenem,18124,11290,55,0.487156775907883,0.48715677590788303,-5.551115123125783e-17,True
MYS,Malaysia,Western Pacific Region,2020,Urine,Escherichia coli,Meropenem,18124,11055,54,0.488466757123474,0.48846675712347354,4.440892098500626e-16,True
MYS,Malaysia,Western Pacific Region,2020,Urine,Escherichia coli,Trimethoprim/sulfamethoxazole,18124,11254,3839,34.1123156211125,34.112315621112494,7.105427357601002e-15,True
MYS,Malaysia,Western Pacific Region,2020,Urine,Klebsiella pneumoniae,Cefepime,18124,4731,1236,26.1255548509829,26.12555485098288,2.1316282072803006e-14,True
MYS,Malaysia,Western Pacific Region,2020,Urine,Klebsiella pneumoniae,Cefotaxime,18124,4717,1560,33.0718677125292,33.071867712529155,4.263256414560601e-14,True
MYS,Malaysia,Western Pacific Region,2020,Urine,Klebsiella pneumoniae,Ceftazidime,18124,5001,1494,29.874025194961,29.874025194961007,-7.105427357601002e-15,True
MYS,Malaysia,Western Pacific Region,2020,Urine,Klebsiella pneumoniae,Ceftriaxone,18124,1198,335,27.9632721202003,27.963272120200333,-3.197442310920451e-14,True
MYS,Malaysia,Western Pacific Region,2020,Urine,Klebsiella pneumoniae,Ciprofloxacin,18124,5021,986,19.6375224058952,19.63752240589524,-3.907985046680551e-14,True
MYS,Malaysia,Western Pacific Region,2020,Urine,Klebsiella pneumoniae,Colistin,18124,66,2,3.03030303030303,3.0303030303030303,-4.440892098500626e-16,True
MYS,Malaysia,Western Pacific Region,2020,Urine,Klebsiella pneumoniae,Doripenem,18124,254,11,4.33070866141732,4.330708661417323,-3.552713678800501e-15,True
MYS,Malaysia,Western Pacific Region,2020,Urine,Klebsiella pneumoniae,Ertapenem,18124,4800,243,5.0625,5.0625,0.0,True
MYS,Malaysia,Western Pacific Region,2020,Urine,Klebsiella pneumoniae,Imipenem,18124,4899,197,4.02122882220861,4.021228822208614,-3.552713678800501e-15,True
MYS,Malaysia,Western Pacific Region,2020,Urine,Klebsiella pneumoniae,Meropenem,18124,4835,205,4.23991726990693,4.239917269906929,8.881784197001252e-16,True
MYS,Malaysia,Western Pacific Region,2020,Urine,Klebsiella pneumoniae,Trimethoprim/sulfamethoxazole,18124,4793,1538,32.0884623409138,32.08846234091383,-2.842170943040401e-14,True
NLD,Netherlands,European Region,2017,Blood,Escherichia coli,Tinidazole,12092,6684,412,6.163973668462,6.163973668461999,8.881784197001252e-16,True
NLD,Netherlands,European Region,2017,Blood,Staphylococcus aureus,Meticillin,12092,2694,41,1.52190051967335,1.5219005196733482,1.7763568394002505e-15,True
NLD,Netherlands,European Region,2018,Blood,Escherichia coli,Tinidazole,12993,7011,511,7.28854656967622,7.288546569676223,-2.6645352591003757e-15,True
NLD,Netherlands,European Region,2018,Blood,Staphylococcus aureus,Meticillin,12993,3050,36,1.18032786885246,1.180327868852459,1.1102230246251565e-15,True
NLD,Netherlands,European Region,2019,Blood,Acinetobacter,Amikacin,12741,23,1,4.34782608695652,4.3478260869565215,-1.7763568394002505e-15,True
NLD,Netherlands,European Region,2019,Blood,Acinetobacter,Gentamicin,12741,110,4,3.63636363636364,3.6363636363636362,3.552713678800501e-15,True
NLD,Netherlands,European Region,2019,Blood,Acinetobacter,Imipenem,12741,84,1,1.19047619047619,1.1904761904761905,-4.440892098500626e-16,True
NLD,Netherlands,European Region,2019,Blood,Acinetobacter,Meropenem,12741,121,1,0.826446280991736,0.8264462809917356,4.440892098500626e-16,True
NLD,Netherlands,European Region,2019,Blood,Escherichia coli,Ampicillin,12741,5636,2523,44.7657913413769,44.76579134137687,2.842170943040401e-14,True
NLD,Netherlands,European Region,2019,Blood,Escherichia coli,Cefepime,12741,899,62,6.89655172413793,6.896551724137931,-8.881784197001252e-16,True
NLD,Netherlands,European Region,2019,Blood,Escherichia coli,Cefotaxime,12741,6734,486,7.21710721710722,7.217107217107217,2.6645352591003757e-15,True
NLD,Netherlands,European Region,2019,Blood,Escherichia coli,Ceftazidime,12741,7188,468,6.51085141903172,6.51085141903172,0.0,True
NLD,Netherlands,European Region,2019,Blood,Escherichia coli,Ceftriaxone,12741,3349,219,6.53926545237384,6.539265452373844,-3.552713678800501e-15,True
NLD,Netherlands,European Region,2019,Blood,Escherichia coli,Ciprofloxacin,12741,7296,1059,14.5148026315789,14.514802631578947,-4.618527782440651e-14,True
NLD,Netherlands,European Region,2019,Blood,Escherichia coli,Ertapenem,12741,889,4,0.449943757030371,0.44994375703037126,-2.7755575615628914e-16,True
NLD,Netherlands,European Region,2019,Blood,Escherichia coli,Imipenem,12741,7110,0,0.0,0.0,0.0,True
NLD,Netherlands,European Region,2019,Blood,Escherichia coli,Levofloxacin,12741,1119,204,18.230563002681,18.230563002680967,3.197442310920451e-14,True
NLD,Netherlands,European Region,2019,Blood,Escherichia coli,Meropenem,12741,7299,0,0.0,0.0,0.0,True
NLD,Netherlands,European Region,2019,Blood,Escherichia coli,Tinidazole,12741,6734,486,7.21710721710722,7.217107217107217,2.6645352591003757e-15,True
NLD,Netherlands,European Region,2019,Blood,Klebsiella pneumoniae,Cefepime,12741,198,25,12.6262626262626,12.626262626262626,-2.6645352591003757e-14,True
NLD,Netherlands,European Region,2019,Blood,Klebsiella pneumoniae,Cefotaxime,12741,1298,120,9.24499229583975,9.244992295839753,-1.7763568394002505e-15,True
NLD,Netherlands,European Region,2019,Blood,Klebsiella pneumoniae,Ceftazidime,12741,1400,122,8.71428571428572,8.714285714285715,5.329070518200751e-15,True
NLD,Netherlands,European Region,2019,Blood,Klebsiella pneumoniae,Ceftriaxone,12741,645,57,8.83720930232558,8.837209302325581,-1.7763568394002505e-15,True
NLD,Netherlands,European Region,2019,Blood,Klebsiella pneumoniae,Ciprofloxacin,12741,1431,157,10.9713487071978,10.971348707197764,3.552713678800501e-14,True
NLD,Netherlands,European Region,2019,Blood,Klebsiella pneumoniae,Ertapenem,12741,198,2,1.01010101010101,1.0101010101010102,-2.220446049250313e-16,True
NLD,Netherlands,European Region,2019,Blood,Klebsiella pneumoniae,Imipenem,12741,1403,3,0.213827512473272,0.21382751247327159,4.163336342344337e-16,True
NLD,Netherlands,European Region,2019,Blood,Klebsiella pneumoniae,Levofloxacin,12741,243,36,14.8148148148148,14.814814814814813,-1.2434497875801753e-14,True
NLD,Netherlands,European Region,2019,Blood,Klebsiella pneumoniae,Meropenem,12741,1433,2,0.139567341242149,0.13956734124214934,-3.3306690738754696e-16,True
NLD,Netherlands,European Region,2019,Blood,Staphylococcus aureus,Cefoxitin,12741,1579,26,1.64661177960735,1.6466117796073463,3.774758283725532e-15,True
NLD,Netherlands,European Region,2019,Blood,Staphylococcus aureus,Meticillin,12741,1579,26,1.64661177960735,1.6466117796073463,3.774758283725532e-15,True
NLD,Netherlands,European Region,2019,Blood,Staphylococcus aureus,Oxacillin,12741,2627,42,1.59878188047202,1.598781880472021,-1.1102230246251565e-15,True
NLD,Netherlands,European Region,2019,Blood,Streptococcus pneumoniae,Benzylpenicillin,12741,1256,2,0.159235668789809,0.15923566878980894,5.551115123125783e-17,True
NLD,Netherlands,European Region,2019,Blood,Streptococcus pneumoniae,Cefotaxime,12741,619,0,0.0,0.0,0.0,True
NLD,Netherlands,European Region,2019,Blood,Streptococcus pneumoniae,Ceftriaxone,12741,935,0,0.0,0.0,0.0,True
NLD,Netherlands,European Region,2019,Blood,Streptococcus pneumoniae,Oxacillin,12741,685,29,4.23357664233577,4.233576642335766,3.552713678800501e-15,True
NLD,Netherlands,European Region,2020,Blood,Escherichia coli,Tinidazole,12566,6793,445,6.55086118062712,6.550861180627115,4.440892098500626e-15,True
NLD,Netherlands,European Region,2020,Blood,Staphylococcus aureus,Meticillin,12566,2796,43,1.5379113018598,1.5379113018597999,2.220446049250313e-16,True
NOR,Norway,European Region,2017,Blood,Escherichia coli,Tinidazole,6549,3734,219,5.86502410283878,5.865024102838779,8.881784197001252e-16,True
NOR,Norway,European Region,2017,Blood,Staphylococcus aureus,Meticillin,6549,1462,15,1.02599179206566,1.0259917920656634,-3.3306690738754696e-15,True
NOR,Norway,European Region,2017,Genital,Neisseria gonorrhoeae,Azithromycin,374,374,27,7.2192513368984,7.219251336898395,4.440892098500626e-15,True
NOR,Norway,European Region,2017,Genital,Neisseria gonorrhoeae,Cefixime,374,374,2,0.53475935828877,0.53475935828877,0.0,True
NOR,Norway,European Region,2017,Genital,Neisseria gonorrhoeae,Ceftriaxone,374,374,0,0.0,0.0,0.0,True
NOR,Norway,European Region,2017,Genital,Neisseria gonorrhoeae,Ciprofloxacin,374,374,166,44.3850267379679,44.38502673796791,-1.4210854715202004e-14,True
NOR,Norway,European Region,2017,Urine,Escherichia coli,Cefotaxime,2252,1510,50,3.3112582781457,3.3112582781456954,4.440892098500626e-15,True
NOR,Norway,European Region,2017,Urine,Escherichia coli,Ceftazidime,2252,1510,38,2.51655629139073,2.5165562913907285,1.3322676295501878e-15,True
NOR,Norway,European Region,2017,Urine,Escherichia coli,Ciprofloxacin,2252,1510,154,10.1986754966887,10.198675496688741,-4.085620730620576e-14,True
NOR,Norway,European Region,2017,Urine,Escherichia coli,Meropenem,2252,1510,0,0.0,0.0,0.0,True
NOR,Norway,European Region,2017,Urine,Escherichia coli,Trimethoprim/sulfamethoxazole,2252,1510,0,0.0,0.0,0.0,True
NOR,Norway,European Region,2017,Urine,Klebsiella pneumoniae,Cefotaxime,2252,740,34,4.59459459459459,4.594594594594595,-4.440892098500626e-15,True
NOR,Norway,European Region,2017,Urine,Klebsiella pneumoniae,Ceftazidime,2252,740,33,4.45945945945946,4.45945945945946,0.0,True
NOR,Norway,European Region,2017,Urine,Klebsiella pneumoniae,Ciprofloxacin,2252,740,67,9.05405405405405,9.054054054054054,-3.552713678800501e-15,True
NOR,Norway,European Region,2017,Urine,Klebsiella pneumoniae,Trimethoprim/sulfamethoxazole,2252,740,0,0.0,0.0,0.0,True
NOR,Norway,European Region,2018,Blood,Escherichia coli,Tinidazole,6696,3879,262,6.75431812322764,6.754318123227636,4.440892098500626e-15,True
NOR,Norway,European Region,2018,Blood,Staphylococcus aureus,Meticillin,6696,1547,14,0.904977375565611,0.904977375565611,0.0,True
NOR,Norway,European Region,2018,Genital,Neisseria gonorrhoeae,Azithromycin,226,226,30,13.2743362831858,13.274336283185843,-4.263256414560601e-14,True
NOR,Norway,European Region,2018,Genital,Neisseria gonorrhoeae,Cefixime,226,226,0,0.0,0.0,0.0,True
NOR,Norway,European Region,2018,Genital,Neisseria gonorrhoeae,Ceftriaxone,226,226,0,0.0,0.0,0.0,True
NOR,Norway,European Region,2018,Genital,Neisseria gonorrhoeae,Ciprofloxacin,226,226,141,62.3893805309734,62.38938053097345,-4.973799150320701e-14,True
NOR,Norway,European Region,2018,Urine,Escherichia coli,Cefotaxime,2117,1423,49,3.44342937456079,3.4434293745607873,2.6645352591003757e-15,True
NOR,Norway,European Region,2018,Urine,Escherichia coli,Ceftazidime,2117,1423,39,2.74068868587491,2.7406886858749124,-2.220446049250313e-15,True
NOR,Norway,European Region,2018,Urine,Escherichia coli,Ciprofloxacin,2117,1423,141,9.90864371047084,9.908643710470837,1.7763568394002505e-15,True
NOR,Norway,European Region,2018,Urine,Escherichia coli,Meropenem,2117,1423,0,0.0,0.0,0.0,True
NOR,Norway,European Region,2018,Urine,Escherichia coli,Trimethoprim/sulfamethoxazole,2117,1423,278,19.5361911454673,19.53619114546732,-2.1316282072803006e-14,True
NOR,Norway,European Region,2018,Urine,Klebsiella pneumoniae,Cefotaxime,2117,694,37,5.3314121037464,5.3314121037463975,2.6645352591003757e-15,True
NOR,Norway,European Region,2018,Urine,Klebsiella pneumoniae,Ceftazidime,2117,694,39,5.61959654178674,5.619596541786744,-3.552713678800501e-15,True
NOR,Norway,European Region,2018,Urine,Klebsiella pneumoniae,Ciprofloxacin,2117,694,70,10.0864553314121,10.086455331412104,-3.552713678800501e-15,True
NOR,Norway,European Region,2018,Urine,Klebsiella pneumoniae,Trimethoprim/sulfamethoxazole,2117,694,0,0.0,0.0,0.0,True
NOR,Norway,European Region,2019,Blood,Acinetobacter,Gentamicin,6599,21,1,4.76190476190476,4.761904761904762,-1.7763568394002505e-15,True
NOR,Norway,European Region,2019,Blood,Acinetobacter,Meropenem,6599,22,0,0.0,0.0,0.0,True
NOR,Norway,European Region,2019,Blood,Escherichia coli,Ampicillin,6599,4072,1668,40.9626719056974,40.96267190569745,-4.973799150320701e-14,True
NOR,Norway,European Region,2019,Blood,Escherichia coli,Cefepime,6599,620,12,1.93548387096774,1.935483870967742,-1.9984014443252818e-15,True
NOR,Norway,European Region,2019,Blood,Escherichia coli,Cefotaxime,6599,3675,203,5.52380952380952,5.523809523809524,-3.552713678800501e-15,True
NOR,Norway,European Region,2019,Blood,Escherichia coli,Ceftazidime,6599,3665,175,4.77489768076398,4.774897680763983,-3.552713678800501e-15,True
NOR,Norway,European Region,2019,Blood,Escherichia coli,Ceftriaxone,6599,281,8,2.84697508896797,2.8469750889679712,-1.3322676295501878e-15,True
NOR,Norway,European Region,2019,Blood,Escherichia coli,Ciprofloxacin,6599,4068,458,11.2586037364798,11.258603736479843,-4.263256414560601e-14,True
NOR,Norway,European Region,2019,Blood,Escherichia coli,Ertapenem,6599,531,1,0.188323917137476,0.18832391713747645,-4.440892098500626e-16,True
NOR,Norway,European Region,2019,Blood,Escherichia coli,Imipenem,6599,899,0,0.0,0.0,0.0,True
NOR,Norway,European Region,2019,Blood,Escherichia coli,Meropenem,6599,3933,2,0.0508517670989067,0.05085176709890668,2.0816681711721685e-17,True
NOR,Norway,European Region,2019,Blood,Escherichia coli,Tinidazole,6599,3675,203,5.52380952380952,5.523809523809524,-3.552713678800501e-15,True
NOR,Norway,European Region,2019,Blood,Klebsiella pneumoniae,Cefepime,6599,137,7,5.10948905109489,5.109489051094891,-8.881784197001252e-16,True
NOR,Norway,European Region,2019,Blood,Klebsiella pneumoniae,Cefotaxime,6599,751,54,7.19041278295606,7.1904127829560585,1.7763568394002505e-15,True
NOR,Norway,European Region,2019,Blood,Klebsiella pneumoniae,Ceftazidime,6599,749,52,6.94259012016021,6.942590120160213,-3.552713678800501e-15,True
NOR,Norway,European Region,2019,Blood,Klebsiella pneumoniae,Ceftriaxone,6599,48,1,2.08333333333333,2.083333333333333,-3.1086244689504383e-15,True
NOR,Norway,European Region,2019,Blood,Klebsiella pneumoniae,Ciprofloxacin,6599,832,73,8.77403846153846,8.774038461538462,-1.7763568394002505e-15,True
NOR,Norway,European Region,2019,Blood,Klebsiella pneumoniae,Ertapenem,6599,96,3,3.125,3.125,0.0,True
NOR,Norway,European Region,2019,Blood,Klebsiella pneumoniae,Imipenem,6599,174,0,0.0,0.0,0.0,True
NOR,Norway,European Region,2019,Blood,Klebsiella pneumoniae,Meropenem,6599,807,2,0.247831474597274,0.24783147459727387,1.3877787807814457e-16,True
NOR,Norway,European Region,2019,Blood,Salmonella,Cefotaxime,6599,62,1,1.61290322580645,1.6129032258064515,-1.5543122344752192e-15,True
NOR,Norway,European Region,2019,Blood,Salmonella,Ceftazidime,6599,62,0,0.0,0.0,0.0,True
NOR,Norway,European Region,2019,Blood,Salmonella,Ciprofloxacin,6599,62,16,25.8064516129032,25.806451612903224,-2.4868995751603507e-14,True
NOR,Norway,European Region,2019,Blood,Salmonella,Meropenem,6599,62,0,0.0,0.0,0.0,True
NOR,Norway,European Region,2019,Blood,Staphylococcus aureus,Cefoxitin,6599,787,10,1.27064803049555,1.2706480304955527,-2.6645352591003757e-15,True
NOR,Norway,European Region,2019,Blood,Staphylococcus aureus,Meticillin,6599,787,10,1.27064803049555,1.2706480304955527,-2.6645352591003757e-15,True
NOR,Norway,European Region,2019,Blood,Staphylococcus aureus,Oxacillin,6599,1106,11,0.994575045207957,0.9945750452079566,4.440892098500626e-16,True
NOR,Norway,European Region,2019,Blood,Streptococcus pneumoniae,Benzylpenicillin,6599,504,8,1.58730158730159,1.5873015873015872,2.886579864025407e-15,True
NOR,Norway,European Region,2019,Blood,Streptococcus pneumoniae,Cefotaxime,6599,413,2,0.484261501210654,0.48426150121065376,2.220446049250313e-16,True
NOR,Norway,European Region,2019,Blood,Streptococcus pneumoniae,Ceftriaxone,6599,19,1,5.26315789473684,5.263157894736842,-1.7763568394002505e-15,True
NOR,Norway,European Region,2019,Blood,Streptococcus pneumoniae,Oxacillin,6599,224,13,5.80357142857143,5.803571428571429,8.881784197001252e-16,True
NOR,Norway,European Region,2019,Genital,Neisseria gonorrhoeae,Azithromycin,325,325,72,22.1538461538462,22.153846153846153,4.618527782440651e-14,True
NOR,Norway,European Region,2019,Genital,Neisseria gonorrhoeae,Cefixime,325,325,4,1.23076923076923,1.2307692307692308,-8.881784197001252e-16,True
NOR,Norway,European Region,2019,Genital,Neisseria gonorrhoeae,Ceftriaxone,325,325,0,0.0,0.0,0.0,True
NOR,Norway,European Region,2019,Genital,Neisseria gonorrhoeae,Ciprofloxacin,325,325,178,54.7692307692308,54.769230769230774,2.842170943040401e-14,True
NOR,Norway,European Region,2019,Stool,Salmonella,Cefotaxime,438,330,8,2.42424242424242,2.4242424242424243,-4.440892098500626e-15,True
NOR,Norway,European Region,2019,Stool,Salmonella,Ceftazidime,438,330,6,1.81818181818182,1.8181818181818181,1.7763568394002505e-15,True
NOR,Norway,European Region,2019,Stool,Salmonella,Ciprofloxacin,438,330,57,17.2727272727273,17.272727272727273,2.4868995751603507e-14,True
NOR,Norway,European Region,2019,Stool,Salmonella,Meropenem,438,330,0,0.0,0.0,0.0,True
NOR,Norway,European Region,2019,Stool,Shigella,Cefotaxime,438,108,13,12.037037037037,12.037037037037036,-3.552713678800501e-14,True
NOR,Norway,European Region,2019,Stool,Shigella,Ceftazidime,438,108,2,1.85185185185185,1.8518518518518516,-1.5543122344752192e-15,True
NOR,Norway,European Region,2019,Stool,Shigella,Ciprofloxacin,438,108,21,19.4444444444444,19.444444444444446,-4.618527782440651e-14,True
NOR,Norway,European Region,2019,Urine,Escherichia coli,Cefotaxime,2187,1501,46,3.06462358427715,3.0646235842771485,1.3322676295501878e-15,True
NOR,Norway,European Region,2019,Urine,Escherichia coli,Ceftazidime,2187,1501,35,2.33177881412392,2.331778814123917,3.1086244689504383e-15,True
NOR,Norway,European Region,2019,Urine,Escherichia coli,Ciprofloxacin,2187,1501,139,9.26049300466356,9.260493004663557,3.552713678800501e-15,True
NOR,Norway,European Region,2019,Urine,Escherichia coli,Meropenem,2187,1501,0,0.0,0.0,0.0,True
NOR,Norway,European Region,2019,Urine,Escherichia coli,Trimethoprim/sulfamethoxazole,2187,1501,307,20.4530313124584,20.45303131245836,3.907985046680551e-14,True
NOR,Norway,European Region,2019,Urine,Klebsiella pneumoniae,Cefotaxime,2187,686,29,4.22740524781341,4.227405247813411,-8.881784197001252e-16,True
NOR,Norway,European Region,2019,Urine,Klebsiella pneumoniae,Ceftazidime,2187,686,29,4.22740524781341,4.227405247813411,-8.881784197001252e-16,True
NOR,Norway,European Region,2019,Urine,Klebsiella pneumoniae,Ciprofloxacin,2187,686,70,10.2040816326531,10.204081632653061,3.907985046680551e-14,True
NOR,Norway,European Region,2019,Urine,Klebsiella pneumoniae,Meropenem,2187,686,0,0.0,0.0,0.0,True
NOR,Norway,European Region,2019,Urine,Klebsiella pneumoniae,Trimethoprim/sulfamethoxazole,2187,686,0,0.0,0.0,0.0,True
NOR,Norway,European Region,2020,Blood,Escherichia coli,Tinidazole,5774,3377,180,5.3301747112822,5.330174711282203,-3.552713678800501e-15,True
NOR,Norway,European Region,2020,Blood,Staphylococcus aureus,Meticillin,5774,995,20,2.01005025125628,2.0100502512562812,-1.3322676295501878e-15,True
NOR,Norway,European Region,2020,Genital,Neisseria gonorrhoeae,Azithromycin,475,475,42,8.84210526315789,8.842105263157894,-3.552713678800501e-15,True
NOR,Norway,European Region,2020,Genital,Neisseria gonorrhoeae,Cefixime,475,475,10,2.10526315789474,2.1052631578947367,3.1086244689504383e-15,True
NOR,Norway,European Region,2020,Genital,Neisseria gonorrhoeae,Ceftriaxone,475,475,0,0.0,0.0,0.0,True
NOR,Norway,European Region,2020,Genital,Neisseria gonorrhoeae,Ciprofloxacin,475,475,244,51.3684210526316,51.368421052631575,2.1316282072803006e-14,True
NOR,Norway,European Region,2020,Urine,Escherichia coli,Cefotaxime,3219,2520,88,3.49206349206349,3.492063492063492,-2.220446049250313e-15,True
NOR,Norway,European Region,2020,Urine,Escherichia coli,Ceftazidime,3219,2520,65,2.57936507936508,2.579365079365079,8.881784197001252e-16,True
NOR,Norway,European Region,2020,Urine,Escherichia coli,Ciprofloxacin,3219,2520,203,8.05555555555556,8.055555555555555,5.329070518200751e-15,True
NOR,Norway,European Region,2020,Urine,Escherichia coli,Meropenem,3219,2520,0,0.0,0.0,0.0,True
NOR,Norway,European Region,2020,Urine,Escherichia coli,Trimethoprim/sulfamethoxazole,3219,2520,536,21.2698412698413,21.26984126984127,3.197442310920451e-14,True
NOR,Norway,European Region,2020,Urine,Klebsiella pneumoniae,Cefotaxime,3219,699,41,5.86552217453505,5.865522174535051,-8.881784197001252e-16,True
NOR,Norway,European Region,2020,Urine,Klebsiella pneumoniae,Ceftazidime,3219,699,40,5.72246065808298,5.7224606580829755,4.440892098500626e-15,True
NOR,Norway,European Region,2020,Urine,Klebsiella pneumoniae,Ciprofloxacin,3219,699,54,7.72532188841202,7.725321888412018,1.7763568394002505e-15,True
NOR,Norway,European Region,2020,Urine,Klebsiella pneumoniae,Trimethoprim/sulfamethoxazole,3219,699,98,14.0200286123033,14.020028612303289,1.0658141036401503e-14,True
NPL,Nepal,South-East Asia Region,2017,Blood,Salmonella,Ceftriaxone,102,90,0,0.0,0.0,0.0,True
NPL,Nepal,South-East Asia Region,2017,Blood,Salmonella,Ciprofloxacin,102,91,56,61.5384615384615,61.53846153846154,-4.263256414560601e-14,True
NPL,Nepal,South-East Asia Region,2017,Urine,Escherichia coli,Ampicillin,295,239,239,100.0,100.0,0.0,True
NPL,Nepal,South-East Asia Region,2017,Urine,Escherichia coli,Cefotaxime,295,218,216,99.0825688073395,99.08256880733946,4.263256414560601e-14,True
NPL,Nepal,South-East Asia Region,2017,Urine,Escherichia coli,Ceftazidime,295,222,222,100.0,100.0,0.0,True
NPL,Nepal,South-East Asia Region,2017,Urine,Escherichia coli,Ceftriaxone,295,238,237,99.5798319327731,99.57983193277312,-1.4210854715202004e-14,True
NPL,Nepal,South-East Asia Region,2017,Urine,Escherichia coli,Ciprofloxacin,295,239,178,74.4769874476987,74.47698744769873,-2.842170943040401e-14,True
NPL,Nepal,South-East Asia Region,2017,Urine,Escherichia coli,Imipenem,295,192,0,0.0,0.0,0.0,True
NPL,Nepal,South-East Asia Region,2017,Urine,Escherichia coli,Levofloxacin,295,236,164,69.4915254237288,69.49152542372882,-1.4210854715202004e-14,True
NPL,Nepal,South-East Asia Region,2017,Urine,Escherichia coli,Meropenem,295,155,0,0.0,0.0,0.0,True
NPL,Nepal,South-East Asia Region,2017,Urine,Klebsiella pneumoniae,Cefotaxime,295,50,48,96.0,96.0,0.0,True
NPL,Nepal,South-East Asia Region,2017,Urine,Klebsiella pneumoniae,Ceftazidime,295,30,29,96.6666666666667,96.66666666666667,2.842170943040401e-14,True
NPL,Nepal,South-East Asia Region,2017,Urine,Klebsiella pneumoniae,Ceftriaxone,295,35,34,97.1428571428571,97.14285714285714,-4.263256414560601e-14,True
NPL,Nepal,South-East Asia Region,2017,Urine,Klebsiella pneumoniae,Ciprofloxacin,295,54,42,77.7777777777778,77.77777777777779,1.4210854715202004e-14,True
NPL,Nepal,South-East Asia Region,2017,Urine,Klebsiella pneumoniae,Imipenem,295,44,8,18.1818181818182,18.181818181818183,1.7763568394002505e-14,True
NPL,Nepal,South-East Asia Region,2017,Urine,Klebsiella pneumoniae,Levofloxacin,295,52,36,69.2307692307692,69.23076923076923,-2.842170943040401e-14,True
NPL,Nepal,South-East Asia Region,2017,Urine,Klebsiella pneumoniae,Meropenem,295,40,8,20.0,20.0,0.0,True
NPL,Nepal,South-East Asia Region,2018,Blood,Salmonella,Ceftriaxone,1202,426,6,1.40845070422535,1.4084507042253522,-2.220446049250313e-15,True
NPL,Nepal,South-East Asia Region,2018,Blood,Salmonella,Ciprofloxacin,1202,451,182,40.3547671840355,40.35476718403548,2.1316282072803006e-14,True
NPL,Nepal,South-East Asia Region,2018,Urine,Escherichia coli,Ampicillin,4866,2006,1493,74.4267198404786,74.42671984047855,4.263256414560601e-14,True
NPL,Nepal,South-East Asia Region,2018,Urine,Escherichia coli,Cefotaxime,4866,1110,537,48.3783783783784,48.37837837837838,2.1316282072803006e-14,True
NPL,Nepal,South-East Asia Region,2018,Urine,Escherichia coli,Ceftazidime,4866,522,440,84.2911877394636,84.2911877394636,0.0,True
NPL,Nepal,South-East Asia Region,2018,Urine,Escherichia coli,Ceftriaxone,4866,2479,1383,55.7886244453409,55.788624445340865,3.552713678800501e-14,True
NPL,Nepal,South-East Asia Region,2018,Urine,Escherichia coli,Ciprofloxacin,4866,2447,1159,47.3641193297916,47.364119329791585,1.4210854715202004e-14,True
NPL,Nepal,South-East Asia Region,2018,Urine,Escherichia coli,Imipenem,4866,568,130,22.887323943662,22.887323943661972,2.842170943040401e-14,True
NPL,Nepal,South-East Asia Region,2018,Urine,Escherichia coli,Levofloxacin,4866,1074,517,48.1378026070764,48.13780260707635,4.973799150320701e-14,True
NPL,Nepal,South-East Asia Region,2018,Urine,Escherichia coli,Meropenem,4866,1242,134,10.7890499194847,10.789049919484702,-1.7763568394002505e-15,True
NPL,Nepal,South-East Asia Region,2018,Urine,Klebsiella pneumoniae,Cefotaxime,4866,171,90,52.6315789473684,52.63157894736842,-1.4210854715202004e-14,True
NPL,Nepal,South-East Asia Region,2018,Urine,Klebsiella pneumoniae,Ceftazidime,4866,138,114,82.6086956521739,82.6086956521739,0.0,True
NPL,Nepal,South-East Asia Region,2018,Urine,Klebsiella pneumoniae,Ceftriaxone,4866,319,175,54.858934169279,54.858934169278996,7.105427357601002e-15,True
NPL,Nepal,South-East Asia Region,2018,Urine,Klebsiella pneumoniae,Ciprofloxacin,4866,370,148,40.0,40.0,0.0,True
NPL,Nepal,South-East Asia Region,2018,Urine,Klebsiella pneumoniae,Imipenem,4866,164,53,32.3170731707317,32.31707317073171,-7.105427357601002e-15,True
NPL,Nepal,South-East Asia Region,2018,Urine,Klebsiella pneumoniae,Levofloxacin,4866,204,103,50.4901960784314,50.49019607843137,3.552713678800501e-14,True
NPL,Nepal,South-East Asia Region,2018,Urine,Klebsiella pneumoniae,Meropenem,4866,228,55,24.1228070175439,24.12280701754386,3.907985046680551e-14,True
NPL,Nepal,South-East Asia Region,2019,Blood,Acinetobacter,Amikacin,2380,365,150,41.0958904109589,41.0958904109589,0.0,True
NPL,Nepal,South-East Asia Region,2019,Blood,Acinetobacter,Gentamicin,2380,346,164,47.3988439306358,47.398843930635834,-3.552713678800501e-14,True
NPL,Nepal,South-East Asia Region,2019,Blood,Acinetobacter,Imipenem,2380,339,89,26.2536873156342,26.253687315634217,-1.7763568394002505e-14,True
NPL,Nepal,South-East Asia Region,2019,Blood,Acinetobacter,Meropenem,2380,168,66,39.2857142857143,39.285714285714285,1.4210854715202004e-14,True
NPL,Nepal,South-East Asia Region,2019,Blood,Escherichia coli,Ampicillin,2380,238,197,82.7731092436975,82.77310924369748,2.842170943040401e-14,True
NPL,Nepal,South-East Asia Region,2019,Blood,Escherichia coli,Cefepime,2380,66,37,56.0606060606061,56.060606060606055,4.263256414560601e-14,True
NPL,Nepal,South-East Asia Region,2019,Blood,Escherichia coli,Cefotaxime,2380,156,114,73.0769230769231,73.07692307692307,2.842170943040401e-14,True
NPL,Nepal,South-East Asia Region,2019,Blood,Escherichia coli,Ceftazidime,2380,44,34,77.2727272727273,77.27272727272727,2.842170943040401e-14,True
NPL,Nepal,South-East Asia Region,2019,Blood,Escherichia coli,Ceftriaxone,2380,172,90,52.3255813953488,52.32558139534884,-4.263256414560601e-14,True
NPL,Nepal,South-East Asia Region,2019,Blood,Escherichia coli,Ciprofloxacin,2380,294,106,36.0544217687075,36.054421768707485,1.4210854715202004e-14,True
NPL,Nepal,South-East Asia Region,2019,Blood,Escherichia coli,Imipenem,2380,87,12,13.7931034482759,13.793103448275861,3.907985046680551e-14,True
NPL,Nepal,South-East Asia Region,2019,Blood,Escherichia coli,Levofloxacin,2380,140,26,18.5714285714286,18.571428571428573,2.842170943040401e-14,True
NPL,Nepal,South-East Asia Region,2019,Blood,Escherichia coli,Meropenem,2380,209,9,4.30622009569378,4.30622009569378,0.0,True
NPL,Nepal,South-East Asia Region,2019,Blood,Escherichia coli,Trimethoprim/sulfamethoxazole,2380,174,84,48.2758620689655,48.275862068965516,-1.4210854715202004e-14,True
NPL,Nepal,South-East Asia Region,2019,Blood,Klebsiella pneumoniae,Cefepime,2380,97,84,86.5979381443299,86.5979381443299,0.0,True
NPL,Nepal,South-East Asia Region,2019,Blood,Klebsiella pneumoniae,Cefotaxime,2380,229,203,88.646288209607,88.64628820960698,1.4210854715202004e-14,True
NPL,Nepal,South-East Asia Region,2019,Blood,Klebsiella pneumoniae,Ceftazidime,2380,82,71,86.5853658536585,86.58536585365853,-2.842170943040401e-14,True
NPL,Nepal,South-East Asia Region,2019,Blood,Klebsiella pneumoniae,Ceftriaxone,2380,113,89,78.7610619469027,78.76106194690266,4.263256414560601e-14,True
NPL,Nepal,South-East Asia Region,2019,Blood,Klebsiella pneumoniae,Ciprofloxacin,2380,347,136,39.193083573487,39.19308357348703,-2.842170943040401e-14,True
NPL,Nepal,South-East Asia Region,2019,Blood,Klebsiella pneumoniae,Imipenem,2380,260,56,21.5384615384615,21.53846153846154,-3.907985046680551e-14,True
NPL,Nepal,South-East Asia Region,2019,Blood,Klebsiella pneumoniae,Levofloxacin,2380,287,53,18.4668989547038,18.466898954703833,-3.197442310920451e-14,True
NPL,Nepal,South-East Asia Region,2019,Blood,Klebsiella pneumoniae,Meropenem,2380,187,46,24.5989304812834,24.598930481283425,-2.4868995751603507e-14,True
NPL,Nepal,South-East Asia Region,2019,Blood,Klebsiella pneumoniae,Trimethoprim/sulfamethoxazole,2380,113,78,69.0265486725664,69.02654867256636,4.263256414560601e-14,True
NPL,Nepal,South-East Asia Region,2019,Blood,Salmonella,Cefotaxime,2380,77,6,7.79220779220779,7.792207792207792,-1.7763568394002505e-15,True
NPL,Nepal,South-East Asia Region,2019,Blood,Salmonella,Ceftazidime,2380,11,6,54.5454545454545,54.54545454545454,-4.263256414560601e-14,True
NPL,Nepal,South-East Asia Region,2019,Blood,Salmonella,Ceftriaxone,2380,455,5,1.0989010989011,1.098901098901099,1.1102230246251565e-15,True
NPL,Nepal,South-East Asia Region,2019,Blood,Salmonella,Ciprofloxacin,2380,464,134,28.8793103448276,28.879310344827587,1.4210854715202004e-14,True
NPL,Nepal,South-East Asia Region,2019,Blood,Salmonella,Levofloxacin,2380,61,10,16.3934426229508,16.39344262295082,-1.7763568394002505e-14,True
NPL,Nepal,South-East Asia Region,2019,Blood,Staphylococcus aureus,Cefoxitin,2380,171,57,33.3333333333333,33.33333333333333,-2.842170943040401e-14,True
NPL,Nepal,South-East Asia Region,2019,Blood,Staphylococcus aureus,Oxacillin,2380,53,26,49.0566037735849,49.056603773584904,-7.105427357601002e-15,True
NPL,Nepal,South-East Asia Region,2019,Blood,Streptococcus pneumoniae,Benzylpenicillin,2380,30,2,6.66666666666667,6.666666666666667,2.6645352591003757e-15,True
NPL,Nepal,South-East Asia Region,2019,Blood,Streptococcus pneumoniae,Oxacillin,2380,25,2,8.0,8.0,0.0,True
NPL,Nepal,South-East Asia Region,2019,Stool,Salmonella,Ceftriaxone,89,51,0,0.0,0.0,0.0,True
NPL,Nepal,South-East Asia Region,2019,Stool,Salmonella,Ciprofloxacin,89,54,5,9.25925925925926,9.25925925925926,0.0,True
NPL,Nepal,South-East Asia Region,2019,Stool,Shigella,Ceftriaxone,89,21,7,33.3333333333333,33.33333333333333,-2.842170943040401e-14,True
NPL,Nepal,South-East Asia Region,2019,Stool,Shigella,Ciprofloxacin,89,29,17,58.6206896551724,58.620689655172406,-7.105427357601002e-15,True
NPL,Nepal,South-East Asia Region,2019,Urine,Escherichia coli,Ampicillin,9953,6037,4336,71.8237535199602,71.82375351996025,-4.263256414560601e-14,True
NPL,Nepal,South-East Asia Region,2019,Urine,Escherichia coli,Cefepime,9953,1369,788,57.5602629656684,57.56026296566837,2.842170943040401e-14,True
NPL,Nepal,South-East Asia Region,2019,Urine,Escherichia coli,Cefotaxime,9953,3176,1786,56.2342569269521,56.23425692695214,-4.263256414560601e-14,True
NPL,Nepal,South-East Asia Region,2019,Urine,Escherichia coli,Ceftazidime,9953,1284,983,76.5576323987539,76.5576323987539,0.0,True
NPL,Nepal,South-East Asia Region,2019,Urine,Escherichia coli,Ceftriaxone,9953,5455,2527,46.3244729605866,46.32447296058662,-2.1316282072803006e-14,True
NPL,Nepal,South-East Asia Region,2019,Urine,Escherichia coli,Ciprofloxacin,9953,6573,2985,45.4130534002738,45.413053400273846,-4.263256414560601e-14,True
NPL,Nepal,South-East Asia Region,2019,Urine,Escherichia coli,Imipenem,9953,1162,292,25.1290877796902,25.12908777969019,7.105427357601002e-15,True
NPL,Nepal,South-East Asia Region,2019,Urine,Escherichia coli,Levofloxacin,9953,2390,837,35.0209205020921,35.02092050209205,4.973799150320701e-14,True
NPL,Nepal,South-East Asia Region,2019,Urine,Escherichia coli,Meropenem,9953,3587,168,4.68357959297463,4.683579592974631,-8.881784197001252e-16,True
NPL,Nepal,South-East Asia Region,2019,Urine,Escherichia coli,Trimethoprim/sulfamethoxazole,9953,6985,3222,46.1274158911954,46.12741589119542,-2.1316282072803006e-14,True
NPL,Nepal,South-East Asia Region,2019,Urine,Klebsiella pneumoniae,Cefepime,9953,250,177,70.8,70.8,0.0,True
NPL,Nepal,South-East Asia Region,2019,Urine,Klebsiella pneumoniae,Cefotaxime,9953,381,192,50.3937007874016,50.39370078740157,2.842170943040401e-14,True
NPL,Nepal,South-East Asia Region,2019,Urine,Klebsiella pneumoniae,Ceftazidime,9953,262,208,79.3893129770992,79.38931297709924,-4.263256414560601e-14,True
NPL,Nepal,South-East Asia Region,2019,Urine,Klebsiella pneumoniae,Ceftriaxone,9953,664,303,45.6325301204819,45.63253012048193,-2.842170943040401e-14,True
NPL,Nepal,South-East Asia Region,2019,Urine,Klebsiella pneumoniae,Ciprofloxacin,9953,1005,337,33.5323383084577,33.53233830845771,-7.105427357601002e-15,True
NPL,Nepal,South-East Asia Region,2019,Urine,Klebsiella pneumoniae,Imipenem,9953,411,116,28.2238442822384,28.223844282238442,-4.263256414560601e-14,True
NPL,Nepal,South-East Asia Region,2019,Urine,Klebsiella pneumoniae,Levofloxacin,9953,556,192,34.5323741007194,34.53237410071942,-2.1316282072803006e-14,True
NPL,Nepal,South-East Asia Region,2019,Urine,Klebsiella pneumoniae,Meropenem,9953,519,104,20.0385356454721,20.03853564547206,3.907985046680551e-14,True
NPL,Nepal,South-East Asia Region,2019,Urine,Klebsiella pneumoniae,Trimethoprim/sulfamethoxazole,9953,1093,445,40.7136322049405,40.71363220494053,-2.842170943040401e-14,True
NPL,Nepal,South-East Asia Region,2020,Blood,Salmonella,Ceftriaxone,1515,55,2,3.63636363636364,3.6363636363636362,3.552713678800501e-15,True
NPL,Nepal,South-East Asia Region,2020,Blood,Salmonella,Ciprofloxacin,1515,56,13,23.2142857142857,23.214285714285715,-1.4210854715202004e-14,True
NPL,Nepal,South-East Asia Region,2020,Urine,Escherichia coli,Ampicillin,5975,2373,1726,72.7349346818373,72.73493468183733,-2.842170943040401e-14,True
NPL,Nepal,South-East Asia Region,2020,Urine,Escherichia coli,Cefotaxime,5975,1013,517,51.0365251727542,51.036525172754196,7.105427357601002e-15,True
NPL,Nepal,South-East Asia Region,2020,Urine,Escherichia coli,Ceftazidime,5975,447,363,81.2080536912752,81.20805369127517,2.842170943040401e-14,True
NPL,Nepal,South-East Asia Region,2020,Urine,Escherichia coli,Ceftriaxone,5975,3235,1668,51.5610510046368,51.56105100463678,2.1316282072803006e-14,True
NPL,Nepal,South-East Asia Region,2020,Urine,Escherichia coli,Ciprofloxacin,5975,3235,1599,49.4281298299845,49.42812982998455,-4.973799150320701e-14,True
NPL,Nepal,South-East Asia Region,2020,Urine,Escherichia coli,Imipenem,5975,1840,126,6.84782608695652,6.8478260869565215,-1.7763568394002505e-15,True
NPL,Nepal,South-East Asia Region,2020,Urine,Escherichia coli,Levofloxacin,5975,1218,461,37.8489326765189,37.848932676518885,1.4210854715202004e-14,True
NPL,Nepal,South-East Asia Region,2020,Urine,Escherichia coli,Meropenem,5975,1958,119,6.07763023493361,6.077630234933606,4.440892098500626e-15,True
NPL,Nepal,South-East Asia Region,2020,Urine,Klebsiella pneumoniae,Cefotaxime,5975,169,69,40.8284023668639,40.828402366863905,-7.105427357601002e-15,True
NPL,Nepal,South-East Asia Region,2020,Urine,Klebsiella pneumoniae,Ceftazidime,5975,129,118,91.4728682170543,91.47286821705426,4.263256414560601e-14,True
NPL,Nepal,South-East Asia Region,2020,Urine,Klebsiella pneumoniae,Ceftriaxone,5975,498,253,50.8032128514056,50.80321285140562,-2.1316282072803006e-14,True
NPL,Nepal,South-East Asia Region,2020,Urine,Klebsiella pneumoniae,Ciprofloxacin,5975,503,204,40.5566600397614,40.55666003976143,-3.552713678800501e-14,True
NPL,Nepal,South-East Asia Region,2020,Urine,Klebsiella pneumoniae,Imipenem,5975,332,82,24.6987951807229,24.69879518072289,1.0658141036401503e-14,True
NPL,Nepal,South-East Asia Region,2020,Urine,Klebsiella pneumoniae,Levofloxacin,5975,306,115,37.5816993464052,37.58169934640523,-2.842170943040401e-14,True
NPL,Nepal,South-East Asia Region,2020,Urine,Klebsiella pneumoniae,Meropenem,5975,388,83,21.3917525773196,21.391752577319586,1.4210854715202004e-14,True
OMN,Oman,Eastern Mediterranean Region,2017,Blood,Acinetobacter,Amikacin,1043,106,51,48.1132075471698,48.113207547169814,-1.4210854715202004e-14,True
OMN,Oman,Eastern Mediterranean Region,2017,Blood,Acinetobacter,Colistin,1043,67,0,0.0,0.0,0.0,True
OMN,Oman,Eastern Mediterranean Region,2017,Blood,Acinetobacter,Gentamicin,1043,112,56,50.0,50.0,0.0,True
OMN,Oman,Eastern Mediterranean Region,2017,Blood,Acinetobacter,Imipenem,1043,85,41,48.2352941176471,48.23529411764706,4.263256414560601e-14,True
OMN,Oman,Eastern Mediterranean Region,2017,Blood,Acinetobacter,Meropenem,1043,98,54,55.1020408163265,55.10204081632652,-2.1316282072803006e-14,True
OMN,Oman,Eastern Mediterranean Region,2017,Blood,Escherichia coli,Ampicillin,1043,278,223,80.2158273381295,80.2158273381295,0.0,True
OMN,Oman,Eastern Mediterranean Region,2017,Blood,Escherichia coli,Cefepime,1043,223,117,52.4663677130045,52.46636771300448,2.1316282072803006e-14,True
OMN,Oman,Eastern Mediterranean Region,2017,Blood,Escherichia coli,Cefotaxime,1043,67,36,53.7313432835821,53.73134328358209,7.105427357601002e-15,True
OMN,Oman,Eastern Mediterranean Region,2017,Blood,Escherichia coli,Ceftazidime,1043,289,132,45.6747404844291,45.674740484429066,3.552713678800501e-14,True
OMN,Oman,Eastern Mediterranean Region,2017,Blood,Escherichia coli,Ceftriaxone,1043,273,137,50.1831501831502,50.18315018315018,1.4210854715202004e-14,True
OMN,Oman,Eastern Mediterranean Region,2017,Blood,Escherichia coli,Ciprofloxacin,1043,287,121,42.1602787456446,42.1602787456446,0.0,True
OMN,Oman,Eastern Mediterranean Region,2017,Blood,Escherichia coli,Colistin,1043,68,1,1.47058823529412,1.4705882352941175,2.4424906541753444e-15,True
OMN,Oman,Eastern Mediterranean Region,2017,Blood,Escherichia coli,Imipenem,1043,247,4,1.61943319838057,1.6194331983805668,3.3306690738754696e-15,True
OMN,Oman,Eastern Mediterranean Region,2017,Blood,Escherichia coli,Meropenem,1043,261,4,1.53256704980843,1.532567049808429,1.1102230246251565e-15,True
OMN,Oman,Eastern Mediterranean Region,2017,Blood,Escherichia coli,Tinidazole,1043,67,36,53.7313432835821,53.73134328358209,7.105427357601002e-15,True
OMN,Oman,Eastern Mediterranean Region,2017,Blood,Escherichia coli,Trimethoprim/sulfamethoxazole,1043,241,137,56.8464730290456,56.84647302904564,-4.263256414560601e-14,True
OMN,Oman,Eastern Mediterranean Region,2017,Blood,Klebsiella pneumoniae,Cefepime,1043,219,116,52.9680365296804,52.96803652968036,3.552713678800501e-14,True
OMN,Oman,Eastern Mediterranean Region,2017,Blood,Klebsiella pneumoniae,Cefotaxime,1043,81,42,51.8518518518518,51.85185185185185,-4.973799150320701e-14,True
OMN,Oman,Eastern Mediterranean Region,2017,Blood,Klebsiella pneumoniae,Ceftazidime,1043,255,138,54.1176470588235,54.11764705882353,-2.842170943040401e-14,True
OMN,Oman,Eastern Mediterranean Region,2017,Blood,Klebsiella pneumoniae,Ceftriaxone,1043,249,135,54.2168674698795,54.21686746987952,-1.4210854715202004e-14,True
OMN,Oman,Eastern Mediterranean Region,2017,Blood,Klebsiella pneumoniae,Ciprofloxacin,1043,255,92,36.078431372549,36.07843137254902,-2.1316282072803006e-14,True
OMN,Oman,Eastern Mediterranean Region,2017,Blood,Klebsiella pneumoniae,Colistin,1043,93,5,5.37634408602151,5.376344086021505,5.329070518200751e-15,True
OMN,Oman,Eastern Mediterranean Region,2017,Blood,Klebsiella pneumoniae,Ertapenem,1043,78,25,32.0512820512821,32.05128205128205,4.973799150320701e-14,True
OMN,Oman,Eastern Mediterranean Region,2017,Blood,Klebsiella pneumoniae,Imipenem,1043,213,34,15.962441314554,15.96244131455399,1.0658141036401503e-14,True
OMN,Oman,Eastern Mediterranean Region,2017,Blood,Klebsiella pneumoniae,Trimethoprim/sulfamethoxazole,1043,244,113,46.3114754098361,46.31147540983606,3.552713678800501e-14,True
OMN,Oman,Eastern Mediterranean Region,2017,Genital,Neisseria gonorrhoeae,Ceftriaxone,25,24,0,0.0,0.0,0.0,True
OMN,Oman,Eastern Mediterranean Region,2017,Genital,Neisseria gonorrhoeae,Ciprofloxacin,25,24,17,70.8333333333333,70.83333333333334,-4.263256414560601e-14,True
OMN,Oman,Eastern Mediterranean Region,2017,Stool,Shigella,Ceftriaxone,334,23,5,21.7391304347826,21.73913043478261,-1.0658141036401503e-14,True
OMN,Oman,Eastern Mediterranean Region,2017,Stool,Shigella,Ciprofloxacin,334,25,5,20.0,20.0,0.0,True
OMN,Oman,Eastern Mediterranean Region,2017,Urine,Escherichia coli,Ampicillin,4377,3595,2556,71.0987482614743,71.09874826147427,2.842170943040401e-14,True
OMN,Oman,Eastern Mediterranean Region,2017,Urine,Escherichia coli,Cefepime,4377,1432,635,44.3435754189944,44.34357541899441,-1.4210854715202004e-14,True
OMN,Oman,Eastern Mediterranean Region,2017,Urine,Escherichia coli,Cefotaxime,4377,1178,408,34.634974533107,34.63497453310696,3.552713678800501e-14,True
OMN,Oman,Eastern Mediterranean Region,2017,Urine,Escherichia coli,Ceftazidime,4377,2677,882,32.9473290997385,32.94732909973852,-1.4210854715202004e-14,True
OMN,Oman,Eastern Mediterranean Region,2017,Urine,Escherichia coli,Ceftriaxone,4377,2424,852,35.1485148514851,35.148514851485146,-4.263256414560601e-14,True
OMN,Oman,Eastern Mediterranean Region,2017,Urine,Escherichia coli,Ciprofloxacin,4377,3210,995,30.9968847352025,30.99688473520249,1.0658141036401503e-14,True
OMN,Oman,Eastern Mediterranean Region,2017,Urine,Escherichia coli,Colistin,4377,159,2,1.25786163522013,1.257861635220126,3.9968028886505635e-15,True
OMN,Oman,Eastern Mediterranean Region,2017,Urine,Escherichia coli,Ertapenem,4377,541,9,1.66358595194085,1.6635859519408502,-2.220446049250313e-16,True
OMN,Oman,Eastern Mediterranean Region,2017,Urine,Escherichia coli,Imipenem,4377,1683,26,1.54486036838978,1.5448603683897801,-2.220446049250313e-16,True
OMN,Oman,Eastern Mediterranean Region,2017,Urine,Escherichia coli,Meropenem,4377,1843,23,1.24796527400977,1.2479652740097666,3.3306690738754696e-15,True
OMN,Oman,Eastern Mediterranean Region,2017,Urine,Escherichia coli,Trimethoprim/sulfamethoxazole,4377,3109,1199,38.565455130267,38.56545513026697,2.842170943040401e-14,True
OMN,Oman,Eastern Mediterranean Region,2017,Urine,Klebsiella pneumoniae,Cefepime,4377,504,276,54.7619047619048,54.761904761904766,3.552713678800501e-14,True
OMN,Oman,Eastern Mediterranean Region,2017,Urine,Klebsiella pneumoniae,Cefotaxime,4377,378,167,44.1798941798942,44.17989417989418,2.1316282072803006e-14,True
OMN,Oman,Eastern Mediterranean Region,2017,Urine,Klebsiella pneumoniae,Ceftazidime,4377,769,364,47.334200260078,47.33420026007803,-2.842170943040401e-14,True
OMN,Oman,Eastern Mediterranean Region,2017,Urine,Klebsiella pneumoniae,Ceftriaxone,4377,718,328,45.6824512534819,45.682451253481894,7.105427357601002e-15,True
OMN,Oman,Eastern Mediterranean Region,2017,Urine,Klebsiella pneumoniae,Ciprofloxacin,4377,754,236,31.2997347480106,31.29973474801061,-1.0658141036401503e-14,True
OMN,Oman,Eastern Mediterranean Region,2017,Urine,Klebsiella pneumoniae,Colistin,4377,127,12,9.44881889763779,9.448818897637794,-5.329070518200751e-15,True
OMN,Oman,Eastern Mediterranean Region,2017,Urine,Klebsiella pneumoniae,Ertapenem,4377,201,46,22.8855721393035,22.885572139303484,1.4210854715202004e-14,True
OMN,Oman,Eastern Mediterranean Region,2017,Urine,Klebsiella pneumoniae,Imipenem,4377,555,76,13.6936936936937,13.693693693693692,7.105427357601002e-15,True
OMN,Oman,Eastern Mediterranean Region,2017,Urine,Klebsiella pneumoniae,Trimethoprim/sulfamethoxazole,4377,767,300,39.1134289439374,39.113428943937414,-1.4210854715202004e-14,True
OMN,Oman,Eastern Mediterranean Region,2018,Blood,Acinetobacter,Amikacin,631,55,32,58.1818181818182,58.18181818181818,2.1316282072803006e-14,True
OMN,Oman,Eastern Mediterranean Region,2018,Blood,Acinetobacter,Colistin,631,33,0,0.0,0.0,0.0,True
OMN,Oman,Eastern Mediterranean Region,2018,Blood,Acinetobacter,Gentamicin,631,57,37,64.9122807017544,64.91228070175438,1.4210854715202004e-14,True
OMN,Oman,Eastern Mediterranean Region,2018,Blood,Acinetobacter,Imipenem,631,38,21,55.2631578947368,55.26315789473685,-4.973799150320701e-14,True
OMN,Oman,Eastern Mediterranean Region,2018,Blood,Acinetobacter,Meropenem,631,57,36,63.1578947368421,63.1578947368421,0.0,True
OMN,Oman,Eastern Mediterranean Region,2018,Blood,Escherichia coli,Ampicillin,631,196,162,82.6530612244898,82.6530612244898,0.0,True
OMN,Oman,Eastern Mediterranean Region,2018,Blood,Escherichia coli,Cefepime,631,120,66,55.0,55.00000000000001,-7.105427357601002e-15,True
OMN,Oman,Eastern Mediterranean Region,2018,Blood,Escherichia coli,Cefotaxime,631,84,45,53.5714285714286,53.57142857142857,2.842170943040401e-14,True
OMN,Oman,Eastern Mediterranean Region,2018,Blood,Escherichia coli,Ceftazidime,631,191,100,52.3560209424084,52.35602094240838,2.1316282072803006e-14,True
OMN,Oman,Eastern Mediterranean Region,2018,Blood,Escherichia coli,Ceftriaxone,631,178,96,53.9325842696629,53.93258426966292,-2.1316282072803006e-14,True
OMN,Oman,Eastern Mediterranean Region,2018,Blood,Escherichia coli,Ciprofloxacin,631,194,85,43.8144329896907,43.81443298969072,-2.1316282072803006e-14,True
OMN,Oman,Eastern Mediterranean Region,2018,Blood,Escherichia coli,Colistin,631,28,0,0.0,0.0,0.0,True
OMN,Oman,Eastern Mediterranean Region,2018,Blood,Escherichia coli,Imipenem,631,141,3,2.12765957446809,2.127659574468085,4.884981308350689e-15,True
OMN,Oman,Eastern Mediterranean Region,2018,Blood,Escherichia coli,Meropenem,631,174,2,1.14942528735632,1.1494252873563218,-1.7763568394002505e-15,True
OMN,Oman,Eastern Mediterranean Region,2018,Blood,Escherichia coli,Tinidazole,631,178,96,53.9325842696629,53.93258426966292,-2.1316282072803006e-14,True
OMN,Oman,Eastern Mediterranean Region,2018,Blood,Escherichia coli,Trimethoprim/sulfamethoxazole,631,165,85,51.5151515151515,51.515151515151516,-1.4210854715202004e-14,True
OMN,Oman,Eastern Mediterranean Region,2018,Blood,Klebsiella pneumoniae,Cefepime,631,86,44,51.1627906976744,51.162790697674424,-2.1316282072803006e-14,True
OMN,Oman,Eastern Mediterranean Region,2018,Blood,Klebsiella pneumoniae,Cefotaxime,631,79,48,60.7594936708861,60.75949367088608,2.1316282072803006e-14,True
OMN,Oman,Eastern Mediterranean Region,2018,Blood,Klebsiella pneumoniae,Ceftazidime,631,142,85,59.8591549295775,59.859154929577464,3.552713678800501e-14,True
OMN,Oman,Eastern Mediterranean Region,2018,Blood,Klebsiella pneumoniae,Ceftriaxone,631,132,78,59.0909090909091,59.09090909090909,7.105427357601002e-15,True
OMN,Oman,Eastern Mediterranean Region,2018,Blood,Klebsiella pneumoniae,Ciprofloxacin,631,143,70,48.951048951049,48.95104895104895,4.973799150320701e-14,True
OMN,Oman,Eastern Mediterranean Region,2018,Blood,Klebsiella pneumoniae,Colistin,631,38,4,10.5263157894737,10.526315789473683,1.5987211554602254e-14,True
OMN,Oman,Eastern Mediterranean Region,2018,Blood,Klebsiella pneumoniae,Ertapenem,631,42,17,40.4761904761905,40.476190476190474,2.842170943040401e-14,True
OMN,Oman,Eastern Mediterranean Region,2018,Blood,Klebsiella pneumoniae,Imipenem,631,115,31,26.9565217391304,26.956521739130434,-3.197442310920451e-14,True
OMN,Oman,Eastern Mediterranean Region,2018,Blood,Klebsiella pneumoniae,Trimethoprim/sulfamethoxazole,631,131,67,51.1450381679389,51.14503816793893,-2.842170943040401e-14,True
OMN,Oman,Eastern Mediterranean Region,2018,Genital,Neisseria gonorrhoeae,Ceftriaxone,19,11,0,0.0,0.0,0.0,True
OMN,Oman,Eastern Mediterranean Region,2018,Genital,Neisseria gonorrhoeae,Ciprofloxacin,19,11,6,54.5454545454545,54.54545454545454,-4.263256414560601e-14,True
OMN,Oman,Eastern Mediterranean Region,2018,Stool,Shigella,Ceftriaxone,272,41,17,41.4634146341463,41.46341463414634,-4.263256414560601e-14,True
OMN,Oman,Eastern Mediterranean Region,2018,Stool,Shigella,Ciprofloxacin,272,42,7,16.6666666666667,16.666666666666664,3.552713678800501e-14,True
OMN,Oman,Eastern Mediterranean Region,2018,Urine,Escherichia coli,Ampicillin,3636,2998,2145,71.5476984656438,71.54769846564376,4.263256414560601e-14,True
OMN,Oman,Eastern Mediterranean Region,2018,Urine,Escherichia coli,Cefepime,3636,791,400,50.5689001264222,50.56890012642224,-4.263256414560601e-14,True
OMN,Oman,Eastern Mediterranean Region,2018,Urine,Escherichia coli,Cefotaxime,3636,853,355,41.6178194607268,41.61781946072685,-4.973799150320701e-14,True
OMN,Oman,Eastern Mediterranean Region,2018,Urine,Escherichia coli,Ceftazidime,3636,1782,857,48.0920314253648,48.09203142536476,4.263256414560601e-14,True
OMN,Oman,Eastern Mediterranean Region,2018,Urine,Escherichia coli,Ceftriaxone,3636,1567,771,49.2022973835354,49.202297383535424,-2.1316282072803006e-14,True
OMN,Oman,Eastern Mediterranean Region,2018,Urine,Escherichia coli,Ciprofloxacin,3636,2909,857,29.4602956342386,29.46029563423857,3.197442310920451e-14,True
OMN,Oman,Eastern Mediterranean Region,2018,Urine,Escherichia coli,Colistin,3636,77,2,2.5974025974026,2.5974025974025974,2.6645352591003757e-15,True
OMN,Oman,Eastern Mediterranean Region,2018,Urine,Escherichia coli,Ertapenem,3636,365,6,1.64383561643836,1.643835616438356,3.9968028886505635e-15,True
OMN,Oman,Eastern Mediterranean Region,2018,Urine,Escherichia coli,Imipenem,3636,998,15,1.50300601202405,1.503006012024048,1.9984014443252818e-15,True
OMN,Oman,Eastern Mediterranean Region,2018,Urine,Escherichia coli,Meropenem,3636,1305,13,0.996168582375479,0.996168582375479,0.0,True
OMN,Oman,Eastern Mediterranean Region,2018,Urine,Escherichia coli,Trimethoprim/sulfamethoxazole,3636,2905,1085,37.3493975903614,37.34939759036144,-4.263256414560601e-14,True
OMN,Oman,Eastern Mediterranean Region,2018,Urine,Klebsiella pneumoniae,Cefepime,3636,250,134,53.6,53.6,0.0,True
OMN,Oman,Eastern Mediterranean Region,2018,Urine,Klebsiella pneumoniae,Cefotaxime,3636,257,116,45.136186770428,45.13618677042802,-2.1316282072803006e-14,True
OMN,Oman,Eastern Mediterranean Region,2018,Urine,Klebsiella pneumoniae,Ceftazidime,3636,500,290,58.0,57.99999999999999,7.105427357601002e-15,True
OMN,Oman,Eastern Mediterranean Region,2018,Urine,Klebsiella pneumoniae,Ceftriaxone,3636,460,253,55.0,55.00000000000001,-7.105427357601002e-15,True
OMN,Oman,Eastern Mediterranean Region,2018,Urine,Klebsiella pneumoniae,Ciprofloxacin,3636,605,227,37.5206611570248,37.52066115702479,7.105427357601002e-15,True
OMN,Oman,Eastern Mediterranean Region,2018,Urine,Klebsiella pneumoniae,Colistin,3636,76,6,7.89473684210526,7.894736842105263,-2.6645352591003757e-15,True
OMN,Oman,Eastern Mediterranean Region,2018,Urine,Klebsiella pneumoniae,Ertapenem,3636,142,34,23.943661971831,23.943661971830984,1.4210854715202004e-14,True
OMN,Oman,Eastern Mediterranean Region,2018,Urine,Klebsiella pneumoniae,Imipenem,3636,350,56,16.0,16.0,0.0,True
OMN,Oman,Eastern Mediterranean Region,2018,Urine,Klebsiella pneumoniae,Trimethoprim/sulfamethoxazole,3636,609,280,45.9770114942529,45.97701149425287,2.842170943040401e-14,True
OMN,Oman,Eastern Mediterranean Region,2019,Blood,Acinetobacter,Amikacin,1007,135,68,50.3703703703704,50.37037037037037,3.552713678800501e-14,True
OMN,Oman,Eastern Mediterranean Region,2019,Blood,Acinetobacter,Colistin,1007,60,1,1.66666666666667,1.6666666666666667,3.3306690738754696e-15,True
OMN,Oman,Eastern Mediterranean Region,2019,Blood,Acinetobacter,Gentamicin,1007,133,77,57.8947368421053,57.89473684210527,3.552713678800501e-14,True
OMN,Oman,Eastern Mediterranean Region,2019,Blood,Acinetobacter,Imipenem,1007,93,54,58.0645161290323,58.06451612903226,3.552713678800501e-14,True
OMN,Oman,Eastern Mediterranean Region,2019,Blood,Acinetobacter,Meropenem,1007,135,78,57.7777777777778,57.77777777777777,2.842170943040401e-14,True
OMN,Oman,Eastern Mediterranean Region,2019,Blood,Acinetobacter,Tigecycline,1007,46,3,6.52173913043478,6.521739130434782,-2.6645352591003757e-15,True
OMN,Oman,Eastern Mediterranean Region,2019,Blood,Escherichia coli,Ampicillin,1007,476,385,80.8823529411765,80.88235294117648,2.842170943040401e-14,True
OMN,Oman,Eastern Mediterranean Region,2019,Blood,Escherichia coli,Cefepime,1007,275,144,52.3636363636364,52.36363636363637,3.552713678800501e-14,True
OMN,Oman,Eastern Mediterranean Region,2019,Blood,Escherichia coli,Cefotaxime,1007,203,111,54.679802955665,54.679802955665025,-2.842170943040401e-14,True
OMN,Oman,Eastern Mediterranean Region,2019,Blood,Escherichia coli,Ceftazidime,1007,476,244,51.2605042016807,51.26050420168067,3.552713678800501e-14,True
OMN,Oman,Eastern Mediterranean Region,2019,Blood,Escherichia coli,Ceftriaxone,1007,475,253,53.2631578947368,53.26315789473684,-4.263256414560601e-14,True
OMN,Oman,Eastern Mediterranean Region,2019,Blood,Escherichia coli,Ciprofloxacin,1007,486,208,42.798353909465,42.79835390946502,-2.1316282072803006e-14,True
OMN,Oman,Eastern Mediterranean Region,2019,Blood,Escherichia coli,Colistin,1007,87,0,0.0,0.0,0.0,True
OMN,Oman,Eastern Mediterranean Region,2019,Blood,Escherichia coli,Ertapenem,1007,208,12,5.76923076923077,5.769230769230769,8.881784197001252e-16,True
OMN,Oman,Eastern Mediterranean Region,2019,Blood,Escherichia coli,Imipenem,1007,354,11,3.10734463276836,3.1073446327683616,-1.7763568394002505e-15,True
OMN,Oman,Eastern Mediterranean Region,2019,Blood,Escherichia coli,Levofloxacin,1007,13,5,38.4615384615385,38.46153846153847,3.552713678800501e-14,True
OMN,Oman,Eastern Mediterranean Region,2019,Blood,Escherichia coli,Meropenem,1007,447,9,2.01342281879195,2.013422818791946,3.9968028886505635e-15,True
OMN,Oman,Eastern Mediterranean Region,2019,Blood,Escherichia coli,Tinidazole,1007,203,111,54.679802955665,54.679802955665025,-2.842170943040401e-14,True
OMN,Oman,Eastern Mediterranean Region,2019,Blood,Escherichia coli,Trimethoprim/sulfamethoxazole,1007,414,192,46.3768115942029,46.3768115942029,0.0,True
OMN,Oman,Eastern Mediterranean Region,2019,Blood,Klebsiella pneumoniae,Cefepime,1007,255,130,50.9803921568627,50.98039215686274,-4.263256414560601e-14,True
OMN,Oman,Eastern Mediterranean Region,2019,Blood,Klebsiella pneumoniae,Cefotaxime,1007,181,111,61.3259668508287,61.32596685082873,-2.842170943040401e-14,True
OMN,Oman,Eastern Mediterranean Region,2019,Blood,Klebsiella pneumoniae,Ceftazidime,1007,366,197,53.8251366120219,53.825136612021865,3.552713678800501e-14,True
OMN,Oman,Eastern Mediterranean Region,2019,Blood,Klebsiella pneumoniae,Ceftriaxone,1007,363,197,54.2699724517906,54.269972451790636,-3.552713678800501e-14,True
OMN,Oman,Eastern Mediterranean Region,2019,Blood,Klebsiella pneumoniae,Ciprofloxacin,1007,371,157,42.3180592991914,42.318059299191376,2.1316282072803006e-14,True
OMN,Oman,Eastern Mediterranean Region,2019,Blood,Klebsiella pneumoniae,Colistin,1007,88,3,3.40909090909091,3.4090909090909087,1.3322676295501878e-15,True
OMN,Oman,Eastern Mediterranean Region,2019,Blood,Klebsiella pneumoniae,Ertapenem,1007,183,69,37.7049180327869,37.704918032786885,1.4210854715202004e-14,True
OMN,Oman,Eastern Mediterranean Region,2019,Blood,Klebsiella pneumoniae,Imipenem,1007,281,79,28.1138790035587,28.11387900355872,-1.7763568394002505e-14,True
OMN,Oman,Eastern Mediterranean Region,2019,Blood,Klebsiella pneumoniae,Meropenem,1007,356,99,27.8089887640449,27.808988764044944,-4.263256414560601e-14,True
OMN,Oman,Eastern Mediterranean Region,2019,Blood,Klebsiella pneumoniae,Trimethoprim/sulfamethoxazole,1007,341,166,48.6803519061584,48.68035190615836,4.263256414560601e-14,True
OMN,Oman,Eastern Mediterranean Region,2019,Genital,Neisseria gonorrhoeae,Ceftriaxone,54,48,0,0.0,0.0,0.0,True
OMN,Oman,Eastern Mediterranean Region,2019,Genital,Neisseria gonorrhoeae,Ciprofloxacin,54,46,36,78.2608695652174,78.26086956521739,1.4210854715202004e-14,True
OMN,Oman,Eastern Mediterranean Region,2019,Stool,Shigella,Cefotaxime,119,19,8,42.1052631578947,42.10526315789473,-3.552713678800501e-14,True
OMN,Oman,Eastern Mediterranean Region,2019,Stool,Shigella,Ceftazidime,119,19,4,21.0526315789474,21.052631578947366,3.197442310920451e-14,True
OMN,Oman,Eastern Mediterranean Region,2019,Stool,Shigella,Ceftriaxone,119,108,73,67.5925925925926,67.5925925925926,0.0,True
OMN,Oman,Eastern Mediterranean Region,2019,Stool,Shigella,Ciprofloxacin,119,119,32,26.890756302521,26.89075630252101,-7.105427357601002e-15,True
OMN,Oman,Eastern Mediterranean Region,2019,Urine,Escherichia coli,Ampicillin,8941,6984,5091,72.8951890034364,72.89518900343643,-2.842170943040401e-14,True
OMN,Oman,Eastern Mediterranean Region,2019,Urine,Escherichia coli,Cefepime,8941,2051,1088,53.0472940029254,53.047294002925405,-7.105427357601002e-15,True
OMN,Oman,Eastern Mediterranean Region,2019,Urine,Escherichia coli,Cefotaxime,8941,1476,714,48.3739837398374,48.3739837398374,0.0,True
OMN,Oman,Eastern Mediterranean Region,2019,Urine,Escherichia coli,Ceftazidime,8941,5041,2184,43.3247371553263,43.324737155326325,-2.842170943040401e-14,True
OMN,Oman,Eastern Mediterranean Region,2019,Urine,Escherichia coli,Ceftriaxone,8941,3824,1906,49.8430962343096,49.84309623430963,-2.842170943040401e-14,True
OMN,Oman,Eastern Mediterranean Region,2019,Urine,Escherichia coli,Ciprofloxacin,8941,7129,2064,28.9521672043765,28.95216720437649,1.0658141036401503e-14,True
OMN,Oman,Eastern Mediterranean Region,2019,Urine,Escherichia coli,Colistin,8941,190,3,1.57894736842105,1.5789473684210527,-2.6645352591003757e-15,True
OMN,Oman,Eastern Mediterranean Region,2019,Urine,Escherichia coli,Ertapenem,8941,1580,21,1.32911392405063,1.3291139240506329,-2.886579864025407e-15,True
OMN,Oman,Eastern Mediterranean Region,2019,Urine,Escherichia coli,Imipenem,8941,2654,27,1.01733232856066,1.0173323285606632,-3.3306690738754696e-15,True
OMN,Oman,Eastern Mediterranean Region,2019,Urine,Escherichia coli,Meropenem,8941,3312,30,0.905797101449275,0.9057971014492754,-3.3306690738754696e-16,True
OMN,Oman,Eastern Mediterranean Region,2019,Urine,Escherichia coli,Trimethoprim/sulfamethoxazole,8941,7049,2635,37.3811888211094,37.381188821109376,2.1316282072803006e-14,True
OMN,Oman,Eastern Mediterranean Region,2019,Urine,Klebsiella pneumoniae,Cefepime,8941,804,425,52.8606965174129,52.86069651741293,-3.552713678800501e-14,True
OMN,Oman,Eastern Mediterranean Region,2019,Urine,Klebsiella pneumoniae,Cefotaxime,8941,550,295,53.6363636363636,53.63636363636364,-4.263256414560601e-14,True
OMN,Oman,Eastern Mediterranean Region,2019,Urine,Klebsiella pneumoniae,Ceftazidime,8941,1528,797,52.1596858638744,52.15968586387435,4.973799150320701e-14,True
OMN,Oman,Eastern Mediterranean Region,2019,Urine,Klebsiella pneumoniae,Ceftriaxone,8941,1407,718,51.0305614783227,51.03056147832267,3.552713678800501e-14,True
OMN,Oman,Eastern Mediterranean Region,2019,Urine,Klebsiella pneumoniae,Ciprofloxacin,8941,1801,590,32.7595780122154,32.759578012215435,-3.552713678800501e-14,True
OMN,Oman,Eastern Mediterranean Region,2019,Urine,Klebsiella pneumoniae,Colistin,8941,156,9,5.76923076923077,5.769230769230769,8.881784197001252e-16,True
OMN,Oman,Eastern Mediterranean Region,2019,Urine,Klebsiella pneumoniae,Ertapenem,8941,657,127,19.3302891933029,19.330289193302892,7.105427357601002e-15,True
OMN,Oman,Eastern Mediterranean Region,2019,Urine,Klebsiella pneumoniae,Imipenem,8941,1011,151,14.9357072205737,14.93570722057369,1.0658141036401503e-14,True
OMN,Oman,Eastern Mediterranean Region,2019,Urine,Klebsiella pneumoniae,Meropenem,8941,1195,199,16.652719665272,16.652719665271967,3.197442310920451e-14,True
OMN,Oman,Eastern Mediterranean Region,2019,Urine,Klebsiella pneumoniae,Trimethoprim/sulfamethoxazole,8941,1759,683,38.8288800454804,38.82888004548038,2.1316282072803006e-14,True
OMN,Oman,Eastern Mediterranean Region,2020,Blood,Acinetobacter,Amikacin,876,68,47,69.1176470588235,69.11764705882352,-2.842170943040401e-14,True
OMN,Oman,Eastern Mediterranean Region,2020,Blood,Acinetobacter,Colistin,876,21,7,33.3333333333333,33.33333333333333,-2.842170943040401e-14,True
OMN,Oman,Eastern Mediterranean Region,2020,Blood,Acinetobacter,Gentamicin,876,75,48,64.0,64.0,0.0,True
OMN,Oman,Eastern Mediterranean Region,2020,Blood,Acinetobacter,Imipenem,876,31,30,96.7741935483871,96.7741935483871,0.0,True
OMN,Oman,Eastern Mediterranean Region,2020,Blood,Acinetobacter,Meropenem,876,67,55,82.089552238806,82.08955223880598,1.4210854715202004e-14,True
OMN,Oman,Eastern Mediterranean Region,2020,Blood,Escherichia coli,Ampicillin,876,175,128,73.1428571428571,73.14285714285714,-4.263256414560601e-14,True
OMN,Oman,Eastern Mediterranean Region,2020,Blood,Escherichia coli,Cefepime,876,65,54,83.0769230769231,83.07692307692308,1.4210854715202004e-14,True
OMN,Oman,Eastern Mediterranean Region,2020,Blood,Escherichia coli,Cefotaxime,876,62,47,75.8064516129032,75.80645161290323,-2.842170943040401e-14,True
OMN,Oman,Eastern Mediterranean Region,2020,Blood,Escherichia coli,Ceftazidime,876,128,101,78.90625,78.90625,0.0,True
OMN,Oman,Eastern Mediterranean Region,2020,Blood,Escherichia coli,Ceftriaxone,876,150,97,64.6666666666667,64.66666666666666,4.263256414560601e-14,True
OMN,Oman,Eastern Mediterranean Region,2020,Blood,Escherichia coli,Ciprofloxacin,876,180,90,50.0,50.0,0.0,True
OMN,Oman,Eastern Mediterranean Region,2020,Blood,Escherichia coli,Colistin,876,19,4,21.0526315789474,21.052631578947366,3.197442310920451e-14,True
OMN,Oman,Eastern Mediterranean Region,2020,Blood,Escherichia coli,Imipenem,876,17,0,0.0,0.0,0.0,True
OMN,Oman,Eastern Mediterranean Region,2020,Blood,Escherichia coli,Meropenem,876,109,1,0.917431192660551,0.9174311926605505,4.440892098500626e-16,True
OMN,Oman,Eastern Mediterranean Region,2020,Blood,Escherichia coli,Tinidazole,876,128,101,78.90625,78.90625,0.0,True
OMN,Oman,Eastern Mediterranean Region,2020,Blood,Escherichia coli,Trimethoprim/sulfamethoxazole,876,178,76,42.6966292134831,42.69662921348314,-4.263256414560601e-14,True
OMN,Oman,Eastern Mediterranean Region,2020,Blood,Klebsiella pneumoniae,Cefepime,876,87,77,88.5057471264368,88.50574712643679,1.4210854715202004e-14,True
OMN,Oman,Eastern Mediterranean Region,2020,Blood,Klebsiella pneumoniae,Cefotaxime,876,84,72,85.7142857142857,85.71428571428571,-1.4210854715202004e-14,True
OMN,Oman,Eastern Mediterranean Region,2020,Blood,Klebsiella pneumoniae,Ceftazidime,876,176,150,85.2272727272727,85.22727272727273,-2.842170943040401e-14,True
OMN,Oman,Eastern Mediterranean Region,2020,Blood,Klebsiella pneumoniae,Ceftriaxone,876,178,138,77.5280898876404,77.52808988764045,-4.263256414560601e-14,True
OMN,Oman,Eastern Mediterranean Region,2020,Blood,Klebsiella pneumoniae,Ciprofloxacin,876,224,143,63.8392857142857,63.83928571428571,-7.105427357601002e-15,True
OMN,Oman,Eastern Mediterranean Region,2020,Blood,Klebsiella pneumoniae,Colistin,876,25,5,20.0,20.0,0.0,True
OMN,Oman,Eastern Mediterranean Region,2020,Blood,Klebsiella pneumoniae,Ertapenem,876,31,29,93.5483870967742,93.54838709677419,1.4210854715202004e-14,True
OMN,Oman,Eastern Mediterranean Region,2020,Blood,Klebsiella pneumoniae,Imipenem,876,64,38,59.375,59.375,0.0,True
OMN,Oman,Eastern Mediterranean Region,2020,Blood,Klebsiella pneumoniae,Trimethoprim/sulfamethoxazole,876,216,119,55.0925925925926,55.092592592592595,7.105427357601002e-15,True
OMN,Oman,Eastern Mediterranean Region,2020,Genital,Neisseria gonorrhoeae,Ceftriaxone,23,20,0,0.0,0.0,0.0,True
OMN,Oman,Eastern Mediterranean Region,2020,Genital,Neisseria gonorrhoeae,Ciprofloxacin,23,18,14,77.7777777777778,77.77777777777779,1.4210854715202004e-14,True
OMN,Oman,Eastern Mediterranean Region,2020,Stool,Shigella,Ceftriaxone,228,11,7,63.6363636363636,63.63636363636363,-3.552713678800501e-14,True
OMN,Oman,Eastern Mediterranean Region,2020,Stool,Shigella,Ciprofloxacin,228,12,4,33.3333333333333,33.33333333333333,-2.842170943040401e-14,True
OMN,Oman,Eastern Mediterranean Region,2020,Urine,Escherichia coli,Ampicillin,3343,2294,1624,70.7933740191805,70.79337401918046,4.263256414560601e-14,True
OMN,Oman,Eastern Mediterranean Region,2020,Urine,Escherichia coli,Cefepime,3343,503,475,94.4333996023857,94.43339960238568,2.842170943040401e-14,True
OMN,Oman,Eastern Mediterranean Region,2020,Urine,Escherichia coli,Cefotaxime,3343,437,345,78.9473684210526,78.94736842105263,-2.842170943040401e-14,True
OMN,Oman,Eastern Mediterranean Region,2020,Urine,Escherichia coli,Ceftazidime,3343,1249,841,67.3338670936749,67.33386709367494,-4.263256414560601e-14,True
OMN,Oman,Eastern Mediterranean Region,2020,Urine,Escherichia coli,Ceftriaxone,3343,1145,790,68.9956331877729,68.99563318777294,-4.263256414560601e-14,True
OMN,Oman,Eastern Mediterranean Region,2020,Urine,Escherichia coli,Ciprofloxacin,3343,2374,796,33.5299073294019,33.52990732940185,4.973799150320701e-14,True
OMN,Oman,Eastern Mediterranean Region,2020,Urine,Escherichia coli,Colistin,3343,173,59,34.1040462427746,34.104046242774565,3.552713678800501e-14,True
OMN,Oman,Eastern Mediterranean Region,2020,Urine,Escherichia coli,Ertapenem,3343,98,34,34.6938775510204,34.69387755102041,-7.105427357601002e-15,True
OMN,Oman,Eastern Mediterranean Region,2020,Urine,Escherichia coli,Imipenem,3343,168,15,8.92857142857143,8.928571428571429,1.7763568394002505e-15,True
OMN,Oman,Eastern Mediterranean Region,2020,Urine,Escherichia coli,Meropenem,3343,706,8,1.13314447592068,1.13314447592068,0.0,True
OMN,Oman,Eastern Mediterranean Region,2020,Urine,Escherichia coli,Trimethoprim/sulfamethoxazole,3343,2314,849,36.6897147796024,36.689714779602426,-2.842170943040401e-14,True
OMN,Oman,Eastern Mediterranean Region,2020,Urine,Klebsiella pneumoniae,Cefepime,3343,230,220,95.6521739130435,95.65217391304348,1.4210854715202004e-14,True
OMN,Oman,Eastern Mediterranean Region,2020,Urine,Klebsiella pneumoniae,Cefotaxime,3343,190,158,83.1578947368421,83.15789473684211,-1.4210854715202004e-14,True
OMN,Oman,Eastern Mediterranean Region,2020,Urine,Klebsiella pneumoniae,Ceftazidime,3343,523,380,72.6577437858509,72.65774378585085,4.263256414560601e-14,True
OMN,Oman,Eastern Mediterranean Region,2020,Urine,Klebsiella pneumoniae,Ceftriaxone,3343,463,344,74.2980561555076,74.29805615550757,2.842170943040401e-14,True
OMN,Oman,Eastern Mediterranean Region,2020,Urine,Klebsiella pneumoniae,Ciprofloxacin,3343,680,304,44.7058823529412,44.70588235294118,2.1316282072803006e-14,True
OMN,Oman,Eastern Mediterranean Region,2020,Urine,Klebsiella pneumoniae,Colistin,3343,90,17,18.8888888888889,18.88888888888889,1.0658141036401503e-14,True
OMN,Oman,Eastern Mediterranean Region,2020,Urine,Klebsiella pneumoniae,Ertapenem,3343,86,58,67.4418604651163,67.44186046511628,2.842170943040401e-14,True
OMN,Oman,Eastern Mediterranean Region,2020,Urine,Klebsiella pneumoniae,Imipenem,3343,120,75,62.5,62.5,0.0,True
OMN,Oman,Eastern Mediterranean Region,2020,Urine,Klebsiella pneumoniae,Trimethoprim/sulfamethoxazole,3343,644,287,44.5652173913043,44.565217391304344,-4.263256414560601e-14,True
PAK,Pakistan,Eastern Mediterranean Region,2017,Blood,Acinetobacter,Amikacin,2323,49,33,67.3469387755102,67.3469387755102,0.0,True
PAK,Pakistan,Eastern Mediterranean Region,2017,Blood,Acinetobacter,Gentamicin,2323,46,32,69.5652173913043,69.56521739130434,-4.263256414560601e-14,True
PAK,Pakistan,Eastern Mediterranean Region,2017,Blood,Acinetobacter,Imipenem,2323,95,60,63.1578947368421,63.1578947368421,0.0,True
PAK,Pakistan,Eastern Mediterranean Region,2017,Blood,Acinetobacter,Meropenem,2323,52,37,71.1538461538462,71.15384615384616,4.263256414560601e-14,True
PAK,Pakistan,Eastern Mediterranean Region,2017,Blood,Acinetobacter,Tigecycline,2323,90,27,30.0,30.0,0.0,True
PAK,Pakistan,Eastern Mediterranean Region,2017,Blood,Escherichia coli,Ampicillin,2323,427,415,97.1896955503513,97.18969555035129,1.4210854715202004e-14,True
PAK,Pakistan,Eastern Mediterranean Region,2017,Blood,Escherichia coli,Cefepime,2323,45,31,68.8888888888889,68.88888888888889,1.4210854715202004e-14,True
PAK,Pakistan,Eastern Mediterranean Region,2017,Blood,Escherichia coli,Ceftazidime,2323,15,15,100.0,100.0,0.0,True
PAK,Pakistan,Eastern Mediterranean Region,2017,Blood,Escherichia coli,Ceftriaxone,2323,458,395,86.2445414847162,86.24454148471615,4.263256414560601e-14,True
PAK,Pakistan,Eastern Mediterranean Region,2017,Blood,Escherichia coli,Ciprofloxacin,2323,866,503,58.0831408775981,58.08314087759815,-4.973799150320701e-14,True
PAK,Pakistan,Eastern Mediterranean Region,2017,Blood,Escherichia coli,Imipenem,2323,814,84,10.3194103194103,10.319410319410318,-1.7763568394002505e-14,True
PAK,Pakistan,Eastern Mediterranean Region,2017,Blood,Escherichia coli,Levofloxacin,2323,440,186,42.2727272727273,42.27272727272727,2.842170943040401e-14,True
PAK,Pakistan,Eastern Mediterranean Region,2017,Blood,Escherichia coli,Meropenem,2323,212,41,19.3396226415094,19.339622641509436,-3.552713678800501e-14,True
PAK,Pakistan,Eastern Mediterranean Region,2017,Blood,Escherichia coli,Tinidazole,2323,15,15,100.0,100.0,0.0,True
PAK,Pakistan,Eastern Mediterranean Region,2017,Blood,Escherichia coli,Trimethoprim/sulfamethoxazole,2323,383,304,79.3733681462141,79.37336814621409,1.4210854715202004e-14,True
PAK,Pakistan,Eastern Mediterranean Region,2017,Blood,Klebsiella pneumoniae,Cefepime,2323,56,52,92.8571428571429,92.85714285714286,4.263256414560601e-14,True
PAK,Pakistan,Eastern Mediterranean Region,2017,Blood,Klebsiella pneumoniae,Ceftriaxone,2323,227,190,83.7004405286344,83.70044052863436,4.263256414560601e-14,True
PAK,Pakistan,Eastern Mediterranean Region,2017,Blood,Klebsiella pneumoniae,Ciprofloxacin,2323,189,92,48.6772486772487,48.67724867724868,2.1316282072803006e-14,True
PAK,Pakistan,Eastern Mediterranean Region,2017,Blood,Klebsiella pneumoniae,Imipenem,2323,181,70,38.6740331491713,38.67403314917127,2.842170943040401e-14,True
PAK,Pakistan,Eastern Mediterranean Region,2017,Blood,Klebsiella pneumoniae,Trimethoprim/sulfamethoxazole,2323,137,94,68.6131386861314,68.61313868613139,1.4210854715202004e-14,True
PAK,Pakistan,Eastern Mediterranean Region,2017,Blood,Salmonella,Ceftriaxone,2323,638,130,20.3761755485893,20.37617554858934,-4.263256414560601e-14,True
PAK,Pakistan,Eastern Mediterranean Region,2017,Blood,Salmonella,Ciprofloxacin,2323,649,232,35.7473035439137,35.74730354391371,-7.105427357601002e-15,True
PAK,Pakistan,Eastern Mediterranean Region,2017,Blood,Salmonella,Imipenem,2323,145,0,0.0,0.0,0.0,True
PAK,Pakistan,Eastern Mediterranean Region,2017,Blood,Salmonella,Meropenem,2323,16,0,0.0,0.0,0.0,True
PAK,Pakistan,Eastern Mediterranean Region,2017,Blood,Staphylococcus aureus,Meticillin,2323,193,121,62.6943005181347,62.69430051813472,-1.4210854715202004e-14,True
PAK,Pakistan,Eastern Mediterranean Region,2017,Stool,Salmonella,Ciprofloxacin,51,10,2,20.0,20.0,0.0,True
PAK,Pakistan,Eastern Mediterranean Region,2017,Stool,Shigella,Ciprofloxacin,51,40,11,27.5,27.500000000000004,-3.552713678800501e-15,True
PAK,Pakistan,Eastern Mediterranean Region,2017,Urine,Escherichia coli,Ampicillin,8946,4198,3802,90.5669366364936,90.56693663649357,2.842170943040401e-14,True
PAK,Pakistan,Eastern Mediterranean Region,2017,Urine,Escherichia coli,Cefepime,8946,1349,836,61.9718309859155,61.97183098591549,1.4210854715202004e-14,True
PAK,Pakistan,Eastern Mediterranean Region,2017,Urine,Escherichia coli,Cefotaxime,8946,27,18,66.6666666666667,66.66666666666666,4.263256414560601e-14,True
PAK,Pakistan,Eastern Mediterranean Region,2017,Urine,Escherichia coli,Ceftazidime,8946,334,290,86.8263473053892,86.82634730538922,-1.4210854715202004e-14,True
PAK,Pakistan,Eastern Mediterranean Region,2017,Urine,Escherichia coli,Ceftriaxone,8946,5780,4090,70.7612456747405,70.76124567474048,1.4210854715202004e-14,True
PAK,Pakistan,Eastern Mediterranean Region,2017,Urine,Escherichia coli,Ciprofloxacin,8946,6169,4343,70.4003890419841,70.40038904198411,-1.4210854715202004e-14,True
PAK,Pakistan,Eastern Mediterranean Region,2017,Urine,Escherichia coli,Imipenem,8946,6200,321,5.17741935483871,5.17741935483871,0.0,True
PAK,Pakistan,Eastern Mediterranean Region,2017,Urine,Escherichia coli,Levofloxacin,8946,2317,1680,72.5075528700906,72.50755287009063,-2.842170943040401e-14,True
PAK,Pakistan,Eastern Mediterranean Region,2017,Urine,Escherichia coli,Meropenem,8946,2136,181,8.47378277153558,8.47378277153558,0.0,True
PAK,Pakistan,Eastern Mediterranean Region,2017,Urine,Escherichia coli,Trimethoprim/sulfamethoxazole,8946,3587,2496,69.5846110956231,69.58461109562309,1.4210854715202004e-14,True
PAK,Pakistan,Eastern Mediterranean Region,2017,Urine,Klebsiella pneumoniae,Cefepime,8946,208,123,59.1346153846154,59.13461538461539,1.4210854715202004e-14,True
PAK,Pakistan,Eastern Mediterranean Region,2017,Urine,Klebsiella pneumoniae,Ceftriaxone,8946,1118,633,56.6189624329159,56.61896243291592,-2.1316282072803006e-14,True
PAK,Pakistan,Eastern Mediterranean Region,2017,Urine,Klebsiella pneumoniae,Ciprofloxacin,8946,929,367,39.5048439181916,39.504843918191604,-7.105427357601002e-15,True
PAK,Pakistan,Eastern Mediterranean Region,2017,Urine,Klebsiella pneumoniae,Imipenem,8946,948,167,17.6160337552743,17.616033755274263,3.907985046680551e-14,True
PAK,Pakistan,Eastern Mediterranean Region,2017,Urine,Klebsiella pneumoniae,Levofloxacin,8946,161,86,53.416149068323,53.41614906832298,2.1316282072803006e-14,True
PAK,Pakistan,Eastern Mediterranean Region,2017,Urine,Klebsiella pneumoniae,Trimethoprim/sulfamethoxazole,8946,711,359,50.492264416315,50.492264416315045,-4.263256414560601e-14,True
PAK,Pakistan,Eastern Mediterranean Region,2018,Blood,Acinetobacter,Amikacin,7410,199,57,28.643216080402,28.643216080402013,-1.4210854715202004e-14,True
PAK,Pakistan,Eastern Mediterranean Region,2018,Blood,Acinetobacter,Gentamicin,7410,151,27,17.8807947019868,17.880794701986755,4.618527782440651e-14,True
PAK,Pakistan,Eastern Mediterranean Region,2018,Blood,Acinetobacter,Imipenem,7410,176,59,33.5227272727273,33.52272727272727,2.842170943040401e-14,True
PAK,Pakistan,Eastern Mediterranean Region,2018,Blood,Acinetobacter,Meropenem,7410,47,33,70.2127659574468,70.2127659574468,0.0,True
PAK,Pakistan,Eastern Mediterranean Region,2018,Blood,Acinetobacter,Tigecycline,7410,16,5,31.25,31.25,0.0,True
PAK,Pakistan,Eastern Mediterranean Region,2018,Blood,Escherichia coli,Ampicillin,7410,786,755,96.0559796437659,96.0559796437659,0.0,True
PAK,Pakistan,Eastern Mediterranean Region,2018,Blood,Escherichia coli,Cefepime,7410,93,73,78.494623655914,78.49462365591397,2.842170943040401e-14,True
PAK,Pakistan,Eastern Mediterranean Region,2018,Blood,Escherichia coli,Ceftazidime,7410,86,33,38.3720930232558,38.372093023255815,-1.4210854715202004e-14,True
PAK,Pakistan,Eastern Mediterranean Region,2018,Blood,Escherichia coli,Ceftriaxone,7410,156,133,85.2564102564102,85.25641025641025,-4.263256414560601e-14,True
PAK,Pakistan,Eastern Mediterranean Region,2018,Blood,Escherichia coli,Ciprofloxacin,7410,983,639,65.0050864699898,65.00508646998982,-1.4210854715202004e-14,True
PAK,Pakistan,Eastern Mediterranean Region,2018,Blood,Escherichia coli,Imipenem,7410,1094,144,13.1627056672761,13.16270566727605,4.973799150320701e-14,True
PAK,Pakistan,Eastern Mediterranean Region,2018,Blood,Escherichia coli,Levofloxacin,7410,157,22,14.0127388535032,14.012738853503185,1.4210854715202004e-14,True
PAK,Pakistan,Eastern Mediterranean Region,2018,Blood,Escherichia coli,Meropenem,7410,692,126,18.2080924855491,18.20809248554913,-3.197442310920451e-14,True
PAK,Pakistan,Eastern Mediterranean Region,2018,Blood,Escherichia coli,Tinidazole,7410,156,133,85.2564102564102,85.25641025641025,-4.263256414560601e-14,True
PAK,Pakistan,Eastern Mediterranean Region,2018,Blood,Escherichia coli,Trimethoprim/sulfamethoxazole,7410,138,68,49.2753623188406,49.275362318840585,1.4210854715202004e-14,True
PAK,Pakistan,Eastern Mediterranean Region,2018,Blood,Klebsiella pneumoniae,Cefepime,7410,67,54,80.5970149253731,80.59701492537313,-2.842170943040401e-14,True
PAK,Pakistan,Eastern Mediterranean Region,2018,Blood,Klebsiella pneumoniae,Ceftriaxone,7410,110,102,92.7272727272727,92.72727272727272,-1.4210854715202004e-14,True
PAK,Pakistan,Eastern Mediterranean Region,2018,Blood,Klebsiella pneumoniae,Ciprofloxacin,7410,467,263,56.3169164882227,56.3169164882227,0.0,True
PAK,Pakistan,Eastern Mediterranean Region,2018,Blood,Klebsiella pneumoniae,Imipenem,7410,455,254,55.8241758241758,55.824175824175825,-2.1316282072803006e-14,True
PAK,Pakistan,Eastern Mediterranean Region,2018,Blood,Klebsiella pneumoniae,Trimethoprim/sulfamethoxazole,7410,94,72,76.5957446808511,76.59574468085107,2.842170943040401e-14,True
PAK,Pakistan,Eastern Mediterranean Region,2018,Blood,Salmonella,Ceftriaxone,7410,438,117,26.7123287671233,26.71232876712329,1.0658141036401503e-14,True
PAK,Pakistan,Eastern Mediterranean Region,2018,Blood,Salmonella,Ciprofloxacin,7410,3871,2649,68.4319297339189,68.43192973391888,2.842170943040401e-14,True
PAK,Pakistan,Eastern Mediterranean Region,2018,Blood,Salmonella,Imipenem,7410,3085,1,0.0324149108589951,0.03241491085899514,-3.469446951953614e-17,True
PAK,Pakistan,Eastern Mediterranean Region,2018,Blood,Salmonella,Meropenem,7410,188,3,1.59574468085106,1.5957446808510638,-3.774758283725532e-15,True
PAK,Pakistan,Eastern Mediterranean Region,2018,Blood,Staphylococcus aureus,Meticillin,7410,14,4,28.5714285714286,28.57142857142857,3.197442310920451e-14,True
PAK,Pakistan,Eastern Mediterranean Region,2018,Stool,Salmonella,Ciprofloxacin,120,46,20,43.4782608695652,43.47826086956522,-2.1316282072803006e-14,True
PAK,Pakistan,Eastern Mediterranean Region,2018,Stool,Shigella,Ciprofloxacin,120,68,20,29.4117647058824,29.411764705882355,4.618527782440651e-14,True
PAK,Pakistan,Eastern Mediterranean Region,2018,Urine,Escherichia coli,Ampicillin,14284,9691,8594,88.6802187596739,88.68021875967392,-1.4210854715202004e-14,True
PAK,Pakistan,Eastern Mediterranean Region,2018,Urine,Escherichia coli,Cefepime,14284,1354,759,56.0561299852289,56.05612998522895,-4.973799150320701e-14,True
PAK,Pakistan,Eastern Mediterranean Region,2018,Urine,Escherichia coli,Cefotaxime,14284,1424,917,64.3960674157303,64.39606741573034,-4.263256414560601e-14,True
PAK,Pakistan,Eastern Mediterranean Region,2018,Urine,Escherichia coli,Ceftazidime,14284,867,478,55.1326412918108,55.13264129181085,-4.973799150320701e-14,True
PAK,Pakistan,Eastern Mediterranean Region,2018,Urine,Escherichia coli,Ceftriaxone,14284,2054,1515,73.7585199610516,73.7585199610516,0.0,True
PAK,Pakistan,Eastern Mediterranean Region,2018,Urine,Escherichia coli,Ciprofloxacin,14284,10600,9846,92.8867924528302,92.88679245283019,1.4210854715202004e-14,True
PAK,Pakistan,Eastern Mediterranean Region,2018,Urine,Escherichia coli,Imipenem,14284,3320,133,4.00602409638554,4.006024096385542,-2.6645352591003757e-15,True
PAK,Pakistan,Eastern Mediterranean Region,2018,Urine,Escherichia coli,Levofloxacin,14284,819,267,32.6007326007326,32.6007326007326,0.0,True
PAK,Pakistan,Eastern Mediterranean Region,2018,Urine,Escherichia coli,Meropenem,14284,3110,327,10.5144694533762,10.514469453376206,-5.329070518200751e-15,True
PAK,Pakistan,Eastern Mediterranean Region,2018,Urine,Escherichia coli,Trimethoprim/sulfamethoxazole,14284,1886,1115,59.1198303287381,59.11983032873807,2.842170943040401e-14,True
PAK,Pakistan,Eastern Mediterranean Region,2018,Urine,Klebsiella pneumoniae,Cefepime,14284,213,99,46.4788732394366,46.478873239436616,-1.4210854715202004e-14,True
PAK,Pakistan,Eastern Mediterranean Region,2018,Urine,Klebsiella pneumoniae,Ceftriaxone,14284,318,222,69.811320754717,69.81132075471697,2.842170943040401e-14,True
PAK,Pakistan,Eastern Mediterranean Region,2018,Urine,Klebsiella pneumoniae,Ciprofloxacin,14284,100,64,64.0,64.0,0.0,True
PAK,Pakistan,Eastern Mediterranean Region,2018,Urine,Klebsiella pneumoniae,Imipenem,14284,254,26,10.2362204724409,10.236220472440944,-4.440892098500626e-14,True
PAK,Pakistan,Eastern Mediterranean Region,2018,Urine,Klebsiella pneumoniae,Levofloxacin,14284,48,20,41.6666666666667,41.66666666666667,2.842170943040401e-14,True
PAK,Pakistan,Eastern Mediterranean Region,2018,Urine,Klebsiella pneumoniae,Trimethoprim/sulfamethoxazole,14284,269,183,68.0297397769517,68.02973977695167,2.842170943040401e-14,True
PAK,Pakistan,Eastern Mediterranean Region,2019,Blood,Acinetobacter,Amikacin,8980,331,216,65.2567975830816,65.25679758308158,2.842170943040401e-14,True
PAK,Pakistan,Eastern Mediterranean Region,2019,Blood,Acinetobacter,Colistin,8980,186,27,14.5161290322581,14.516129032258066,3.375077994860476e-14,True
PAK,Pakistan,Eastern Mediterranean Region,2019,Blood,Acinetobacter,Gentamicin,8980,315,210,66.6666666666667,66.66666666666666,4.263256414560601e-14,True
PAK,Pakistan,Eastern Mediterranean Region,2019,Blood,Acinetobacter,Imipenem,8980,350,234,66.8571428571429,66.85714285714286,4.263256414560601e-14,True
PAK,Pakistan,Eastern Mediterranean Region,2019,Blood,Acinetobacter,Meropenem,8980,227,170,74.8898678414097,74.8898678414097,0.0,True
PAK,Pakistan,Eastern Mediterranean Region,2019,Blood,Acinetobacter,Minocycline,8980,56,10,17.8571428571429,17.857142857142858,4.263256414560601e-14,True
PAK,Pakistan,Eastern Mediterranean Region,2019,Blood,Acinetobacter,Tigecycline,8980,38,12,31.5789473684211,31.57894736842105,4.973799150320701e-14,True
PAK,Pakistan,Eastern Mediterranean Region,2019,Blood,Escherichia coli,Ampicillin,8980,692,676,97.6878612716763,97.6878612716763,0.0,True
PAK,Pakistan,Eastern Mediterranean Region,2019,Blood,Escherichia coli,Cefepime,8980,86,77,89.5348837209302,89.53488372093024,-4.263256414560601e-14,True
PAK,Pakistan,Eastern Mediterranean Region,2019,Blood,Escherichia coli,Cefotaxime,8980,91,77,84.6153846153846,84.61538461538461,-1.4210854715202004e-14,True
PAK,Pakistan,Eastern Mediterranean Region,2019,Blood,Escherichia coli,Ceftazidime,8980,40,30,75.0,75.0,0.0,True
PAK,Pakistan,Eastern Mediterranean Region,2019,Blood,Escherichia coli,Ceftriaxone,8980,755,671,88.8741721854305,88.87417218543047,2.842170943040401e-14,True
PAK,Pakistan,Eastern Mediterranean Region,2019,Blood,Escherichia coli,Ciprofloxacin,8980,746,609,81.6353887399464,81.63538873994638,2.842170943040401e-14,True
PAK,Pakistan,Eastern Mediterranean Region,2019,Blood,Escherichia coli,Colistin,8980,192,6,3.125,3.125,0.0,True
PAK,Pakistan,Eastern Mediterranean Region,2019,Blood,Escherichia coli,Ertapenem,8980,195,49,25.1282051282051,25.128205128205128,-2.842170943040401e-14,True
PAK,Pakistan,Eastern Mediterranean Region,2019,Blood,Escherichia coli,Imipenem,8980,704,140,19.8863636363636,19.886363636363637,-3.552713678800501e-14,True
PAK,Pakistan,Eastern Mediterranean Region,2019,Blood,Escherichia coli,Levofloxacin,8980,38,35,92.1052631578947,92.10526315789474,-4.263256414560601e-14,True
PAK,Pakistan,Eastern Mediterranean Region,2019,Blood,Escherichia coli,Meropenem,8980,714,127,17.7871148459384,17.787114845938376,2.4868995751603507e-14,True
PAK,Pakistan,Eastern Mediterranean Region,2019,Blood,Escherichia coli,Tinidazole,8980,755,671,88.8741721854305,88.87417218543047,2.842170943040401e-14,True
PAK,Pakistan,Eastern Mediterranean Region,2019,Blood,Escherichia coli,Trimethoprim/sulfamethoxazole,8980,648,511,78.858024691358,78.85802469135803,-2.842170943040401e-14,True
PAK,Pakistan,Eastern Mediterranean Region,2019,Blood,Klebsiella pneumoniae,Cefepime,8980,105,96,91.4285714285714,91.42857142857143,-2.842170943040401e-14,True
PAK,Pakistan,Eastern Mediterranean Region,2019,Blood,Klebsiella pneumoniae,Cefotaxime,8980,20,11,55.0,55.00000000000001,-7.105427357601002e-15,True
PAK,Pakistan,Eastern Mediterranean Region,2019,Blood,Klebsiella pneumoniae,Ceftriaxone,8980,382,331,86.6492146596859,86.64921465968587,2.842170943040401e-14,True
PAK,Pakistan,Eastern Mediterranean Region,2019,Blood,Klebsiella pneumoniae,Ciprofloxacin,8980,361,262,72.5761772853186,72.57617728531855,4.263256414560601e-14,True
PAK,Pakistan,Eastern Mediterranean Region,2019,Blood,Klebsiella pneumoniae,Colistin,8980,151,19,12.5827814569536,12.582781456953644,-4.440892098500626e-14,True
PAK,Pakistan,Eastern Mediterranean Region,2019,Blood,Klebsiella pneumoniae,Ertapenem,8980,87,40,45.9770114942529,45.97701149425287,2.842170943040401e-14,True
PAK,Pakistan,Eastern Mediterranean Region,2019,Blood,Klebsiella pneumoniae,Imipenem,8980,347,206,59.3659942363112,59.36599423631124,-3.552713678800501e-14,True
PAK,Pakistan,Eastern Mediterranean Region,2019,Blood,Klebsiella pneumoniae,Levofloxacin,8980,35,29,82.8571428571429,82.85714285714286,4.263256414560601e-14,True
PAK,Pakistan,Eastern Mediterranean Region,2019,Blood,Klebsiella pneumoniae,Meropenem,8980,338,193,57.1005917159763,57.100591715976336,-3.552713678800501e-14,True
PAK,Pakistan,Eastern Mediterranean Region,2019,Blood,Klebsiella pneumoniae,Trimethoprim/sulfamethoxazole,8980,351,259,73.7891737891738,73.78917378917379,1.4210854715202004e-14,True
PAK,Pakistan,Eastern Mediterranean Region,2019,Blood,Salmonella,Cefotaxime,8980,1415,666,47.0671378091873,47.06713780918728,2.1316282072803006e-14,True
PAK,Pakistan,Eastern Mediterranean Region,2019,Blood,Salmonella,Ceftriaxone,8980,5545,3413,61.5509467989179,61.55094679891795,-4.973799150320701e-14,True
PAK,Pakistan,Eastern Mediterranean Region,2019,Blood,Salmonella,Ciprofloxacin,8980,5729,4600,80.2932448943969,80.29324489439693,-2.842170943040401e-14,True
PAK,Pakistan,Eastern Mediterranean Region,2019,Blood,Salmonella,Ertapenem,8980,22,0,0.0,0.0,0.0,True
PAK,Pakistan,Eastern Mediterranean Region,2019,Blood,Salmonella,Imipenem,8980,4878,11,0.22550225502255,0.2255022550225502,-1.942890293094024e-16,True
PAK,Pakistan,Eastern Mediterranean Region,2019,Blood,Salmonella,Levofloxacin,8980,246,244,99.1869918699187,99.1869918699187,0.0,True
PAK,Pakistan,Eastern Mediterranean Region,2019,Blood,Salmonella,Meropenem,8980,2001,7,0.349825087456272,0.3498250874562719,1.1102230246251565e-16,True
PAK,Pakistan,Eastern Mediterranean Region,2019,Blood,Staphylococcus aureus,Meticillin,8980,297,193,64.983164983165,64.98316498316498,1.4210854715202004e-14,True
PAK,Pakistan,Eastern Mediterranean Region,2019,Blood,Staphylococcus aureus,Oxacillin,8980,297,193,64.983164983165,64.98316498316498,1.4210854715202004e-14,True
PAK,Pakistan,Eastern Mediterranean Region,2019,Blood,Streptococcus pneumoniae,Benzylpenicillin,8980,16,0,0.0,0.0,0.0,True
PAK,Pakistan,Eastern Mediterranean Region,2019,Blood,Streptococcus pneumoniae,Ceftriaxone,8980,29,0,0.0,0.0,0.0,True
PAK,Pakistan,Eastern Mediterranean Region,2019,Blood,Streptococcus pneumoniae,Trimethoprim/sulfamethoxazole,8980,26,21,80.7692307692308,80.76923076923077,2.842170943040401e-14,True
PAK,Pakistan,Eastern Mediterranean Region,2019,Genital,Neisseria gonorrhoeae,Cefixime,12,12,0,0.0,0.0,0.0,True
PAK,Pakistan,Eastern Mediterranean Region,2019,Genital,Neisseria gonorrhoeae,Ceftriaxone,12,12,0,0.0,0.0,0.0,True
PAK,Pakistan,Eastern Mediterranean Region,2019,Genital,Neisseria gonorrhoeae,Ciprofloxacin,12,12,12,100.0,100.0,0.0,True
PAK,Pakistan,Eastern Mediterranean Region,2019,Genital,Neisseria gonorrhoeae,Spectinomycin,12,10,0,0.0,0.0,0.0,True
PAK,Pakistan,Eastern Mediterranean Region,2019,Stool,Salmonella,Ceftriaxone,209,39,11,28.2051282051282,28.205128205128204,-3.552713678800501e-15,True
PAK,Pakistan,Eastern Mediterranean Region,2019,Stool,Salmonella,Ciprofloxacin,209,39,10,25.6410256410256,25.64102564102564,-3.907985046680551e-14,True
PAK,Pakistan,Eastern Mediterranean Region,2019,Stool,Salmonella,Imipenem,209,11,0,0.0,0.0,0.0,True
PAK,Pakistan,Eastern Mediterranean Region,2019,Stool,Shigella,Ceftriaxone,209,73,26,35.6164383561644,35.61643835616438,2.1316282072803006e-14,True
PAK,Pakistan,Eastern Mediterranean Region,2019,Stool,Shigella,Ciprofloxacin,209,74,23,31.0810810810811,31.08108108108108,1.7763568394002505e-14,True
PAK,Pakistan,Eastern Mediterranean Region,2019,Urine,Escherichia coli,Ampicillin,15455,11023,9894,89.7577791889685,89.75777918896853,-2.842170943040401e-14,True
PAK,Pakistan,Eastern Mediterranean Region,2019,Urine,Escherichia coli,Cefepime,15455,679,517,76.1413843888071,76.14138438880707,2.842170943040401e-14,True
PAK,Pakistan,Eastern Mediterranean Region,2019,Urine,Escherichia coli,Cefotaxime,15455,1471,1182,80.3535010197145,80.35350101971449,1.4210854715202004e-14,True
PAK,Pakistan,Eastern Mediterranean Region,2019,Urine,Escherichia coli,Ceftazidime,15455,692,502,72.5433526011561,72.54335260115607,2.842170943040401e-14,True
PAK,Pakistan,Eastern Mediterranean Region,2019,Urine,Escherichia coli,Ceftriaxone,15455,11168,8034,71.9376790830946,71.93767908309455,4.263256414560601e-14,True
PAK,Pakistan,Eastern Mediterranean Region,2019,Urine,Escherichia coli,Ciprofloxacin,15455,11384,7990,70.1862262825017,70.18622628250175,-4.263256414560601e-14,True
PAK,Pakistan,Eastern Mediterranean Region,2019,Urine,Escherichia coli,Colistin,15455,1728,20,1.15740740740741,1.1574074074074074,2.6645352591003757e-15,True
PAK,Pakistan,Eastern Mediterranean Region,2019,Urine,Escherichia coli,Doripenem,15455,14,4,28.5714285714286,28.57142857142857,3.197442310920451e-14,True
PAK,Pakistan,Eastern Mediterranean Region,2019,Urine,Escherichia coli,Ertapenem,15455,3208,390,12.1571072319202,12.1571072319202,0.0,True
PAK,Pakistan,Eastern Mediterranean Region,2019,Urine,Escherichia coli,Imipenem,15455,11477,735,6.40411257297203,6.404112572972032,-1.7763568394002505e-15,True
PAK,Pakistan,Eastern Mediterranean Region,2019,Urine,Escherichia coli,Levofloxacin,15455,37,28,75.6756756756757,75.67567567567568,2.842170943040401e-14,True
PAK,Pakistan,Eastern Mediterranean Region,2019,Urine,Escherichia coli,Meropenem,15455,11372,705,6.19943721421034,6.1994372142103416,-1.7763568394002505e-15,True
PAK,Pakistan,Eastern Mediterranean Region,2019,Urine,Escherichia coli,Trimethoprim/sulfamethoxazole,15455,10308,7066,68.5487000388048,68.54870003880481,-1.4210854715202004e-14,True
PAK,Pakistan,Eastern Mediterranean Region,2019,Urine,Klebsiella pneumoniae,Cefepime,15455,123,82,66.6666666666667,66.66666666666666,4.263256414560601e-14,True
PAK,Pakistan,Eastern Mediterranean Region,2019,Urine,Klebsiella pneumoniae,Cefotaxime,15455,48,25,52.0833333333333,52.083333333333336,-3.552713678800501e-14,True
PAK,Pakistan,Eastern Mediterranean Region,2019,Urine,Klebsiella pneumoniae,Ceftriaxone,15455,2053,1055,51.3882123721383,51.388212372138334,-3.552713678800501e-14,True
PAK,Pakistan,Eastern Mediterranean Region,2019,Urine,Klebsiella pneumoniae,Ciprofloxacin,15455,2013,796,39.5429706905117,39.54297069051167,2.842170943040401e-14,True
PAK,Pakistan,Eastern Mediterranean Region,2019,Urine,Klebsiella pneumoniae,Colistin,15455,179,21,11.731843575419,11.731843575418994,5.329070518200751e-15,True
PAK,Pakistan,Eastern Mediterranean Region,2019,Urine,Klebsiella pneumoniae,Ertapenem,15455,471,67,14.2250530785563,14.225053078556263,3.730349362740526e-14,True
PAK,Pakistan,Eastern Mediterranean Region,2019,Urine,Klebsiella pneumoniae,Imipenem,15455,2029,229,11.2863479546575,11.286347954657467,3.375077994860476e-14,True
PAK,Pakistan,Eastern Mediterranean Region,2019,Urine,Klebsiella pneumoniae,Levofloxacin,15455,14,8,57.1428571428571,57.14285714285714,-3.552713678800501e-14,True
PAK,Pakistan,Eastern Mediterranean Region,2019,Urine,Klebsiella pneumoniae,Meropenem,15455,1995,232,11.6290726817043,11.629072681704262,3.907985046680551e-14,True
PAK,Pakistan,Eastern Mediterranean Region,2019,Urine,Klebsiella pneumoniae,Trimethoprim/sulfamethoxazole,15455,2023,980,48.4429065743945,48.44290657439446,3.552713678800501e-14,True
PAK,Pakistan,Eastern Mediterranean Region,2020,Blood,Acinetobacter,Amikacin,5623,331,185,55.8912386706949,55.89123867069487,2.842170943040401e-14,True
PAK,Pakistan,Eastern Mediterranean Region,2020,Blood,Acinetobacter,Gentamicin,5623,171,110,64.327485380117,64.32748538011695,4.263256414560601e-14,True
PAK,Pakistan,Eastern Mediterranean Region,2020,Blood,Acinetobacter,Imipenem,5623,340,204,60.0,60.0,0.0,True
PAK,Pakistan,Eastern Mediterranean Region,2020,Blood,Acinetobacter,Meropenem,5623,280,177,63.2142857142857,63.21428571428571,-7.105427357601002e-15,True
PAK,Pakistan,Eastern Mediterranean Region,2020,Blood,Acinetobacter,Tigecycline,5623,116,48,41.3793103448276,41.37931034482759,1.4210854715202004e-14,True
PAK,Pakistan,Eastern Mediterranean Region,2020,Blood,Escherichia coli,Ampicillin,5623,221,209,94.5701357466063,94.57013574660633,-2.842170943040401e-14,True
PAK,Pakistan,Eastern Mediterranean Region,2020,Blood,Escherichia coli,Cefepime,5623,149,120,80.5369127516778,80.53691275167785,-4.263256414560601e-14,True
PAK,Pakistan,Eastern Mediterranean Region,2020,Blood,Escherichia coli,Ceftazidime,5623,44,32,72.7272727272727,72.72727272727273,-2.842170943040401e-14,True
PAK,Pakistan,Eastern Mediterranean Region,2020,Blood,Escherichia coli,Ceftriaxone,5623,463,381,82.2894168466523,82.28941684665226,4.263256414560601e-14,True
PAK,Pakistan,Eastern Mediterranean Region,2020,Blood,Escherichia coli,Ciprofloxacin,5623,477,350,73.3752620545073,73.37526205450735,-4.263256414560601e-14,True
PAK,Pakistan,Eastern Mediterranean Region,2020,Blood,Escherichia coli,Imipenem,5623,476,110,23.109243697479,23.10924369747899,7.105427357601002e-15,True
PAK,Pakistan,Eastern Mediterranean Region,2020,Blood,Escherichia coli,Levofloxacin,5623,190,119,62.6315789473684,62.63157894736842,-1.4210854715202004e-14,True
PAK,Pakistan,Eastern Mediterranean Region,2020,Blood,Escherichia coli,Meropenem,5623,382,85,22.2513089005236,22.25130890052356,3.907985046680551e-14,True
PAK,Pakistan,Eastern Mediterranean Region,2020,Blood,Escherichia coli,Tinidazole,5623,463,381,82.2894168466523,82.28941684665226,4.263256414560601e-14,True
PAK,Pakistan,Eastern Mediterranean Region,2020,Blood,Escherichia coli,Trimethoprim/sulfamethoxazole,5623,313,212,67.7316293929712,67.73162939297124,-4.263256414560601e-14,True
PAK,Pakistan,Eastern Mediterranean Region,2020,Blood,Klebsiella pneumoniae,Cefepime,5623,151,125,82.7814569536424,82.78145695364239,1.4210854715202004e-14,True
PAK,Pakistan,Eastern Mediterranean Region,2020,Blood,Klebsiella pneumoniae,Ceftriaxone,5623,245,195,79.5918367346939,79.59183673469387,2.842170943040401e-14,True
PAK,Pakistan,Eastern Mediterranean Region,2020,Blood,Klebsiella pneumoniae,Ciprofloxacin,5623,239,169,70.7112970711297,70.7112970711297,0.0,True
PAK,Pakistan,Eastern Mediterranean Region,2020,Blood,Klebsiella pneumoniae,Imipenem,5623,247,118,47.7732793522267,47.77327935222672,-2.1316282072803006e-14,True
PAK,Pakistan,Eastern Mediterranean Region,2020,Blood,Klebsiella pneumoniae,Trimethoprim/sulfamethoxazole,5623,241,171,70.954356846473,70.95435684647303,-2.842170943040401e-14,True
PAK,Pakistan,Eastern Mediterranean Region,2020,Blood,Salmonella,Ceftriaxone,5623,1317,666,50.5694760820046,50.56947608200456,3.552713678800501e-14,True
PAK,Pakistan,Eastern Mediterranean Region,2020,Blood,Salmonella,Ciprofloxacin,5623,1304,930,71.319018404908,71.31901840490798,1.4210854715202004e-14,True
PAK,Pakistan,Eastern Mediterranean Region,2020,Blood,Salmonella,Imipenem,5623,630,4,0.634920634920635,0.6349206349206349,1.1102230246251565e-16,True
PAK,Pakistan,Eastern Mediterranean Region,2020,Blood,Salmonella,Meropenem,5623,1007,4,0.397219463753724,0.3972194637537239,1.1102230246251565e-16,True
PAK,Pakistan,Eastern Mediterranean Region,2020,Blood,Staphylococcus aureus,Meticillin,5623,177,123,69.4915254237288,69.49152542372882,-1.4210854715202004e-14,True
PAK,Pakistan,Eastern Mediterranean Region,2020,Stool,Salmonella,Ciprofloxacin,117,12,5,41.6666666666667,41.66666666666667,2.842170943040401e-14,True
PAK,Pakistan,Eastern Mediterranean Region,2020,Stool,Shigella,Ciprofloxacin,117,18,5,27.7777777777778,27.77777777777778,2.1316282072803006e-14,True
PAK,Pakistan,Eastern Mediterranean Region,2020,Urine,Escherichia coli,Ampicillin,28695,4467,4053,90.732034922767,90.73203492276696,4.263256414560601e-14,True
PAK,Pakistan,Eastern Mediterranean Region,2020,Urine,Escherichia coli,Cefepime,28695,3115,2074,66.5810593900482,66.58105939004815,4.263256414560601e-14,True
PAK,Pakistan,Eastern Mediterranean Region,2020,Urine,Escherichia coli,Cefotaxime,28695,460,354,76.9565217391304,76.95652173913044,-4.263256414560601e-14,True
PAK,Pakistan,Eastern Mediterranean Region,2020,Urine,Escherichia coli,Ceftazidime,28695,2371,1536,64.7827920708562,64.78279207085617,2.842170943040401e-14,True
PAK,Pakistan,Eastern Mediterranean Region,2020,Urine,Escherichia coli,Ceftriaxone,28695,5735,4066,70.8979947689625,70.89799476896252,-1.4210854715202004e-14,True
PAK,Pakistan,Eastern Mediterranean Region,2020,Urine,Escherichia coli,Ciprofloxacin,28695,5351,3791,70.8465707344422,70.84657073444217,2.842170943040401e-14,True
PAK,Pakistan,Eastern Mediterranean Region,2020,Urine,Escherichia coli,Imipenem,28695,5852,334,5.70745044429255,5.707450444292549,8.881784197001252e-16,True
PAK,Pakistan,Eastern Mediterranean Region,2020,Urine,Escherichia coli,Levofloxacin,28695,2649,1745,65.8739146847867,65.87391468478671,-1.4210854715202004e-14,True
PAK,Pakistan,Eastern Mediterranean Region,2020,Urine,Escherichia coli,Meropenem,28695,5009,311,6.20882411659014,6.208824116590137,2.6645352591003757e-15,True
PAK,Pakistan,Eastern Mediterranean Region,2020,Urine,Escherichia coli,Trimethoprim/sulfamethoxazole,28695,3452,2327,67.4101969872538,67.41019698725377,2.842170943040401e-14,True
PAK,Pakistan,Eastern Mediterranean Region,2020,Urine,Klebsiella pneumoniae,Cefepime,28695,172,127,73.8372093023256,73.83720930232558,2.842170943040401e-14,True
PAK,Pakistan,Eastern Mediterranean Region,2020,Urine,Klebsiella pneumoniae,Ceftriaxone,28695,771,501,64.9805447470817,64.98054474708171,-1.4210854715202004e-14,True
PAK,Pakistan,Eastern Mediterranean Region,2020,Urine,Klebsiella pneumoniae,Ciprofloxacin,28695,721,398,55.2011095700416,55.20110957004161,-7.105427357601002e-15,True
PAK,Pakistan,Eastern Mediterranean Region,2020,Urine,Klebsiella pneumoniae,Imipenem,28695,748,97,12.9679144385027,12.967914438502673,2.6645352591003757e-14,True
PAK,Pakistan,Eastern Mediterranean Region,2020,Urine,Klebsiella pneumoniae,Levofloxacin,28695,30,16,53.3333333333333,53.333333333333336,-3.552713678800501e-14,True
PAK,Pakistan,Eastern Mediterranean Region,2020,Urine,Klebsiella pneumoniae,Trimethoprim/sulfamethoxazole,28695,789,466,59.0621039290241,59.062103929024076,2.1316282072803006e-14,True
PER,Peru,Region of the Americas,2019,Genital,Neisseria gonorrhoeae,Azithromycin,115,115,10,8.69565217391304,8.695652173913043,-3.552713678800501e-15,True
PER,Peru,Region of the Americas,2019,Genital,Neisseria gonorrhoeae,Cefixime,115,115,0,0.0,0.0,0.0,True
PER,Peru,Region of the Americas,2019,Genital,Neisseria gonorrhoeae,Ceftriaxone,115,115,0,0.0,0.0,0.0,True
PER,Peru,Region of the Americas,2019,Genital,Neisseria gonorrhoeae,Ciprofloxacin,115,115,107,93.0434782608696,93.04347826086956,4.263256414560601e-14,True
PER,Peru,Region of the Americas,2019,Genital,Neisseria gonorrhoeae,Gentamicin,115,115,11,9.56521739130435,9.565217391304348,1.7763568394002505e-15,True
PER,Peru,Region of the Americas,2019,Genital,Neisseria gonorrhoeae,Spectinomycin,115,115,0,0.0,0.0,0.0,True
PHL,Philippines,Western Pacific Region,2017,Blood,Acinetobacter,Amikacin,5103,563,172,30.550621669627,30.550621669627,0.0,True
PHL,Philippines,Western Pacific Region,2017,Blood,Acinetobacter,Colistin,5103,431,13,3.01624129930394,3.0162412993039442,-4.440892098500626e-15,True
PHL,Philippines,Western Pacific Region,2017,Blood,Acinetobacter,Gentamicin,5103,913,320,35.0492880613363,35.049288061336256,4.263256414560601e-14,True
PHL,Philippines,Western Pacific Region,2017,Blood,Acinetobacter,Imipenem,5103,880,352,40.0,40.0,0.0,True
PHL,Philippines,Western Pacific Region,2017,Blood,Acinetobacter,Meropenem,5103,996,346,34.7389558232932,34.738955823293175,2.842170943040401e-14,True
PHL,Philippines,Western Pacific Region,2017,Blood,Acinetobacter,Minocycline,5103,107,8,7.47663551401869,7.476635514018691,-8.881784197001252e-16,True
PHL,Philippines,Western Pacific Region,2017,Blood,Escherichia coli,Ampicillin,5103,952,790,82.9831932773109,82.98319327731093,-2.842170943040401e-14,True
PHL,Philippines,Western Pacific Region,2017,Blood,Escherichia coli,Cefepime,5103,940,223,23.7234042553191,23.72340425531915,-4.973799150320701e-14,True
PHL,Philippines,Western Pacific Region,2017,Blood,Escherichia coli,Cefotaxime,5103,464,201,43.3189655172414,43.31896551724138,2.1316282072803006e-14,True
PHL,Philippines,Western Pacific Region,2017,Blood,Escherichia coli,Ceftazidime,5103,954,294,30.8176100628931,30.81761006289308,1.7763568394002505e-14,True
PHL,Philippines,Western Pacific Region,2017,Blood,Escherichia coli,Ceftriaxone,5103,953,358,37.5655823714585,37.56558237145855,-4.973799150320701e-14,True
PHL,Philippines,Western Pacific Region,2017,Blood,Escherichia coli,Ciprofloxacin,5103,947,359,37.909186906019,37.90918690601901,-7.105427357601002e-15,True
PHL,Philippines,Western Pacific Region,2017,Blood,Escherichia coli,Colistin,5103,233,2,0.858369098712446,0.8583690987124464,-3.3306690738754696e-16,True
PHL,Philippines,Western Pacific Region,2017,Blood,Escherichia coli,Doripenem,5103,11,0,0.0,0.0,0.0,True
PHL,Philippines,Western Pacific Region,2017,Blood,Escherichia coli,Ertapenem,5103,599,24,4.00667779632721,4.006677796327212,-1.7763568394002505e-15,True
PHL,Philippines,Western Pacific Region,2017,Blood,Escherichia coli,Imipenem,5103,923,44,4.7670639219935,4.7670639219935,0.0,True
PHL,Philippines,Western Pacific Region,2017,Blood,Escherichia coli,Levofloxacin,5103,361,134,37.1191135734072,37.119113573407205,-7.105427357601002e-15,True
PHL,Philippines,Western Pacific Region,2017,Blood,Escherichia coli,Meropenem,5103,996,46,4.61847389558233,4.618473895582329,8.881784197001252e-16,True
PHL,Philippines,Western Pacific Region,2017,Blood,Escherichia coli,Tinidazole,5103,464,201,43.3189655172414,43.31896551724138,2.1316282072803006e-14,True
PHL,Philippines,Western Pacific Region,2017,Blood,Escherichia coli,Trimethoprim/sulfamethoxazole,5103,924,559,60.4978354978355,60.497835497835496,7.105427357601002e-15,True
PHL,Philippines,Western Pacific Region,2017,Blood,Klebsiella pneumoniae,Cefepime,5103,1084,429,39.5756457564576,39.57564575645757,2.842170943040401e-14,True
PHL,Philippines,Western Pacific Region,2017,Blood,Klebsiella pneumoniae,Cefotaxime,5103,598,368,61.5384615384615,61.53846153846154,-4.263256414560601e-14,True
PHL,Philippines,Western Pacific Region,2017,Blood,Klebsiella pneumoniae,Ceftazidime,5103,1120,553,49.375,49.375,0.0,True
PHL,Philippines,Western Pacific Region,2017,Blood,Klebsiella pneumoniae,Ceftriaxone,5103,1112,584,52.5179856115108,52.51798561151079,1.4210854715202004e-14,True
PHL,Philippines,Western Pacific Region,2017,Blood,Klebsiella pneumoniae,Ciprofloxacin,5103,1037,231,22.2757955641273,22.27579556412729,1.0658141036401503e-14,True
PHL,Philippines,Western Pacific Region,2017,Blood,Klebsiella pneumoniae,Colistin,5103,311,8,2.57234726688103,2.572347266881029,8.881784197001252e-16,True
PHL,Philippines,Western Pacific Region,2017,Blood,Klebsiella pneumoniae,Doripenem,5103,11,1,9.09090909090909,9.090909090909092,-1.7763568394002505e-15,True
PHL,Philippines,Western Pacific Region,2017,Blood,Klebsiella pneumoniae,Ertapenem,5103,631,87,13.7876386687797,13.787638668779714,-1.4210854715202004e-14,True
PHL,Philippines,Western Pacific Region,2017,Blood,Klebsiella pneumoniae,Imipenem,5103,1044,175,16.7624521072797,16.762452107279692,7.105427357601002e-15,True
PHL,Philippines,Western Pacific Region,2017,Blood,Klebsiella pneumoniae,Levofloxacin,5103,444,76,17.1171171171171,17.117117117117118,-1.7763568394002505e-14,True
PHL,Philippines,Western Pacific Region,2017,Blood,Klebsiella pneumoniae,Trimethoprim/sulfamethoxazole,5103,1033,554,53.6302032913843,53.63020329138431,-1.4210854715202004e-14,True
PHL,Philippines,Western Pacific Region,2017,Blood,Salmonella,Cefotaxime,5103,194,8,4.12371134020619,4.123711340206185,4.440892098500626e-15,True
PHL,Philippines,Western Pacific Region,2017,Blood,Salmonella,Ceftazidime,5103,26,1,3.84615384615385,3.8461538461538463,3.552713678800501e-15,True
PHL,Philippines,Western Pacific Region,2017,Blood,Salmonella,Ceftriaxone,5103,247,6,2.42914979757085,2.42914979757085,0.0,True
PHL,Philippines,Western Pacific Region,2017,Blood,Salmonella,Ciprofloxacin,5103,231,11,4.76190476190476,4.761904761904762,-1.7763568394002505e-15,True
PHL,Philippines,Western Pacific Region,2017,Blood,Salmonella,Imipenem,5103,18,1,5.55555555555556,5.555555555555555,4.440892098500626e-15,True
PHL,Philippines,Western Pacific Region,2017,Blood,Salmonella,Levofloxacin,5103,107,3,2.80373831775701,2.803738317757009,8.881784197001252e-16,True
PHL,Philippines,Western Pacific Region,2017,Blood,Staphylococcus aureus,Meticillin,5103,702,408,58.1196581196581,58.119658119658126,-2.842170943040401e-14,True
PHL,Philippines,Western Pacific Region,2017,Blood,Streptococcus pneumoniae,Benzylpenicillin,5103,117,14,11.965811965812,11.965811965811966,3.375077994860476e-14,True
PHL,Philippines,Western Pacific Region,2017,Blood,Streptococcus pneumoniae,Trimethoprim/sulfamethoxazole,5103,124,7,5.64516129032258,5.64516129032258,0.0,True
PHL,Philippines,Western Pacific Region,2017,Genital,Neisseria gonorrhoeae,Azithromycin,119,18,0,0.0,0.0,0.0,True
PHL,Philippines,Western Pacific Region,2017,Genital,Neisseria gonorrhoeae,Cefixime,119,116,1,0.862068965517241,0.8620689655172413,-3.3306690738754696e-16,True
PHL,Philippines,Western Pacific Region,2017,Genital,Neisseria gonorrhoeae,Ceftriaxone,119,116,1,0.862068965517241,0.8620689655172413,-3.3306690738754696e-16,True
PHL,Philippines,Western Pacific Region,2017,Genital,Neisseria gonorrhoeae,Ciprofloxacin,119,116,80,68.9655172413793,68.96551724137932,-1.4210854715202004e-14,True
PHL,Philippines,Western Pacific Region,2017,Genital,Neisseria gonorrhoeae,Spectinomycin,119,107,1,0.934579439252336,0.9345794392523363,-3.3306690738754696e-16,True
PHL,Philippines,Western Pacific Region,2017,Stool,Salmonella,Cefotaxime,62,32,4,12.5,12.5,0.0,True
PHL,Philippines,Western Pacific Region,2017,Stool,Salmonella,Ceftriaxone,62,34,3,8.82352941176471,8.823529411764707,3.552713678800501e-15,True
PHL,Philippines,Western Pacific Region,2017,Stool,Salmonella,Ciprofloxacin,62,37,0,0.0,0.0,0.0,True
PHL,Philippines,Western Pacific Region,2017,Stool,Shigella,Ciprofloxacin,62,20,0,0.0,0.0,0.0,True
PHL,Philippines,Western Pacific Region,2017,Urine,Escherichia coli,Ampicillin,6689,4020,3357,83.5074626865672,83.50746268656717,2.842170943040401e-14,True
PHL,Philippines,Western Pacific Region,2017,Urine,Escherichia coli,Cefepime,6689,3790,1048,27.6517150395778,27.651715039577834,-3.197442310920451e-14,True
PHL,Philippines,Western Pacific Region,2017,Urine,Escherichia coli,Cefotaxime,6689,2164,1012,46.7652495378928,46.76524953789279,7.105427357601002e-15,True
PHL,Philippines,Western Pacific Region,2017,Urine,Escherichia coli,Ceftazidime,6689,3785,1330,35.1387054161163,35.13870541611625,4.973799150320701e-14,True
PHL,Philippines,Western Pacific Region,2017,Urine,Escherichia coli,Ceftriaxone,6689,3921,1675,42.7186942106605,42.718694210660544,-4.263256414560601e-14,True
PHL,Philippines,Western Pacific Region,2017,Urine,Escherichia coli,Ciprofloxacin,6689,3926,1817,46.2812022414671,46.28120224146714,-4.263256414560601e-14,True
PHL,Philippines,Western Pacific Region,2017,Urine,Escherichia coli,Colistin,6689,795,7,0.880503144654088,0.8805031446540881,-1.1102230246251565e-16,True
PHL,Philippines,Western Pacific Region,2017,Urine,Escherichia coli,Doripenem,6689,115,0,0.0,0.0,0.0,True
PHL,Philippines,Western Pacific Region,2017,Urine,Escherichia coli,Ertapenem,6689,2458,67,2.72579332790887,2.7257933279088693,8.881784197001252e-16,True
PHL,Philippines,Western Pacific Region,2017,Urine,Escherichia coli,Imipenem,6689,3882,168,4.32766615146832,4.327666151468315,5.329070518200751e-15,True
PHL,Philippines,Western Pacific Region,2017,Urine,Escherichia coli,Levofloxacin,6689,1732,748,43.1870669745958,43.187066974595844,-4.263256414560601e-14,True
PHL,Philippines,Western Pacific Region,2017,Urine,Escherichia coli,Meropenem,6689,4164,179,4.29875120076849,4.298751200768492,-1.7763568394002505e-15,True
PHL,Philippines,Western Pacific Region,2017,Urine,Escherichia coli,Trimethoprim/sulfamethoxazole,6689,3866,2428,62.8039317123642,62.803931712364204,-7.105427357601002e-15,True
PHL,Philippines,Western Pacific Region,2017,Urine,Klebsiella pneumoniae,Cefepime,6689,1664,767,46.09375,46.09375,0.0,True
PHL,Philippines,Western Pacific Region,2017,Urine,Klebsiella pneumoniae,Cefotaxime,6689,846,525,62.0567375886525,62.056737588652474,2.842170943040401e-14,True
PHL,Philippines,Western Pacific Region,2017,Urine,Klebsiella pneumoniae,Ceftazidime,6689,1685,962,57.0919881305638,57.0919881305638,0.0,True
PHL,Philippines,Western Pacific Region,2017,Urine,Klebsiella pneumoniae,Ceftriaxone,6689,1710,1035,60.5263157894737,60.526315789473685,1.4210854715202004e-14,True
PHL,Philippines,Western Pacific Region,2017,Urine,Klebsiella pneumoniae,Ciprofloxacin,6689,1677,676,40.3100775193798,40.310077519379846,-4.263256414560601e-14,True
PHL,Philippines,Western Pacific Region,2017,Urine,Klebsiella pneumoniae,Colistin,6689,464,7,1.50862068965517,1.5086206896551724,-2.4424906541753444e-15,True
PHL,Philippines,Western Pacific Region,2017,Urine,Klebsiella pneumoniae,Doripenem,6689,49,1,2.04081632653061,2.0408163265306123,-2.220446049250313e-15,True
PHL,Philippines,Western Pacific Region,2017,Urine,Klebsiella pneumoniae,Ertapenem,6689,1062,130,12.241054613936,12.24105461393597,3.019806626980426e-14,True
PHL,Philippines,Western Pacific Region,2017,Urine,Klebsiella pneumoniae,Imipenem,6689,1632,278,17.0343137254902,17.034313725490197,3.552713678800501e-15,True
PHL,Philippines,Western Pacific Region,2017,Urine,Klebsiella pneumoniae,Levofloxacin,6689,754,276,36.604774535809,36.60477453580902,-2.1316282072803006e-14,True
PHL,Philippines,Western Pacific Region,2017,Urine,Klebsiella pneumoniae,Trimethoprim/sulfamethoxazole,6689,1620,1018,62.8395061728395,62.839506172839506,-7.105427357601002e-15,True
PHL,Philippines,Western Pacific Region,2018,Blood,Acinetobacter,Amikacin,5595,664,148,22.289156626506,22.289156626506024,-2.4868995751603507e-14,True
PHL,Philippines,Western Pacific Region,2018,Blood,Acinetobacter,Colistin,5595,408,5,1.22549019607843,1.2254901960784315,-1.5543122344752192e-15,True
PHL,Philippines,Western Pacific Region,2018,Blood,Acinetobacter,Gentamicin,5595,939,297,31.629392971246,31.629392971246006,-7.105427357601002e-15,True
PHL,Philippines,Western Pacific Region,2018,Blood,Acinetobacter,Imipenem,5595,785,270,34.3949044585987,34.394904458598724,-2.1316282072803006e-14,True
PHL,Philippines,Western Pacific Region,2018,Blood,Acinetobacter,Meropenem,5595,896,322,35.9375,35.9375,0.0,True
PHL,Philippines,Western Pacific Region,2018,Blood,Acinetobacter,Minocycline,5595,207,6,2.89855072463768,2.898550724637681,-1.3322676295501878e-15,True
PHL,Philippines,Western Pacific Region,2018,Blood,Escherichia coli,Ampicillin,5595,1135,904,79.647577092511,79.64757709251101,-1.4210854715202004e-14,True
PHL,Philippines,Western Pacific Region,2018,Blood,Escherichia coli,Cefepime,5595,1156,235,20.3287197231834,20.32871972318339,1.0658141036401503e-14,True
PHL,Philippines,Western Pacific Region,2018,Blood,Escherichia coli,Cefotaxime,5595,602,245,40.6976744186046,40.69767441860465,-4.973799150320701e-14,True
PHL,Philippines,Western Pacific Region,2018,Blood,Escherichia coli,Ceftazidime,5595,1175,308,26.2127659574468,26.21276595744681,-1.0658141036401503e-14,True
PHL,Philippines,Western Pacific Region,2018,Blood,Escherichia coli,Ceftriaxone,5595,1191,403,33.8371116708648,33.837111670864815,-1.4210854715202004e-14,True
PHL,Philippines,Western Pacific Region,2018,Blood,Escherichia coli,Ciprofloxacin,5595,1151,393,34.1442224152911,34.144222415291054,4.263256414560601e-14,True
PHL,Philippines,Western Pacific Region,2018,Blood,Escherichia coli,Colistin,5595,332,1,0.301204819277108,0.30120481927710846,-4.440892098500626e-16,True
PHL,Philippines,Western Pacific Region,2018,Blood,Escherichia coli,Doripenem,5595,12,1,8.33333333333333,8.333333333333332,-1.7763568394002505e-15,True
PHL,Philippines,Western Pacific Region,2018,Blood,Escherichia coli,Ertapenem,5595,846,24,2.83687943262411,2.8368794326241136,-3.552713678800501e-15,True
PHL,Philippines,Western Pacific Region,2018,Blood,Escherichia coli,Imipenem,5595,987,36,3.64741641337386,3.64741641337386,0.0,True
PHL,Philippines,Western Pacific Region,2018,Blood,Escherichia coli,Levofloxacin,5595,484,180,37.1900826446281,37.1900826446281,0.0,True
PHL,Philippines,Western Pacific Region,2018,Blood,Escherichia coli,Meropenem,5595,1160,44,3.79310344827586,3.793103448275862,-2.220446049250313e-15,True
PHL,Philippines,Western Pacific Region,2018,Blood,Escherichia coli,Tinidazole,5595,602,245,40.6976744186046,40.69767441860465,-4.973799150320701e-14,True
PHL,Philippines,Western Pacific Region,2018,Blood,Escherichia coli,Trimethoprim/sulfamethoxazole,5595,1121,722,64.4067796610169,64.40677966101694,-4.263256414560601e-14,True
PHL,Philippines,Western Pacific Region,2018,Blood,Klebsiella pneumoniae,Cefepime,5595,1244,548,44.0514469453376,44.05144694533762,-1.4210854715202004e-14,True
PHL,Philippines,Western Pacific Region,2018,Blood,Klebsiella pneumoniae,Cefotaxime,5595,726,418,57.5757575757576,57.57575757575758,2.1316282072803006e-14,True
PHL,Philippines,Western Pacific Region,2018,Blood,Klebsiella pneumoniae,Ceftazidime,5595,1227,623,50.7742461287693,50.77424612876935,-4.973799150320701e-14,True
PHL,Philippines,Western Pacific Region,2018,Blood,Klebsiella pneumoniae,Ceftriaxone,5595,1235,680,55.0607287449393,55.06072874493927,2.842170943040401e-14,True
PHL,Philippines,Western Pacific Region,2018,Blood,Klebsiella pneumoniae,Ciprofloxacin,5595,1197,289,24.1436925647452,24.143692564745194,7.105427357601002e-15,True
PHL,Philippines,Western Pacific Region,2018,Blood,Klebsiella pneumoniae,Colistin,5595,332,5,1.50602409638554,1.5060240963855422,-2.220446049250313e-15,True
PHL,Philippines,Western Pacific Region,2018,Blood,Klebsiella pneumoniae,Doripenem,5595,14,3,21.4285714285714,21.428571428571427,-2.842170943040401e-14,True
PHL,Philippines,Western Pacific Region,2018,Blood,Klebsiella pneumoniae,Ertapenem,5595,756,90,11.9047619047619,11.904761904761903,-3.552713678800501e-15,True
PHL,Philippines,Western Pacific Region,2018,Blood,Klebsiella pneumoniae,Imipenem,5595,1035,149,14.3961352657005,14.396135265700483,1.7763568394002505e-14,True
PHL,Philippines,Western Pacific Region,2018,Blood,Klebsiella pneumoniae,Levofloxacin,5595,576,119,20.6597222222222,20.65972222222222,-2.1316282072803006e-14,True
PHL,Philippines,Western Pacific Region,2018,Blood,Klebsiella pneumoniae,Trimethoprim/sulfamethoxazole,5595,1161,655,56.4168819982773,56.41688199827735,-4.973799150320701e-14,True
PHL,Philippines,Western Pacific Region,2018,Blood,Salmonella,Cefotaxime,5595,150,5,3.33333333333333,3.3333333333333335,-3.552713678800501e-15,True
PHL,Philippines,Western Pacific Region,2018,Blood,Salmonella,Ceftazidime,5595,15,0,0.0,0.0,0.0,True
PHL,Philippines,Western Pacific Region,2018,Blood,Salmonella,Ceftriaxone,5595,204,6,2.94117647058824,2.941176470588235,4.884981308350689e-15,True
PHL,Philippines,Western Pacific Region,2018,Blood,Salmonella,Ciprofloxacin,5595,199,6,3.01507537688442,3.015075376884422,-1.7763568394002505e-15,True
PHL,Philippines,Western Pacific Region,2018,Blood,Salmonella,Imipenem,5595,12,0,0.0,0.0,0.0,True
PHL,Philippines,Western Pacific Region,2018,Blood,Salmonella,Levofloxacin,5595,11,0,0.0,0.0,0.0,True
PHL,Philippines,Western Pacific Region,2018,Blood,Staphylococcus aureus,Meticillin,5595,1446,818,56.5698478561549,56.56984785615491,-7.105427357601002e-15,True
PHL,Philippines,Western Pacific Region,2018,Blood,Streptococcus pneumoniae,Benzylpenicillin,5595,123,18,14.6341463414634,14.634146341463413,-1.4210854715202004e-14,True
PHL,Philippines,Western Pacific Region,2018,Blood,Streptococcus pneumoniae,Trimethoprim/sulfamethoxazole,5595,151,21,13.9072847682119,13.90728476821192,-1.9539925233402755e-14,True
PHL,Philippines,Western Pacific Region,2018,Genital,Neisseria gonorrhoeae,Azithromycin,103,48,0,0.0,0.0,0.0,True
PHL,Philippines,Western Pacific Region,2018,Genital,Neisseria gonorrhoeae,Cefixime,103,95,4,4.21052631578947,4.2105263157894735,-3.552713678800501e-15,True
PHL,Philippines,Western Pacific Region,2018,Genital,Neisseria gonorrhoeae,Ceftriaxone,103,99,4,4.04040404040404,4.040404040404041,-8.881784197001252e-16,True
PHL,Philippines,Western Pacific Region,2018,Genital,Neisseria gonorrhoeae,Ciprofloxacin,103,100,80,80.0,80.0,0.0,True
PHL,Philippines,Western Pacific Region,2018,Genital,Neisseria gonorrhoeae,Spectinomycin,103,47,0,0.0,0.0,0.0,True
PHL,Philippines,Western Pacific Region,2018,Stool,Salmonella,Cefotaxime,67,32,4,12.5,12.5,0.0,True
PHL,Philippines,Western Pacific Region,2018,Stool,Salmonella,Ceftriaxone,67,36,4,11.1111111111111,11.11111111111111,-1.0658141036401503e-14,True
PHL,Philippines,Western Pacific Region,2018,Stool,Salmonella,Ciprofloxacin,67,43,0,0.0,0.0,0.0,True
PHL,Philippines,Western Pacific Region,2018,Stool,Shigella,Ciprofloxacin,67,20,0,0.0,0.0,0.0,True
PHL,Philippines,Western Pacific Region,2018,Urine,Escherichia coli,Ampicillin,8074,4770,3904,81.8448637316562,81.84486373165618,2.842170943040401e-14,True
PHL,Philippines,Western Pacific Region,2018,Urine,Escherichia coli,Cefepime,8074,4884,1270,26.003276003276,26.003276003276003,-3.552713678800501e-15,True
PHL,Philippines,Western Pacific Region,2018,Urine,Escherichia coli,Cefotaxime,8074,2741,1262,46.0415906603429,46.04159066034294,-4.263256414560601e-14,True
PHL,Philippines,Western Pacific Region,2018,Urine,Escherichia coli,Ceftazidime,8074,4995,1631,32.6526526526527,32.652652652652655,4.263256414560601e-14,True
PHL,Philippines,Western Pacific Region,2018,Urine,Escherichia coli,Ceftriaxone,8074,5046,2078,41.1811335711455,41.18113357114546,4.263256414560601e-14,True
PHL,Philippines,Western Pacific Region,2018,Urine,Escherichia coli,Ciprofloxacin,8074,4794,2182,45.5152273675428,45.51522736754276,4.263256414560601e-14,True
PHL,Philippines,Western Pacific Region,2018,Urine,Escherichia coli,Colistin,8074,1097,11,1.00273473108478,1.0027347310847767,3.3306690738754696e-15,True
PHL,Philippines,Western Pacific Region,2018,Urine,Escherichia coli,Doripenem,8074,122,3,2.45901639344262,2.459016393442623,-3.1086244689504383e-15,True
PHL,Philippines,Western Pacific Region,2018,Urine,Escherichia coli,Ertapenem,8074,3823,145,3.79283285377975,3.792832853779754,-3.9968028886505635e-15,True
PHL,Philippines,Western Pacific Region,2018,Urine,Escherichia coli,Imipenem,8074,4207,187,4.44497266460661,4.444972664606608,1.7763568394002505e-15,True
PHL,Philippines,Western Pacific Region,2018,Urine,Escherichia coli,Levofloxacin,8074,2271,973,42.8445618670189,42.84456186701893,-2.842170943040401e-14,True
PHL,Philippines,Western Pacific Region,2018,Urine,Escherichia coli,Meropenem,8074,4962,225,4.53446191051995,4.534461910519952,-1.7763568394002505e-15,True
PHL,Philippines,Western Pacific Region,2018,Urine,Escherichia coli,Trimethoprim/sulfamethoxazole,8074,4894,3003,61.3608500204332,61.36085002043319,7.105427357601002e-15,True
PHL,Philippines,Western Pacific Region,2018,Urine,Klebsiella pneumoniae,Cefepime,8074,1921,859,44.7162935970848,44.71629359708485,-4.973799150320701e-14,True
PHL,Philippines,Western Pacific Region,2018,Urine,Klebsiella pneumoniae,Cefotaxime,8074,1032,635,61.531007751938,61.531007751937985,1.4210854715202004e-14,True
PHL,Philippines,Western Pacific Region,2018,Urine,Klebsiella pneumoniae,Ceftazidime,8074,1913,1036,54.1557762676424,54.155776267642445,-4.263256414560601e-14,True
PHL,Philippines,Western Pacific Region,2018,Urine,Klebsiella pneumoniae,Ceftriaxone,8074,1969,1114,56.5769426104622,56.57694261046217,2.842170943040401e-14,True
PHL,Philippines,Western Pacific Region,2018,Urine,Klebsiella pneumoniae,Ciprofloxacin,8074,1895,678,35.778364116095,35.778364116094984,1.4210854715202004e-14,True
PHL,Philippines,Western Pacific Region,2018,Urine,Klebsiella pneumoniae,Colistin,8074,517,7,1.35396518375242,1.3539651837524178,2.220446049250313e-15,True
PHL,Philippines,Western Pacific Region,2018,Urine,Klebsiella pneumoniae,Doripenem,8074,42,3,7.14285714285714,7.142857142857142,-2.6645352591003757e-15,True
PHL,Philippines,Western Pacific Region,2018,Urine,Klebsiella pneumoniae,Ertapenem,8074,1410,160,11.3475177304965,11.347517730496454,4.618527782440651e-14,True
PHL,Philippines,Western Pacific Region,2018,Urine,Klebsiella pneumoniae,Imipenem,8074,1661,236,14.2083082480433,14.208308248043346,-4.618527782440651e-14,True
PHL,Philippines,Western Pacific Region,2018,Urine,Klebsiella pneumoniae,Levofloxacin,8074,1105,353,31.9457013574661,31.94570135746606,3.907985046680551e-14,True
PHL,Philippines,Western Pacific Region,2018,Urine,Klebsiella pneumoniae,Trimethoprim/sulfamethoxazole,8074,1887,1137,60.2543720190779,60.254372019077906,-7.105427357601002e-15,True
PHL,Philippines,Western Pacific Region,2019,Blood,Acinetobacter,Amikacin,6468,731,161,22.0246238030096,22.024623803009575,2.4868995751603507e-14,True
PHL,Philippines,Western Pacific Region,2019,Blood,Acinetobacter,Colistin,6468,513,13,2.53411306042885,2.53411306042885,0.0,True
PHL,Philippines,Western Pacific Region,2019,Blood,Acinetobacter,Doripenem,6468,52,17,32.6923076923077,32.69230769230769,7.105427357601002e-15,True
PHL,Philippines,Western Pacific Region,2019,Blood,Acinetobacter,Gentamicin,6468,1104,331,29.981884057971,29.981884057971016,-1.4210854715202004e-14,True
PHL,Philippines,Western Pacific Region,2019,Blood,Acinetobacter,Imipenem,6468,1010,338,33.4653465346535,33.46534653465347,2.842170943040401e-14,True
PHL,Philippines,Western Pacific Region,2019,Blood,Acinetobacter,Meropenem,6468,1180,381,32.2881355932203,32.28813559322034,-4.263256414560601e-14,True
PHL,Philippines,Western Pacific Region,2019,Blood,Acinetobacter,Minocycline,6468,295,4,1.35593220338983,1.3559322033898304,-4.440892098500626e-16,True
PHL,Philippines,Western Pacific Region,2019,Blood,Escherichia coli,Ampicillin,6468,1356,1113,82.0796460176991,82.07964601769912,-1.4210854715202004e-14,True
PHL,Philippines,Western Pacific Region,2019,Blood,Escherichia coli,Cefepime,6468,1353,345,25.4988913525499,25.49889135254989,1.0658141036401503e-14,True
PHL,Philippines,Western Pacific Region,2019,Blood,Escherichia coli,Cefotaxime,6468,750,293,39.0666666666667,39.06666666666666,3.552713678800501e-14,True
PHL,Philippines,Western Pacific Region,2019,Blood,Escherichia coli,Ceftazidime,6468,1365,429,31.4285714285714,31.428571428571427,-2.842170943040401e-14,True
PHL,Philippines,Western Pacific Region,2019,Blood,Escherichia coli,Ceftriaxone,6468,1350,539,39.9259259259259,39.925925925925924,-2.1316282072803006e-14,True
PHL,Philippines,Western Pacific Region,2019,Blood,Escherichia coli,Ciprofloxacin,6468,1349,597,44.2550037064492,44.25500370644922,-2.1316282072803006e-14,True
PHL,Philippines,Western Pacific Region,2019,Blood,Escherichia coli,Colistin,6468,330,4,1.21212121212121,1.2121212121212122,-2.220446049250313e-15,True
PHL,Philippines,Western Pacific Region,2019,Blood,Escherichia coli,Doripenem,6468,55,8,14.5454545454545,14.545454545454545,-4.440892098500626e-14,True
PHL,Philippines,Western Pacific Region,2019,Blood,Escherichia coli,Ertapenem,6468,1200,56,4.66666666666667,4.666666666666667,2.6645352591003757e-15,True
PHL,Philippines,Western Pacific Region,2019,Blood,Escherichia coli,Imipenem,6468,1206,71,5.88723051409619,5.887230514096186,4.440892098500626e-15,True
PHL,Philippines,Western Pacific Region,2019,Blood,Escherichia coli,Levofloxacin,6468,556,221,39.7482014388489,39.74820143884892,-2.1316282072803006e-14,True
PHL,Philippines,Western Pacific Region,2019,Blood,Escherichia coli,Meropenem,6468,1332,82,6.15615615615616,6.156156156156156,4.440892098500626e-15,True
PHL,Philippines,Western Pacific Region,2019,Blood,Escherichia coli,Tinidazole,6468,1350,539,39.9259259259259,39.925925925925924,-2.1316282072803006e-14,True
PHL,Philippines,Western Pacific Region,2019,Blood,Escherichia coli,Trimethoprim/sulfamethoxazole,6468,1319,781,59.2115238817286,59.21152388172858,2.1316282072803006e-14,True
PHL,Philippines,Western Pacific Region,2019,Blood,Klebsiella pneumoniae,Cefepime,6468,1509,629,41.6832339297548,41.683233929754806,-7.105427357601002e-15,True
PHL,Philippines,Western Pacific Region,2019,Blood,Klebsiella pneumoniae,Cefotaxime,6468,852,451,52.9342723004695,52.93427230046949,1.4210854715202004e-14,True
PHL,Philippines,Western Pacific Region,2019,Blood,Klebsiella pneumoniae,Ceftazidime,6468,1528,781,51.1125654450262,51.11256544502618,2.1316282072803006e-14,True
PHL,Philippines,Western Pacific Region,2019,Blood,Klebsiella pneumoniae,Ceftriaxone,6468,1533,827,53.9465101108937,53.946510110893676,2.1316282072803006e-14,True
PHL,Philippines,Western Pacific Region,2019,Blood,Klebsiella pneumoniae,Ciprofloxacin,6468,1486,717,48.250336473755,48.25033647375505,-4.973799150320701e-14,True
PHL,Philippines,Western Pacific Region,2019,Blood,Klebsiella pneumoniae,Colistin,6468,331,5,1.51057401812689,1.5105740181268883,1.7763568394002505e-15,True
PHL,Philippines,Western Pacific Region,2019,Blood,Klebsiella pneumoniae,Doripenem,6468,66,14,21.2121212121212,21.21212121212121,-1.0658141036401503e-14,True
PHL,Philippines,Western Pacific Region,2019,Blood,Klebsiella pneumoniae,Ertapenem,6468,1251,173,13.8289368505196,13.828936850519586,1.4210854715202004e-14,True
PHL,Philippines,Western Pacific Region,2019,Blood,Klebsiella pneumoniae,Imipenem,6468,1364,222,16.2756598240469,16.27565982404692,-1.7763568394002505e-14,True
PHL,Philippines,Western Pacific Region,2019,Blood,Klebsiella pneumoniae,Levofloxacin,6468,673,172,25.55720653789,25.557206537890043,-4.263256414560601e-14,True
PHL,Philippines,Western Pacific Region,2019,Blood,Klebsiella pneumoniae,Meropenem,6468,1475,263,17.8305084745763,17.83050847457627,2.842170943040401e-14,True
PHL,Philippines,Western Pacific Region,2019,Blood,Klebsiella pneumoniae,Trimethoprim/sulfamethoxazole,6468,1483,783,52.7983816587997,52.798381658799734,-3.552713678800501e-14,True
PHL,Philippines,Western Pacific Region,2019,Blood,Salmonella,Cefotaxime,6468,106,7,6.60377358490566,6.60377358490566,0.0,True
PHL,Philippines,Western Pacific Region,2019,Blood,Salmonella,Ceftazidime,6468,17,1,5.88235294117647,5.88235294117647,0.0,True
PHL,Philippines,Western Pacific Region,2019,Blood,Salmonella,Ceftriaxone,6468,251,1,0.398406374501992,0.398406374501992,0.0,True
PHL,Philippines,Western Pacific Region,2019,Blood,Salmonella,Ciprofloxacin,6468,241,4,1.6597510373444,1.6597510373443984,1.5543122344752192e-15,True
PHL,Philippines,Western Pacific Region,2019,Blood,Salmonella,Ertapenem,6468,10,0,0.0,0.0,0.0,True
PHL,Philippines,Western Pacific Region,2019,Blood,Salmonella,Imipenem,6468,18,0,0.0,0.0,0.0,True
PHL,Philippines,Western Pacific Region,2019,Blood,Salmonella,Levofloxacin,6468,23,1,4.34782608695652,4.3478260869565215,-1.7763568394002505e-15,True
PHL,Philippines,Western Pacific Region,2019,Blood,Salmonella,Meropenem,6468,14,0,0.0,0.0,0.0,True
PHL,Philippines,Western Pacific Region,2019,Blood,Staphylococcus aureus,Cefoxitin,6468,1086,552,50.828729281768,50.82872928176796,3.552713678800501e-14,True
PHL,Philippines,Western Pacific Region,2019,Blood,Staphylococcus aureus,Meticillin,6468,1696,863,50.8844339622642,50.884433962264154,4.263256414560601e-14,True
PHL,Philippines,Western Pacific Region,2019,Blood,Staphylococcus aureus,Oxacillin,6468,1696,863,50.8844339622642,50.884433962264154,4.263256414560601e-14,True
PHL,Philippines,Western Pacific Region,2019,Blood,Streptococcus pneumoniae,Benzylpenicillin,6468,130,18,13.8461538461538,13.846153846153847,-4.618527782440651e-14,True
PHL,Philippines,Western Pacific Region,2019,Blood,Streptococcus pneumoniae,Ceftriaxone,6468,26,1,3.84615384615385,3.8461538461538463,3.552713678800501e-15,True
PHL,Philippines,Western Pacific Region,2019,Blood,Streptococcus pneumoniae,Oxacillin,6468,43,4,9.30232558139535,9.30232558139535,0.0,True
PHL,Philippines,Western Pacific Region,2019,Blood,Streptococcus pneumoniae,Trimethoprim/sulfamethoxazole,6468,143,19,13.2867132867133,13.286713286713287,1.4210854715202004e-14,True
PHL,Philippines,Western Pacific Region,2019,Genital,Neisseria gonorrhoeae,Azithromycin,140,85,2,2.35294117647059,2.3529411764705883,1.7763568394002505e-15,True
PHL,Philippines,Western Pacific Region,2019,Genital,Neisseria gonorrhoeae,Cefixime,140,65,0,0.0,0.0,0.0,True
PHL,Philippines,Western Pacific Region,2019,Genital,Neisseria gonorrhoeae,Ceftriaxone,140,83,3,3.6144578313253,3.614457831325301,-8.881784197001252e-16,True
PHL,Philippines,Western Pacific Region,2019,Genital,Neisseria gonorrhoeae,Ciprofloxacin,140,128,102,79.6875,79.6875,0.0,True
PHL,Philippines,Western Pacific Region,2019,Genital,Neisseria gonorrhoeae,Spectinomycin,140,119,0,0.0,0.0,0.0,True
PHL,Philippines,Western Pacific Region,2019,Stool,Salmonella,Cefotaxime,77,17,2,11.7647058823529,11.76470588235294,-4.085620730620576e-14,True
PHL,Philippines,Western Pacific Region,2019,Stool,Salmonella,Ceftriaxone,77,39,3,7.69230769230769,7.6923076923076925,-2.6645352591003757e-15,True
PHL,Philippines,Western Pacific Region,2019,Stool,Salmonella,Ciprofloxacin,77,44,0,0.0,0.0,0.0,True
PHL,Philippines,Western Pacific Region,2019,Stool,Shigella,Azithromycin,77,15,6,40.0,40.0,0.0,True
PHL,Philippines,Western Pacific Region,2019,Stool,Shigella,Cefotaxime,77,11,1,9.09090909090909,9.090909090909092,-1.7763568394002505e-15,True
PHL,Philippines,Western Pacific Region,2019,Stool,Shigella,Ceftriaxone,77,31,2,6.45161290322581,6.451612903225806,3.552713678800501e-15,True
PHL,Philippines,Western Pacific Region,2019,Stool,Shigella,Ciprofloxacin,77,31,0,0.0,0.0,0.0,True
PHL,Philippines,Western Pacific Region,2019,Urine,Escherichia coli,Ampicillin,9132,5688,4586,80.6258790436006,80.62587904360056,4.263256414560601e-14,True
PHL,Philippines,Western Pacific Region,2019,Urine,Escherichia coli,Cefepime,9132,5682,1682,29.6022527279127,29.60225272791271,-1.0658141036401503e-14,True
PHL,Philippines,Western Pacific Region,2019,Urine,Escherichia coli,Cefotaxime,9132,3230,1464,45.3250773993808,45.3250773993808,0.0,True
PHL,Philippines,Western Pacific Region,2019,Urine,Escherichia coli,Ceftazidime,9132,5764,2052,35.6002775850104,35.60027758501041,-7.105427357601002e-15,True
PHL,Philippines,Western Pacific Region,2019,Urine,Escherichia coli,Ceftriaxone,9132,5765,2465,42.7580225498699,42.75802254986991,-7.105427357601002e-15,True
PHL,Philippines,Western Pacific Region,2019,Urine,Escherichia coli,Ciprofloxacin,9132,5721,2874,50.2359727320399,50.235972732039855,4.263256414560601e-14,True
PHL,Philippines,Western Pacific Region,2019,Urine,Escherichia coli,Colistin,9132,1101,5,0.454132606721163,0.4541326067211626,3.885780586188048e-16,True
PHL,Philippines,Western Pacific Region,2019,Urine,Escherichia coli,Doripenem,9132,205,15,7.31707317073171,7.317073170731707,3.552713678800501e-15,True
PHL,Philippines,Western Pacific Region,2019,Urine,Escherichia coli,Ertapenem,9132,5348,238,4.45026178010471,4.450261780104712,-1.7763568394002505e-15,True
PHL,Philippines,Western Pacific Region,2019,Urine,Escherichia coli,Imipenem,9132,5190,292,5.626204238921,5.626204238921002,-1.7763568394002505e-15,True
PHL,Philippines,Western Pacific Region,2019,Urine,Escherichia coli,Levofloxacin,9132,2421,1063,43.9074762494837,43.907476249483686,1.4210854715202004e-14,True
PHL,Philippines,Western Pacific Region,2019,Urine,Escherichia coli,Meropenem,9132,5717,343,5.99965016617107,5.999650166171069,8.881784197001252e-16,True
PHL,Philippines,Western Pacific Region,2019,Urine,Escherichia coli,Trimethoprim/sulfamethoxazole,9132,5642,3396,60.1914214817441,60.191421481744065,3.552713678800501e-14,True
PHL,Philippines,Western Pacific Region,2019,Urine,Klebsiella pneumoniae,Cefepime,9132,2391,1041,43.5382685069009,43.53826850690088,2.1316282072803006e-14,True
PHL,Philippines,Western Pacific Region,2019,Urine,Klebsiella pneumoniae,Cefotaxime,9132,1404,789,56.1965811965812,56.1965811965812,0.0,True
PHL,Philippines,Western Pacific Region,2019,Urine,Klebsiella pneumoniae,Ceftazidime,9132,2414,1281,53.0654515327258,53.065451532725774,2.842170943040401e-14,True
PHL,Philippines,Western Pacific Region,2019,Urine,Klebsiella pneumoniae,Ceftriaxone,9132,2406,1316,54.6965918536991,54.69659185369908,1.4210854715202004e-14,True
PHL,Philippines,Western Pacific Region,2019,Urine,Klebsiella pneumoniae,Ciprofloxacin,9132,2348,1336,56.8994889267462,56.899488926746166,3.552713678800501e-14,True
PHL,Philippines,Western Pacific Region,2019,Urine,Klebsiella pneumoniae,Colistin,9132,488,11,2.25409836065574,2.2540983606557377,2.220446049250313e-15,True
PHL,Philippines,Western Pacific Region,2019,Urine,Klebsiella pneumoniae,Doripenem,9132,91,26,28.5714285714286,28.57142857142857,3.197442310920451e-14,True
PHL,Philippines,Western Pacific Region,2019,Urine,Klebsiella pneumoniae,Ertapenem,9132,2054,260,12.6582278481013,12.658227848101266,3.375077994860476e-14,True
PHL,Philippines,Western Pacific Region,2019,Urine,Klebsiella pneumoniae,Imipenem,9132,2160,338,15.6481481481481,15.648148148148147,-4.618527782440651e-14,True
PHL,Philippines,Western Pacific Region,2019,Urine,Klebsiella pneumoniae,Levofloxacin,9132,1141,406,35.5828220858896,35.58282208588957,3.552713678800501e-14,True
PHL,Philippines,Western Pacific Region,2019,Urine,Klebsiella pneumoniae,Meropenem,9132,2351,411,17.4819225861336,17.48192258613356,3.907985046680551e-14,True
PHL,Philippines,Western Pacific Region,2019,Urine,Klebsiella pneumoniae,Trimethoprim/sulfamethoxazole,9132,2345,1353,57.6972281449893,57.697228144989346,-4.263256414560601e-14,True
PHL,Philippines,Western Pacific Region,2020,Blood,Acinetobacter,Amikacin,4276,452,76,16.8141592920354,16.8141592920354,0.0,True
PHL,Philippines,Western Pacific Region,2020,Blood,Acinetobacter,Colistin,4276,447,14,3.13199105145414,3.131991051454139,8.881784197001252e-16,True
PHL,Philippines,Western Pacific Region,2020,Blood,Acinetobacter,Gentamicin,4276,850,272,32.0,32.0,0.0,True
PHL,Philippines,Western Pacific Region,2020,Blood,Acinetobacter,Imipenem,4276,854,321,37.5878220140515,37.58782201405152,-2.1316282072803006e-14,True
PHL,Philippines,Western Pacific Region,2020,Blood,Acinetobacter,Meropenem,4276,844,309,36.6113744075829,36.611374407582936,-3.552713678800501e-14,True
PHL,Philippines,Western Pacific Region,2020,Blood,Acinetobacter,Minocycline,4276,248,0,0.0,0.0,0.0,True
PHL,Philippines,Western Pacific Region,2020,Blood,Escherichia coli,Ampicillin,4276,783,622,79.4380587484036,79.43805874840358,2.842170943040401e-14,True
PHL,Philippines,Western Pacific Region,2020,Blood,Escherichia coli,Cefepime,4276,786,152,19.3384223918575,19.338422391857506,-7.105427357601002e-15,True
PHL,Philippines,Western Pacific Region,2020,Blood,Escherichia coli,Cefotaxime,4276,452,161,35.6194690265487,35.61946902654867,2.842170943040401e-14,True
PHL,Philippines,Western Pacific Region,2020,Blood,Escherichia coli,Ceftazidime,4276,795,238,29.937106918239,29.937106918238992,7.105427357601002e-15,True
PHL,Philippines,Western Pacific Region,2020,Blood,Escherichia coli,Ceftriaxone,4276,800,282,35.25,35.25,0.0,True
PHL,Philippines,Western Pacific Region,2020,Blood,Escherichia coli,Ciprofloxacin,4276,784,327,41.7091836734694,41.70918367346938,1.4210854715202004e-14,True
PHL,Philippines,Western Pacific Region,2020,Blood,Escherichia coli,Colistin,4276,315,6,1.9047619047619,1.9047619047619049,-4.884981308350689e-15,True
PHL,Philippines,Western Pacific Region,2020,Blood,Escherichia coli,Doripenem,4276,89,8,8.98876404494382,8.98876404494382,0.0,True
PHL,Philippines,Western Pacific Region,2020,Blood,Escherichia coli,Ertapenem,4276,725,43,5.93103448275862,5.931034482758621,-8.881784197001252e-16,True
PHL,Philippines,Western Pacific Region,2020,Blood,Escherichia coli,Imipenem,4276,795,56,7.0440251572327,7.044025157232705,-4.440892098500626e-15,True
PHL,Philippines,Western Pacific Region,2020,Blood,Escherichia coli,Levofloxacin,4276,271,114,42.0664206642066,42.066420664206646,-4.263256414560601e-14,True
PHL,Philippines,Western Pacific Region,2020,Blood,Escherichia coli,Meropenem,4276,766,55,7.18015665796345,7.180156657963447,3.552713678800501e-15,True
PHL,Philippines,Western Pacific Region,2020,Blood,Escherichia coli,Tinidazole,4276,452,161,35.6194690265487,35.61946902654867,2.842170943040401e-14,True
PHL,Philippines,Western Pacific Region,2020,Blood,Escherichia coli,Trimethoprim/sulfamethoxazole,4276,794,473,59.5717884130982,59.57178841309824,-4.263256414560601e-14,True
PHL,Philippines,Western Pacific Region,2020,Blood,Klebsiella pneumoniae,Cefepime,4276,1120,413,36.875,36.875,0.0,True
PHL,Philippines,Western Pacific Region,2020,Blood,Klebsiella pneumoniae,Cefotaxime,4276,616,333,54.0584415584416,54.05844155844156,4.263256414560601e-14,True
PHL,Philippines,Western Pacific Region,2020,Blood,Klebsiella pneumoniae,Ceftazidime,4276,1128,538,47.6950354609929,47.695035460992905,-7.105427357601002e-15,True
PHL,Philippines,Western Pacific Region,2020,Blood,Klebsiella pneumoniae,Ceftriaxone,4276,1143,604,52.843394575678,52.84339457567804,-4.263256414560601e-14,True
PHL,Philippines,Western Pacific Region,2020,Blood,Klebsiella pneumoniae,Ciprofloxacin,4276,1110,562,50.6306306306306,50.630630630630634,-3.552713678800501e-14,True
PHL,Philippines,Western Pacific Region,2020,Blood,Klebsiella pneumoniae,Colistin,4276,488,23,4.71311475409836,4.713114754098361,-8.881784197001252e-16,True
PHL,Philippines,Western Pacific Region,2020,Blood,Klebsiella pneumoniae,Doripenem,4276,100,22,22.0,22.0,0.0,True
PHL,Philippines,Western Pacific Region,2020,Blood,Klebsiella pneumoniae,Ertapenem,4276,964,162,16.804979253112,16.804979253112034,-3.552713678800501e-14,True
PHL,Philippines,Western Pacific Region,2020,Blood,Klebsiella pneumoniae,Imipenem,4276,1133,235,20.7413945278023,20.741394527802296,3.552713678800501e-15,True
PHL,Philippines,Western Pacific Region,2020,Blood,Klebsiella pneumoniae,Levofloxacin,4276,380,96,25.2631578947368,25.263157894736842,-4.263256414560601e-14,True
PHL,Philippines,Western Pacific Region,2020,Blood,Klebsiella pneumoniae,Trimethoprim/sulfamethoxazole,4276,1108,563,50.812274368231,50.812274368231044,-4.263256414560601e-14,True
PHL,Philippines,Western Pacific Region,2020,Blood,Salmonella,Cefotaxime,4276,85,2,2.35294117647059,2.3529411764705883,1.7763568394002505e-15,True
PHL,Philippines,Western Pacific Region,2020,Blood,Salmonella,Ceftazidime,4276,11,0,0.0,0.0,0.0,True
PHL,Philippines,Western Pacific Region,2020,Blood,Salmonella,Ceftriaxone,4276,128,3,2.34375,2.34375,0.0,True
PHL,Philippines,Western Pacific Region,2020,Blood,Salmonella,Ciprofloxacin,4276,127,4,3.1496062992126,3.149606299212598,1.7763568394002505e-15,True
PHL,Philippines,Western Pacific Region,2020,Blood,Salmonella,Imipenem,4276,12,0,0.0,0.0,0.0,True
PHL,Philippines,Western Pacific Region,2020,Blood,Salmonella,Levofloxacin,4276,16,3,18.75,18.75,0.0,True
PHL,Philippines,Western Pacific Region,2020,Blood,Staphylococcus aureus,Meticillin,4276,1160,530,45.6896551724138,45.689655172413794,7.105427357601002e-15,True
PHL,Philippines,Western Pacific Region,2020,Blood,Streptococcus pneumoniae,Benzylpenicillin,4276,37,5,13.5135135135135,13.513513513513514,-1.4210854715202004e-14,True
PHL,Philippines,Western Pacific Region,2020,Blood,Streptococcus pneumoniae,Trimethoprim/sulfamethoxazole,4276,42,9,21.4285714285714,21.428571428571427,-2.842170943040401e-14,True
PHL,Philippines,Western Pacific Region,2020,Genital,Neisseria gonorrhoeae,Azithromycin,44,32,0,0.0,0.0,0.0,True
PHL,Philippines,Western Pacific Region,2020,Genital,Neisseria gonorrhoeae,Cefixime,44,25,0,0.0,0.0,0.0,True
PHL,Philippines,Western Pacific Region,2020,Genital,Neisseria gonorrhoeae,Ceftriaxone,44,41,0,0.0,0.0,0.0,True
PHL,Philippines,Western Pacific Region,2020,Genital,Neisseria gonorrhoeae,Ciprofloxacin,44,39,34,87.1794871794872,87.17948717948718,1.4210854715202004e-14,True
PHL,Philippines,Western Pacific Region,2020,Genital,Neisseria gonorrhoeae,Spectinomycin,44,16,0,0.0,0.0,0.0,True
PHL,Philippines,Western Pacific Region,2020,Stool,Salmonella,Cefotaxime,43,18,1,5.55555555555556,5.555555555555555,4.440892098500626e-15,True
PHL,Philippines,Western Pacific Region,2020,Stool,Salmonella,Ceftriaxone,43,27,1,3.7037037037037,3.7037037037037033,-3.1086244689504383e-15,True
PHL,Philippines,Western Pacific Region,2020,Stool,Salmonella,Ciprofloxacin,43,33,1,3.03030303030303,3.0303030303030303,-4.440892098500626e-16,True
PHL,Philippines,Western Pacific Region,2020,Stool,Shigella,Ciprofloxacin,43,10,1,10.0,10.0,0.0,True
PHL,Philippines,Western Pacific Region,2020,Urine,Escherichia coli,Ampicillin,4560,2865,2358,82.303664921466,82.30366492146597,2.842170943040401e-14,True
PHL,Philippines,Western Pacific Region,2020,Urine,Escherichia coli,Cefepime,4560,2834,770,27.1700776287932,27.170077628793226,-2.4868995751603507e-14,True
PHL,Philippines,Western Pacific Region,2020,Urine,Escherichia coli,Cefotaxime,4560,1582,740,46.7762326169406,46.77623261694058,1.4210854715202004e-14,True
PHL,Philippines,Western Pacific Region,2020,Urine,Escherichia coli,Ceftazidime,4560,2896,1032,35.6353591160221,35.635359116022094,7.105427357601002e-15,True
PHL,Philippines,Western Pacific Region,2020,Urine,Escherichia coli,Ceftriaxone,4560,2931,1292,44.0805185943364,44.080518594336404,-7.105427357601002e-15,True
PHL,Philippines,Western Pacific Region,2020,Urine,Escherichia coli,Ciprofloxacin,4560,2862,1449,50.6289308176101,50.62893081761006,3.552713678800501e-14,True
PHL,Philippines,Western Pacific Region,2020,Urine,Escherichia coli,Colistin,4560,1080,21,1.94444444444444,1.9444444444444444,-4.440892098500626e-15,True
PHL,Philippines,Western Pacific Region,2020,Urine,Escherichia coli,Doripenem,4560,189,13,6.87830687830688,6.878306878306878,1.7763568394002505e-15,True
PHL,Philippines,Western Pacific Region,2020,Urine,Escherichia coli,Ertapenem,4560,2665,196,7.35459662288931,7.354596622889306,3.552713678800501e-15,True
PHL,Philippines,Western Pacific Region,2020,Urine,Escherichia coli,Imipenem,4560,2888,258,8.93351800554017,8.933518005540165,5.329070518200751e-15,True
PHL,Philippines,Western Pacific Region,2020,Urine,Escherichia coli,Levofloxacin,4560,1043,529,50.71907957814,50.71907957813998,1.4210854715202004e-14,True
PHL,Philippines,Western Pacific Region,2020,Urine,Escherichia coli,Meropenem,4560,2831,259,9.14871070293183,9.148710702931826,3.552713678800501e-15,True
PHL,Philippines,Western Pacific Region,2020,Urine,Escherichia coli,Trimethoprim/sulfamethoxazole,4560,2890,1709,59.1349480968858,59.13494809688581,-7.105427357601002e-15,True
PHL,Philippines,Western Pacific Region,2020,Urine,Klebsiella pneumoniae,Cefepime,4560,1407,593,42.1464108031272,42.146410803127225,-2.1316282072803006e-14,True
PHL,Philippines,Western Pacific Region,2020,Urine,Klebsiella pneumoniae,Cefotaxime,4560,700,398,56.8571428571429,56.85714285714286,3.552713678800501e-14,True
PHL,Philippines,Western Pacific Region,2020,Urine,Klebsiella pneumoniae,Ceftazidime,4560,1444,807,55.8864265927978,55.88642659279779,7.105427357601002e-15,True
PHL,Philippines,Western Pacific Region,2020,Urine,Klebsiella pneumoniae,Ceftriaxone,4560,1458,871,59.7393689986283,59.739368998628265,3.552713678800501e-14,True
PHL,Philippines,Western Pacific Region,2020,Urine,Klebsiella pneumoniae,Ciprofloxacin,4560,1423,831,58.3977512297962,58.3977512297962,0.0,True
PHL,Philippines,Western Pacific Region,2020,Urine,Klebsiella pneumoniae,Colistin,4560,605,51,8.4297520661157,8.429752066115702,-1.7763568394002505e-15,True
PHL,Philippines,Western Pacific Region,2020,Urine,Klebsiella pneumoniae,Doripenem,4560,102,9,8.82352941176471,8.823529411764707,3.552713678800501e-15,True
PHL,Philippines,Western Pacific Region,2020,Urine,Klebsiella pneumoniae,Ertapenem,4560,1263,217,17.181314330958,17.181314330958035,-3.552713678800501e-14,True
PHL,Philippines,Western Pacific Region,2020,Urine,Klebsiella pneumoniae,Imipenem,4560,1434,300,20.9205020920502,20.920502092050206,-7.105427357601002e-15,True
PHL,Philippines,Western Pacific Region,2020,Urine,Klebsiella pneumoniae,Levofloxacin,4560,545,232,42.5688073394495,42.56880733944954,-4.263256414560601e-14,True
PHL,Philippines,Western Pacific Region,2020,Urine,Klebsiella pneumoniae,Trimethoprim/sulfamethoxazole,4560,1425,819,57.4736842105263,57.47368421052632,-2.1316282072803006e-14,True
POL,Poland,European Region,2017,Blood,Escherichia coli,Tinidazole,6587,2866,478,16.6782972784368,16.678297278436848,-4.618527782440651e-14,True
POL,Poland,European Region,2017,Blood,Salmonella,Cefotaxime,6587,51,1,1.96078431372549,1.9607843137254901,-2.220446049250313e-16,True
POL,Poland,European Region,2017,Blood,Salmonella,Ceftazidime,6587,46,1,2.17391304347826,2.1739130434782608,-8.881784197001252e-16,True
POL,Poland,European Region,2017,Blood,Salmonella,Ciprofloxacin,6587,10,4,40.0,40.0,0.0,True
POL,Poland,European Region,2017,Blood,Salmonella,Imipenem,6587,48,0,0.0,0.0,0.0,True
POL,Poland,European Region,2017,Blood,Salmonella,Meropenem,6587,53,0,0.0,0.0,0.0,True
POL,Poland,European Region,2017,Blood,Staphylococcus aureus,Meticillin,6587,1805,274,15.180055401662,15.180055401662049,-4.796163466380676e-14,True
POL,Poland,European Region,2017,Stool,Salmonella,Cefotaxime,531,288,3,1.04166666666667,1.0416666666666665,3.552713678800501e-15,True
POL,Poland,European Region,2017,Stool,Salmonella,Ceftazidime,531,81,2,2.46913580246914,2.4691358024691357,4.440892098500626e-15,True
POL,Poland,European Region,2017,Stool,Salmonella,Ciprofloxacin,531,24,0,0.0,0.0,0.0,True
POL,Poland,European Region,2017,Stool,Salmonella,Ertapenem,531,81,0,0.0,0.0,0.0,True
POL,Poland,European Region,2017,Stool,Salmonella,Imipenem,531,45,0,0.0,0.0,0.0,True
POL,Poland,European Region,2017,Stool,Salmonella,Meropenem,531,44,0,0.0,0.0,0.0,True
POL,Poland,European Region,2018,Blood,Escherichia coli,Tinidazole,6477,2620,461,17.5954198473282,17.595419847328245,-4.618527782440651e-14,True
POL,Poland,European Region,2018,Blood,Salmonella,Cefotaxime,6477,38,0,0.0,0.0,0.0,True
POL,Poland,European Region,2018,Blood,Salmonella,Ceftazidime,6477,29,0,0.0,0.0,0.0,True
POL,Poland,European Region,2018,Blood,Salmonella,Ciprofloxacin,6477,36,6,16.6666666666667,16.666666666666664,3.552713678800501e-14,True
POL,Poland,European Region,2018,Blood,Salmonella,Imipenem,6477,26,0,0.0,0.0,0.0,True
POL,Poland,European Region,2018,Blood,Salmonella,Meropenem,6477,28,0,0.0,0.0,0.0,True
POL,Poland,European Region,2018,Blood,Staphylococcus aureus,Meticillin,6477,1959,311,15.8754466564574,15.875446656457376,2.4868995751603507e-14,True
POL,Poland,European Region,2018,Stool,Salmonella,Cefotaxime,539,289,1,0.346020761245675,0.34602076124567477,2.220446049250313e-16,True
POL,Poland,European Region,2018,Stool,Salmonella,Ceftazidime,539,115,1,0.869565217391304,0.8695652173913043,-3.3306690738754696e-16,True
POL,Poland,European Region,2018,Stool,Salmonella,Ciprofloxacin,539,136,26,19.1176470588235,19.11764705882353,-2.842170943040401e-14,True
POL,Poland,European Region,2018,Stool,Salmonella,Ertapenem,539,114,0,0.0,0.0,0.0,True
POL,Poland,European Region,2018,Stool,Salmonella,Imipenem,539,97,0,0.0,0.0,0.0,True
POL,Poland,European Region,2018,Stool,Salmonella,Meropenem,539,143,0,0.0,0.0,0.0,True
POL,Poland,European Region,2019,Blood,Acinetobacter,Amikacin,6404,306,115,37.5816993464052,37.58169934640523,-2.842170943040401e-14,True
POL,Poland,European Region,2019,Blood,Acinetobacter,Colistin,6404,222,0,0.0,0.0,0.0,True
POL,Poland,European Region,2019,Blood,Acinetobacter,Gentamicin,6404,313,178,56.8690095846645,56.86900958466453,-3.552713678800501e-14,True
POL,Poland,European Region,2019,Blood,Acinetobacter,Imipenem,6404,313,224,71.5654952076677,71.56549520766772,-2.842170943040401e-14,True
POL,Poland,European Region,2019,Blood,Acinetobacter,Meropenem,6404,314,216,68.7898089171974,68.78980891719745,-4.263256414560601e-14,True
POL,Poland,European Region,2019,Blood,Escherichia coli,Ampicillin,6404,836,515,61.6028708133971,61.602870813397125,-2.842170943040401e-14,True
POL,Poland,European Region,2019,Blood,Escherichia coli,Cefepime,6404,2084,307,14.7312859884837,14.731285988483686,1.4210854715202004e-14,True
POL,Poland,European Region,2019,Blood,Escherichia coli,Cefotaxime,6404,2467,405,16.4167004458857,16.41670044588569,7.105427357601002e-15,True
POL,Poland,European Region,2019,Blood,Escherichia coli,Ceftazidime,6404,2403,348,14.481897627965,14.481897627965044,-4.440892098500626e-14,True
POL,Poland,European Region,2019,Blood,Escherichia coli,Ceftriaxone,6404,677,122,18.0206794682422,18.020679468242246,-4.618527782440651e-14,True
POL,Poland,European Region,2019,Blood,Escherichia coli,Ciprofloxacin,6404,2748,907,33.0058224163028,33.00582241630276,3.552713678800501e-14,True
POL,Poland,European Region,2019,Blood,Escherichia coli,Colistin,6404,691,0,0.0,0.0,0.0,True
POL,Poland,European Region,2019,Blood,Escherichia coli,Ertapenem,6404,1057,1,0.0946073793755913,0.0946073793755913,0.0,True
POL,Poland,European Region,2019,Blood,Escherichia coli,Imipenem,6404,2521,0,0.0,0.0,0.0,True
POL,Poland,European Region,2019,Blood,Escherichia coli,Levofloxacin,6404,560,172,30.7142857142857,30.714285714285715,-1.4210854715202004e-14,True
POL,Poland,European Region,2019,Blood,Escherichia coli,Meropenem,6404,2671,0,0.0,0.0,0.0,True
POL,Poland,European Region,2019,Blood,Escherichia coli,Tinidazole,6404,677,122,18.0206794682422,18.020679468242246,-4.618527782440651e-14,True
POL,Poland,European Region,2019,Blood,Klebsiella pneumoniae,Cefepime,6404,944,541,57.3093220338983,57.309322033898304,-7.105427357601002e-15,True
POL,Poland,European Region,2019,Blood,Klebsiella pneumoniae,Cefotaxime,6404,1017,595,58.5054080629302,58.50540806293019,1.4210854715202004e-14,True
POL,Poland,European Region,2019,Blood,Klebsiella pneumoniae,Ceftazidime,6404,1050,600,57.1428571428571,57.14285714285714,-3.552713678800501e-14,True
POL,Poland,European Region,2019,Blood,Klebsiella pneumoniae,Ceftriaxone,6404,290,166,57.2413793103448,57.24137931034483,-3.552713678800501e-14,True
POL,Poland,European Region,2019,Blood,Klebsiella pneumoniae,Ciprofloxacin,6404,1159,710,61.2597066436583,61.259706643658326,-2.842170943040401e-14,True
POL,Poland,European Region,2019,Blood,Klebsiella pneumoniae,Colistin,6404,414,24,5.79710144927536,5.797101449275362,-2.6645352591003757e-15,True
POL,Poland,European Region,2019,Blood,Klebsiella pneumoniae,Ertapenem,6404,400,51,12.75,12.75,0.0,True
POL,Poland,European Region,2019,Blood,Klebsiella pneumoniae,Imipenem,6404,1084,88,8.11808118081181,8.118081180811808,1.7763568394002505e-15,True
POL,Poland,European Region,2019,Blood,Klebsiella pneumoniae,Levofloxacin,6404,267,153,57.3033707865169,57.30337078651685,4.973799150320701e-14,True
POL,Poland,European Region,2019,Blood,Klebsiella pneumoniae,Meropenem,6404,1146,68,5.93368237347295,5.93368237347295,0.0,True
POL,Poland,European Region,2019,Blood,Salmonella,Cefotaxime,6404,55,0,0.0,0.0,0.0,True
POL,Poland,European Region,2019,Blood,Salmonella,Ceftazidime,6404,44,0,0.0,0.0,0.0,True
POL,Poland,European Region,2019,Blood,Salmonella,Ceftriaxone,6404,14,0,0.0,0.0,0.0,True
POL,Poland,European Region,2019,Blood,Salmonella,Ciprofloxacin,6404,50,17,34.0,34.0,0.0,True
POL,Poland,European Region,2019,Blood,Salmonella,Ertapenem,6404,11,0,0.0,0.0,0.0,True
POL,Poland,European Region,2019,Blood,Salmonella,Imipenem,6404,45,0,0.0,0.0,0.0,True
POL,Poland,European Region,2019,Blood,Salmonella,Levofloxacin,6404,14,1,7.14285714285714,7.142857142857142,-2.6645352591003757e-15,True
POL,Poland,European Region,2019,Blood,Salmonella,Meropenem,6404,46,0,0.0,0.0,0.0,True
POL,Poland,European Region,2019,Blood,Staphylococcus aureus,Cefoxitin,6404,1841,275,14.9375339489408,14.937533948940793,7.105427357601002e-15,True
POL,Poland,European Region,2019,Blood,Staphylococcus aureus,Meticillin,6404,1841,275,14.9375339489408,14.937533948940793,7.105427357601002e-15,True
POL,Poland,European Region,2019,Blood,Staphylococcus aureus,Oxacillin,6404,29,2,6.89655172413793,6.896551724137931,-8.881784197001252e-16,True
POL,Poland,European Region,2019,Blood,Streptococcus pneumoniae,Benzylpenicillin,6404,245,1,0.408163265306122,0.40816326530612246,-4.440892098500626e-16,True
POL,Poland,European Region,2019,Blood,Streptococcus pneumoniae,Cefotaxime,6404,202,4,1.98019801980198,1.9801980198019802,-2.220446049250313e-16,True
POL,Poland,European Region,2019,Blood,Streptococcus pneumoniae,Ceftriaxone,6404,204,0,0.0,0.0,0.0,True
POL,Poland,European Region,2019,Blood,Streptococcus pneumoniae,Oxacillin,6404,135,24,17.7777777777778,17.77777777777778,2.1316282072803006e-14,True
POL,Poland,European Region,2019,Stool,Salmonella,Cefotaxime,232,155,0,0.0,0.0,0.0,True
POL,Poland,European Region,2019,Stool,Salmonella,Ceftazidime,232,21,0,0.0,0.0,0.0,True
POL,Poland,European Region,2019,Stool,Salmonella,Ceftriaxone,232,48,0,0.0,0.0,0.0,True
POL,Poland,European Region,2019,Stool,Salmonella,Ciprofloxacin,232,106,27,25.4716981132075,25.471698113207548,-4.973799150320701e-14,True
POL,Poland,European Region,2019,Stool,Salmonella,Ertapenem,232,37,0,0.0,0.0,0.0,True
POL,Poland,European Region,2019,Stool,Salmonella,Imipenem,232,36,0,0.0,0.0,0.0,True
POL,Poland,European Region,2019,Stool,Salmonella,Meropenem,232,37,0,0.0,0.0,0.0,True
POL,Poland,European Region,2020,Blood,Escherichia coli,Tinidazole,4975,1713,300,17.5131348511384,17.513134851138354,4.618527782440651e-14,True
POL,Poland,European Region,2020,Blood,Salmonella,Cefotaxime,4975,31,0,0.0,0.0,0.0,True
POL,Poland,European Region,2020,Blood,Salmonella,Ceftazidime,4975,18,0,0.0,0.0,0.0,True
POL,Poland,European Region,2020,Blood,Salmonella,Ciprofloxacin,4975,25,10,40.0,40.0,0.0,True
POL,Poland,European Region,2020,Blood,Salmonella,Imipenem,4975,23,0,0.0,0.0,0.0,True
POL,Poland,European Region,2020,Blood,Salmonella,Meropenem,4975,24,0,0.0,0.0,0.0,True
POL,Poland,European Region,2020,Blood,Staphylococcus aureus,Meticillin,4975,1197,176,14.703425229741,14.703425229741018,-1.7763568394002505e-14,True
POL,Poland,European Region,2020,Stool,Salmonella,Cefotaxime,156,81,0,0.0,0.0,0.0,True
POL,Poland,European Region,2020,Stool,Salmonella,Ceftazidime,156,21,0,0.0,0.0,0.0,True
POL,Poland,European Region,2020,Stool,Salmonella,Ciprofloxacin,156,39,8,20.5128205128205,20.51282051282051,-1.0658141036401503e-14,True
POL,Poland,European Region,2020,Stool,Salmonella,Ertapenem,156,29,0,0.0,0.0,0.0,True
POL,Poland,European Region,2020,Stool,Salmonella,Imipenem,156,46,0,0.0,0.0,0.0,True
POL,Poland,European Region,2020,Stool,Salmonella,Meropenem,156,46,0,0.0,0.0,0.0,True
PSE,Palestine,Eastern Mediterranean Region,2019,Blood,Acinetobacter,Amikacin,1244,58,37,63.7931034482759,63.793103448275865,3.552713678800501e-14,True
PSE,Palestine,Eastern Mediterranean Region,2019,Blood,Acinetobacter,Colistin,1244,51,0,0.0,0.0,0.0,True
PSE,Palestine,Eastern Mediterranean Region,2019,Blood,Acinetobacter,Gentamicin,1244,55,35,63.6363636363636,63.63636363636363,-3.552713678800501e-14,True
PSE,Palestine,Eastern Mediterranean Region,2019,Blood,Acinetobacter,Imipenem,1244,30,22,73.3333333333333,73.33333333333333,-2.842170943040401e-14,True
PSE,Palestine,Eastern Mediterranean Region,2019,Blood,Acinetobacter,Meropenem,1244,66,48,72.7272727272727,72.72727272727273,-2.842170943040401e-14,True
PSE,Palestine,Eastern Mediterranean Region,2019,Blood,Escherichia coli,Ampicillin,1244,131,118,90.0763358778626,90.07633587786259,1.4210854715202004e-14,True
PSE,Palestine,Eastern Mediterranean Region,2019,Blood,Escherichia coli,Cefepime,1244,68,30,44.1176470588235,44.11764705882353,-2.842170943040401e-14,True
PSE,Palestine,Eastern Mediterranean Region,2019,Blood,Escherichia coli,Cefotaxime,1244,273,114,41.7582417582418,41.75824175824176,4.263256414560601e-14,True
PSE,Palestine,Eastern Mediterranean Region,2019,Blood,Escherichia coli,Ceftazidime,1244,199,88,44.2211055276382,44.221105527638194,7.105427357601002e-15,True
PSE,Palestine,Eastern Mediterranean Region,2019,Blood,Escherichia coli,Ceftriaxone,1244,272,116,42.6470588235294,42.64705882352941,-1.4210854715202004e-14,True
PSE,Palestine,Eastern Mediterranean Region,2019,Blood,Escherichia coli,Ciprofloxacin,1244,267,127,47.565543071161,47.565543071161045,-4.263256414560601e-14,True
PSE,Palestine,Eastern Mediterranean Region,2019,Blood,Escherichia coli,Colistin,1244,54,1,1.85185185185185,1.8518518518518516,-1.5543122344752192e-15,True
PSE,Palestine,Eastern Mediterranean Region,2019,Blood,Escherichia coli,Ertapenem,1244,281,8,2.84697508896797,2.8469750889679712,-1.3322676295501878e-15,True
PSE,Palestine,Eastern Mediterranean Region,2019,Blood,Escherichia coli,Imipenem,1244,117,6,5.12820512820513,5.128205128205128,2.6645352591003757e-15,True
PSE,Palestine,Eastern Mediterranean Region,2019,Blood,Escherichia coli,Meropenem,1244,308,12,3.8961038961039,3.896103896103896,3.9968028886505635e-15,True
PSE,Palestine,Eastern Mediterranean Region,2019,Blood,Escherichia coli,Trimethoprim/sulfamethoxazole,1244,117,72,61.5384615384615,61.53846153846154,-4.263256414560601e-14,True
PSE,Palestine,Eastern Mediterranean Region,2019,Blood,Klebsiella pneumoniae,Cefepime,1244,26,20,76.9230769230769,76.92307692307693,-2.842170943040401e-14,True
PSE,Palestine,Eastern Mediterranean Region,2019,Blood,Klebsiella pneumoniae,Cefotaxime,1244,95,62,65.2631578947368,65.26315789473685,-4.263256414560601e-14,True
PSE,Palestine,Eastern Mediterranean Region,2019,Blood,Klebsiella pneumoniae,Ceftazidime,1244,69,47,68.1159420289855,68.11594202898551,-1.4210854715202004e-14,True
PSE,Palestine,Eastern Mediterranean Region,2019,Blood,Klebsiella pneumoniae,Ceftriaxone,1244,85,55,64.7058823529412,64.70588235294117,2.842170943040401e-14,True
PSE,Palestine,Eastern Mediterranean Region,2019,Blood,Klebsiella pneumoniae,Ciprofloxacin,1244,88,24,27.2727272727273,27.27272727272727,2.842170943040401e-14,True
PSE,Palestine,Eastern Mediterranean Region,2019,Blood,Klebsiella pneumoniae,Colistin,1244,12,0,0.0,0.0,0.0,True
PSE,Palestine,Eastern Mediterranean Region,2019,Blood,Klebsiella pneumoniae,Ertapenem,1244,85,5,5.88235294117647,5.88235294117647,0.0,True
PSE,Palestine,Eastern Mediterranean Region,2019,Blood,Klebsiella pneumoniae,Imipenem,1244,50,1,2.0,2.0,0.0,True
PSE,Palestine,Eastern Mediterranean Region,2019,Blood,Klebsiella pneumoniae,Meropenem,1244,100,6,6.0,6.0,0.0,True
PSE,Palestine,Eastern Mediterranean Region,2019,Blood,Klebsiella pneumoniae,Trimethoprim/sulfamethoxazole,1244,61,44,72.1311475409836,72.1311475409836,0.0,True
PSE,Palestine,Eastern Mediterranean Region,2019,Blood,Staphylococcus aureus,Cefoxitin,1244,641,402,62.7145085803432,62.71450858034321,-7.105427357601002e-15,True
PSE,Palestine,Eastern Mediterranean Region,2019,Blood,Staphylococcus aureus,Oxacillin,1244,236,193,81.7796610169492,81.77966101694916,4.263256414560601e-14,True
PSE,Palestine,Eastern Mediterranean Region,2019,Blood,Streptococcus pneumoniae,Benzylpenicillin,1244,37,3,8.10810810810811,8.108108108108109,1.7763568394002505e-15,True
PSE,Palestine,Eastern Mediterranean Region,2019,Blood,Streptococcus pneumoniae,Cefotaxime,1244,34,3,8.82352941176471,8.823529411764707,3.552713678800501e-15,True
PSE,Palestine,Eastern Mediterranean Region,2019,Blood,Streptococcus pneumoniae,Ceftriaxone,1244,34,3,8.82352941176471,8.823529411764707,3.552713678800501e-15,True
PSE,Palestine,Eastern Mediterranean Region,2019,Blood,Streptococcus pneumoniae,Oxacillin,1244,18,4,22.2222222222222,22.22222222222222,-2.1316282072803006e-14,True
PSE,Palestine,Eastern Mediterranean Region,2019,Blood,Streptococcus pneumoniae,Trimethoprim/sulfamethoxazole,1244,22,8,36.3636363636364,36.36363636363637,3.552713678800501e-14,True
PSE,Palestine,Eastern Mediterranean Region,2019,Stool,Salmonella,Cefotaxime,12,10,0,0.0,0.0,0.0,True
PSE,Palestine,Eastern Mediterranean Region,2019,Stool,Salmonella,Ciprofloxacin,12,12,0,0.0,0.0,0.0,True
PSE,Palestine,Eastern Mediterranean Region,2019,Urine,Escherichia coli,Ampicillin,6931,2905,2358,81.1703958691911,81.17039586919105,4.263256414560601e-14,True
PSE,Palestine,Eastern Mediterranean Region,2019,Urine,Escherichia coli,Cefepime,6931,1700,594,34.9411764705882,34.94117647058824,-3.552713678800501e-14,True
PSE,Palestine,Eastern Mediterranean Region,2019,Urine,Escherichia coli,Cefotaxime,6931,4973,1841,37.0199075005027,37.01990750050271,-1.4210854715202004e-14,True
PSE,Palestine,Eastern Mediterranean Region,2019,Urine,Escherichia coli,Ceftazidime,6931,3736,1346,36.0278372591006,36.02783725910064,-4.263256414560601e-14,True
PSE,Palestine,Eastern Mediterranean Region,2019,Urine,Escherichia coli,Ceftriaxone,6931,4658,1725,37.0330613997424,37.03306139974238,2.1316282072803006e-14,True
PSE,Palestine,Eastern Mediterranean Region,2019,Urine,Escherichia coli,Ciprofloxacin,6931,4772,1521,31.8734283319363,31.873428331936292,7.105427357601002e-15,True
PSE,Palestine,Eastern Mediterranean Region,2019,Urine,Escherichia coli,Colistin,6931,325,11,3.38461538461538,3.3846153846153846,-4.440892098500626e-15,True
PSE,Palestine,Eastern Mediterranean Region,2019,Urine,Escherichia coli,Ertapenem,6931,4969,50,1.00623867981485,1.0062386798148522,-2.220446049250313e-15,True
PSE,Palestine,Eastern Mediterranean Region,2019,Urine,Escherichia coli,Imipenem,6931,2033,19,0.934579439252336,0.9345794392523363,-3.3306690738754696e-16,True
PSE,Palestine,Eastern Mediterranean Region,2019,Urine,Escherichia coli,Meropenem,6931,5361,48,0.895355344152211,0.8953553441522105,4.440892098500626e-16,True
PSE,Palestine,Eastern Mediterranean Region,2019,Urine,Escherichia coli,Trimethoprim/sulfamethoxazole,6931,4850,2685,55.360824742268,55.36082474226804,-4.263256414560601e-14,True
PSE,Palestine,Eastern Mediterranean Region,2019,Urine,Klebsiella pneumoniae,Cefepime,6931,296,146,49.3243243243243,49.32432432432432,-2.1316282072803006e-14,True
PSE,Palestine,Eastern Mediterranean Region,2019,Urine,Klebsiella pneumoniae,Cefotaxime,6931,839,441,52.5625744934446,52.56257449344458,2.1316282072803006e-14,True
PSE,Palestine,Eastern Mediterranean Region,2019,Urine,Klebsiella pneumoniae,Ceftazidime,6931,632,334,52.8481012658228,52.84810126582279,7.105427357601002e-15,True
PSE,Palestine,Eastern Mediterranean Region,2019,Urine,Klebsiella pneumoniae,Ceftriaxone,6931,719,393,54.6592489568846,54.65924895688457,3.552713678800501e-14,True
PSE,Palestine,Eastern Mediterranean Region,2019,Urine,Klebsiella pneumoniae,Ciprofloxacin,6931,824,280,33.9805825242718,33.980582524271846,-4.263256414560601e-14,True
PSE,Palestine,Eastern Mediterranean Region,2019,Urine,Klebsiella pneumoniae,Colistin,6931,77,3,3.8961038961039,3.896103896103896,3.9968028886505635e-15,True
PSE,Palestine,Eastern Mediterranean Region,2019,Urine,Klebsiella pneumoniae,Ertapenem,6931,818,40,4.88997555012225,4.88997555012225,0.0,True
PSE,Palestine,Eastern Mediterranean Region,2019,Urine,Klebsiella pneumoniae,Imipenem,6931,479,19,3.96659707724426,3.966597077244259,8.881784197001252e-16,True
PSE,Palestine,Eastern Mediterranean Region,2019,Urine,Klebsiella pneumoniae,Meropenem,6931,878,44,5.01138952164009,5.0113895216400905,-8.881784197001252e-16,True
PSE,Palestine,Eastern Mediterranean Region,2019,Urine,Klebsiella pneumoniae,Trimethoprim/sulfamethoxazole,6931,825,500,60.6060606060606,60.60606060606061,-7.105427357601002e-15,True
QAT,Qatar,Eastern Mediterranean Region,2019,Blood,Acinetobacter,Amikacin,1253,26,0,0.0,0.0,0.0,True
QAT,Qatar,Eastern Mediterranean Region,2019,Blood,Acinetobacter,Gentamicin,1253,26,0,0.0,0.0,0.0,True
QAT,Qatar,Eastern Mediterranean Region,2019,Blood,Acinetobacter,Imipenem,1253,15,1,6.66666666666667,6.666666666666667,2.6645352591003757e-15,True
QAT,Qatar,Eastern Mediterranean Region,2019,Blood,Acinetobacter,Meropenem,1253,25,1,4.0,4.0,0.0,True
QAT,Qatar,Eastern Mediterranean Region,2019,Blood,Acinetobacter,Tigecycline,1253,13,1,7.69230769230769,7.6923076923076925,-2.6645352591003757e-15,True
QAT,Qatar,Eastern Mediterranean Region,2019,Blood,Escherichia coli,Ampicillin,1253,508,380,74.8031496062992,74.80314960629921,-1.4210854715202004e-14,True
QAT,Qatar,Eastern Mediterranean Region,2019,Blood,Escherichia coli,Cefepime,1253,507,170,33.5305719921105,33.53057199211045,4.973799150320701e-14,True
QAT,Qatar,Eastern Mediterranean Region,2019,Blood,Escherichia coli,Ceftazidime,1253,508,147,28.9370078740157,28.937007874015748,-4.973799150320701e-14,True
QAT,Qatar,Eastern Mediterranean Region,2019,Blood,Escherichia coli,Ceftriaxone,1253,507,248,48.9151873767258,48.91518737672584,-4.263256414560601e-14,True
QAT,Qatar,Eastern Mediterranean Region,2019,Blood,Escherichia coli,Ciprofloxacin,1253,508,231,45.4724409448819,45.47244094488189,1.4210854715202004e-14,True
QAT,Qatar,Eastern Mediterranean Region,2019,Blood,Escherichia coli,Colistin,1253,209,0,0.0,0.0,0.0,True
QAT,Qatar,Eastern Mediterranean Region,2019,Blood,Escherichia coli,Ertapenem,1253,507,6,1.18343195266272,1.183431952662722,-1.9984014443252818e-15,True
QAT,Qatar,Eastern Mediterranean Region,2019,Blood,Escherichia coli,Imipenem,1253,384,1,0.260416666666667,0.26041666666666663,3.885780586188048e-16,True
QAT,Qatar,Eastern Mediterranean Region,2019,Blood,Escherichia coli,Levofloxacin,1253,505,221,43.7623762376238,43.76237623762376,3.552713678800501e-14,True
QAT,Qatar,Eastern Mediterranean Region,2019,Blood,Escherichia coli,Meropenem,1253,429,1,0.233100233100233,0.2331002331002331,-8.326672684688674e-17,True
QAT,Qatar,Eastern Mediterranean Region,2019,Blood,Escherichia coli,Trimethoprim/sulfamethoxazole,1253,508,269,52.9527559055118,52.95275590551181,-7.105427357601002e-15,True
QAT,Qatar,Eastern Mediterranean Region,2019,Blood,Klebsiella pneumoniae,Cefepime,1253,220,44,20.0,20.0,0.0,True
QAT,Qatar,Eastern Mediterranean Region,2019,Blood,Klebsiella pneumoniae,Ceftazidime,1253,219,54,24.6575342465753,24.65753424657534,-4.263256414560601e-14,True
QAT,Qatar,Eastern Mediterranean Region,2019,Blood,Klebsiella pneumoniae,Ceftriaxone,1253,218,58,26.605504587156,26.605504587155966,3.197442310920451e-14,True
QAT,Qatar,Eastern Mediterranean Region,2019,Blood,Klebsiella pneumoniae,Ciprofloxacin,1253,220,69,31.3636363636364,31.363636363636367,3.197442310920451e-14,True
QAT,Qatar,Eastern Mediterranean Region,2019,Blood,Klebsiella pneumoniae,Colistin,1253,102,4,3.92156862745098,3.9215686274509802,-4.440892098500626e-16,True
QAT,Qatar,Eastern Mediterranean Region,2019,Blood,Klebsiella pneumoniae,Ertapenem,1253,219,14,6.39269406392694,6.392694063926941,-8.881784197001252e-16,True
QAT,Qatar,Eastern Mediterranean Region,2019,Blood,Klebsiella pneumoniae,Imipenem,1253,163,12,7.36196319018405,7.361963190184049,8.881784197001252e-16,True
QAT,Qatar,Eastern Mediterranean Region,2019,Blood,Klebsiella pneumoniae,Levofloxacin,1253,215,40,18.6046511627907,18.6046511627907,0.0,True
QAT,Qatar,Eastern Mediterranean Region,2019,Blood,Klebsiella pneumoniae,Meropenem,1253,182,12,6.59340659340659,6.593406593406594,-3.552713678800501e-15,True
QAT,Qatar,Eastern Mediterranean Region,2019,Blood,Klebsiella pneumoniae,Trimethoprim/sulfamethoxazole,1253,220,69,31.3636363636364,31.363636363636367,3.197442310920451e-14,True
QAT,Qatar,Eastern Mediterranean Region,2019,Blood,Salmonella,Ceftazidime,1253,183,27,14.7540983606557,14.754098360655737,-3.730349362740526e-14,True
QAT,Qatar,Eastern Mediterranean Region,2019,Blood,Salmonella,Ceftriaxone,1253,183,27,14.7540983606557,14.754098360655737,-3.730349362740526e-14,True
QAT,Qatar,Eastern Mediterranean Region,2019,Blood,Salmonella,Ciprofloxacin,1253,185,52,28.1081081081081,28.10810810810811,-7.105427357601002e-15,True
QAT,Qatar,Eastern Mediterranean Region,2019,Blood,Salmonella,Ertapenem,1253,183,0,0.0,0.0,0.0,True
QAT,Qatar,Eastern Mediterranean Region,2019,Blood,Salmonella,Imipenem,1253,139,0,0.0,0.0,0.0,True
QAT,Qatar,Eastern Mediterranean Region,2019,Blood,Salmonella,Levofloxacin,1253,181,49,27.0718232044199,27.071823204419886,1.4210854715202004e-14,True
QAT,Qatar,Eastern Mediterranean Region,2019,Blood,Salmonella,Meropenem,1253,154,1,0.649350649350649,0.6493506493506493,-3.3306690738754696e-16,True
QAT,Qatar,Eastern Mediterranean Region,2019,Blood,Staphylococcus aureus,Cefoxitin,1253,174,57,32.7586206896552,32.758620689655174,2.842170943040401e-14,True
QAT,Qatar,Eastern Mediterranean Region,2019,Blood,Staphylococcus aureus,Oxacillin,1253,213,72,33.8028169014084,33.80281690140845,-4.973799150320701e-14,True
QAT,Qatar,Eastern Mediterranean Region,2019,Blood,Streptococcus pneumoniae,Benzylpenicillin,1253,100,21,21.0,21.0,0.0,True
QAT,Qatar,Eastern Mediterranean Region,2019,Blood,Streptococcus pneumoniae,Ceftriaxone,1253,95,0,0.0,0.0,0.0,True
QAT,Qatar,Eastern Mediterranean Region,2019,Genital,Neisseria gonorrhoeae,Azithromycin,188,158,4,2.53164556962025,2.5316455696202533,-3.552713678800501e-15,True
QAT,Qatar,Eastern Mediterranean Region,2019,Genital,Neisseria gonorrhoeae,Cefixime,188,36,5,13.8888888888889,13.88888888888889,1.0658141036401503e-14,True
QAT,Qatar,Eastern Mediterranean Region,2019,Genital,Neisseria gonorrhoeae,Ceftriaxone,188,181,1,0.552486187845304,0.5524861878453038,2.220446049250313e-16,True
QAT,Qatar,Eastern Mediterranean Region,2019,Genital,Neisseria gonorrhoeae,Ciprofloxacin,188,145,95,65.5172413793103,65.51724137931035,-4.263256414560601e-14,True
QAT,Qatar,Eastern Mediterranean Region,2019,Stool,Salmonella,Cefotaxime,558,73,1,1.36986301369863,1.36986301369863,0.0,True
QAT,Qatar,Eastern Mediterranean Region,2019,Stool,Salmonella,Ceftazidime,558,484,9,1.8595041322314,1.859504132231405,-4.884981308350689e-15,True
QAT,Qatar,Eastern Mediterranean Region,2019,Stool,Salmonella,Ceftriaxone,558,483,10,2.0703933747412,2.070393374741201,-8.881784197001252e-16,True
QAT,Qatar,Eastern Mediterranean Region,2019,Stool,Salmonella,Ciprofloxacin,558,484,35,7.23140495867769,7.231404958677685,4.440892098500626e-15,True
QAT,Qatar,Eastern Mediterranean Region,2019,Stool,Salmonella,Ertapenem,558,484,0,0.0,0.0,0.0,True
QAT,Qatar,Eastern Mediterranean Region,2019,Stool,Salmonella,Imipenem,558,475,1,0.210526315789474,0.21052631578947367,3.3306690738754696e-16,True
QAT,Qatar,Eastern Mediterranean Region,2019,Stool,Salmonella,Levofloxacin,558,484,29,5.99173553719008,5.991735537190083,-2.6645352591003757e-15,True
QAT,Qatar,Eastern Mediterranean Region,2019,Stool,Salmonella,Meropenem,558,484,0,0.0,0.0,0.0,True
QAT,Qatar,Eastern Mediterranean Region,2019,Stool,Shigella,Cefotaxime,558,30,9,30.0,30.0,0.0,True
QAT,Qatar,Eastern Mediterranean Region,2019,Stool,Shigella,Ceftazidime,558,72,1,1.38888888888889,1.3888888888888888,1.1102230246251565e-15,True
QAT,Qatar,Eastern Mediterranean Region,2019,Stool,Shigella,Ceftriaxone,558,71,22,30.9859154929577,30.985915492957744,-4.263256414560601e-14,True
QAT,Qatar,Eastern Mediterranean Region,2019,Stool,Shigella,Ciprofloxacin,558,73,24,32.8767123287671,32.87671232876712,-2.1316282072803006e-14,True
QAT,Qatar,Eastern Mediterranean Region,2019,Stool,Shigella,Levofloxacin,558,72,20,27.7777777777778,27.77777777777778,2.1316282072803006e-14,True
QAT,Qatar,Eastern Mediterranean Region,2019,Urine,Escherichia coli,Ampicillin,10615,8223,5275,64.1493372248571,64.1493372248571,0.0,True
QAT,Qatar,Eastern Mediterranean Region,2019,Urine,Escherichia coli,Cefepime,10615,8225,1445,17.5683890577508,17.56838905775076,3.907985046680551e-14,True
QAT,Qatar,Eastern Mediterranean Region,2019,Urine,Escherichia coli,Cefotaxime,10615,1396,470,33.6676217765043,33.6676217765043,0.0,True
QAT,Qatar,Eastern Mediterranean Region,2019,Urine,Escherichia coli,Ceftazidime,10615,8222,1233,14.9963512527366,14.996351252736561,3.907985046680551e-14,True
QAT,Qatar,Eastern Mediterranean Region,2019,Urine,Escherichia coli,Ceftriaxone,10615,8220,2625,31.9343065693431,31.934306569343068,3.197442310920451e-14,True
QAT,Qatar,Eastern Mediterranean Region,2019,Urine,Escherichia coli,Ciprofloxacin,10615,8221,2542,30.9208125532174,30.92081255321737,2.842170943040401e-14,True
QAT,Qatar,Eastern Mediterranean Region,2019,Urine,Escherichia coli,Colistin,10615,825,8,0.96969696969697,0.9696969696969697,2.220446049250313e-16,True
QAT,Qatar,Eastern Mediterranean Region,2019,Urine,Escherichia coli,Ertapenem,10615,8222,59,0.717586961809779,0.7175869618097787,3.3306690738754696e-16,True
QAT,Qatar,Eastern Mediterranean Region,2019,Urine,Escherichia coli,Imipenem,10615,8081,52,0.643484717237966,0.6434847172379656,3.3306690738754696e-16,True
QAT,Qatar,Eastern Mediterranean Region,2019,Urine,Escherichia coli,Levofloxacin,10615,8212,2302,28.0321480759864,28.032148075986363,3.552713678800501e-14,True
QAT,Qatar,Eastern Mediterranean Region,2019,Urine,Escherichia coli,Meropenem,10615,8216,31,0.377312560856865,0.37731256085686465,3.3306690738754696e-16,True
QAT,Qatar,Eastern Mediterranean Region,2019,Urine,Escherichia coli,Trimethoprim/sulfamethoxazole,10615,8217,3414,41.548010222709,41.54801022270902,-1.4210854715202004e-14,True
QAT,Qatar,Eastern Mediterranean Region,2019,Urine,Klebsiella pneumoniae,Cefepime,10615,2387,417,17.4696271470465,17.469627147046502,-3.552713678800501e-15,True
QAT,Qatar,Eastern Mediterranean Region,2019,Urine,Klebsiella pneumoniae,Cefotaxime,10615,392,101,25.765306122449,25.765306122448976,2.4868995751603507e-14,True
QAT,Qatar,Eastern Mediterranean Region,2019,Urine,Klebsiella pneumoniae,Ceftazidime,10615,2388,504,21.105527638191,21.105527638190953,4.618527782440651e-14,True
QAT,Qatar,Eastern Mediterranean Region,2019,Urine,Klebsiella pneumoniae,Ceftriaxone,10615,2387,596,24.9685798072895,24.968579807289483,1.7763568394002505e-14,True
QAT,Qatar,Eastern Mediterranean Region,2019,Urine,Klebsiella pneumoniae,Ciprofloxacin,10615,2385,568,23.8155136268344,23.81551362683438,1.7763568394002505e-14,True
QAT,Qatar,Eastern Mediterranean Region,2019,Urine,Klebsiella pneumoniae,Colistin,10615,266,6,2.25563909774436,2.2556390977443606,-4.440892098500626e-16,True
QAT,Qatar,Eastern Mediterranean Region,2019,Urine,Klebsiella pneumoniae,Ertapenem,10615,2385,62,2.59958071278826,2.59958071278826,0.0,True
QAT,Qatar,Eastern Mediterranean Region,2019,Urine,Klebsiella pneumoniae,Imipenem,10615,2363,61,2.58146424037241,2.581464240372408,1.7763568394002505e-15,True
QAT,Qatar,Eastern Mediterranean Region,2019,Urine,Klebsiella pneumoniae,Levofloxacin,10615,2381,232,9.74380512389752,9.743805123897523,-3.552713678800501e-15,True
QAT,Qatar,Eastern Mediterranean Region,2019,Urine,Klebsiella pneumoniae,Meropenem,10615,2387,38,1.59195643066611,1.5919564306661083,1.7763568394002505e-15,True
QAT,Qatar,Eastern Mediterranean Region,2019,Urine,Klebsiella pneumoniae,Trimethoprim/sulfamethoxazole,10615,2387,629,26.3510682865522,26.35106828655216,3.907985046680551e-14,True
RUS,Russian Federation,European Region,2017,Blood,Acinetobacter,Amikacin,321,51,48,94.1176470588235,94.11764705882352,-2.842170943040401e-14,True
RUS,Russian Federation,European Region,2017,Blood,Acinetobacter,Gentamicin,321,51,46,90.1960784313726,90.19607843137256,4.263256414560601e-14,True
RUS,Russian Federation,European Region,2017,Blood,Acinetobacter,Imipenem,321,51,38,74.5098039215686,74.50980392156863,-2.842170943040401e-14,True
RUS,Russian Federation,European Region,2017,Blood,Acinetobacter,Meropenem,321,51,47,92.156862745098,92.15686274509804,-4.263256414560601e-14,True
RUS,Russian Federation,European Region,2017,Blood,Escherichia coli,Ampicillin,321,52,45,86.5384615384615,86.53846153846155,-4.263256414560601e-14,True
RUS,Russian Federation,European Region,2017,Blood,Escherichia coli,Cefotaxime,321,52,38,73.0769230769231,73.07692307692307,2.842170943040401e-14,True
RUS,Russian Federation,European Region,2017,Blood,Escherichia coli,Ceftazidime,321,52,29,55.7692307692308,55.769230769230774,2.842170943040401e-14,True
RUS,Russian Federation,European Region,2017,Blood,Escherichia coli,Ciprofloxacin,321,52,31,59.6153846153846,59.61538461538461,-1.4210854715202004e-14,True
RUS,Russian Federation,European Region,2017,Blood,Escherichia coli,Ertapenem,321,52,1,1.92307692307692,1.9230769230769231,-3.1086244689504383e-15,True
RUS,Russian Federation,European Region,2017,Blood,Escherichia coli,Imipenem,321,52,0,0.0,0.0,0.0,True
RUS,Russian Federation,European Region,2017,Blood,Escherichia coli,Meropenem,321,52,0,0.0,0.0,0.0,True
RUS,Russian Federation,European Region,2017,Blood,Escherichia coli,Tinidazole,321,52,38,73.0769230769231,73.07692307692307,2.842170943040401e-14,True
RUS,Russian Federation,European Region,2017,Blood,Klebsiella pneumoniae,Cefotaxime,321,125,114,91.2,91.2,0.0,True
RUS,Russian Federation,European Region,2017,Blood,Klebsiella pneumoniae,Ceftazidime,321,125,102,81.6,81.6,0.0,True
RUS,Russian Federation,European Region,2017,Blood,Klebsiella pneumoniae,Ciprofloxacin,321,123,99,80.4878048780488,80.48780487804879,1.4210854715202004e-14,True
RUS,Russian Federation,European Region,2017,Blood,Klebsiella pneumoniae,Ertapenem,321,125,50,40.0,40.0,0.0,True
RUS,Russian Federation,European Region,2017,Blood,Klebsiella pneumoniae,Imipenem,321,125,14,11.2,11.200000000000001,-1.7763568394002505e-15,True
RUS,Russian Federation,European Region,2017,Blood,Klebsiella pneumoniae,Meropenem,321,125,27,21.6,21.6,0.0,True
RUS,Russian Federation,European Region,2017,Blood,Staphylococcus aureus,Meticillin,321,85,14,16.4705882352941,16.470588235294116,-1.4210854715202004e-14,True
RUS,Russian Federation,European Region,2018,Blood,Acinetobacter,Amikacin,427,76,67,88.1578947368421,88.1578947368421,0.0,True
RUS,Russian Federation,European Region,2018,Blood,Acinetobacter,Gentamicin,427,76,68,89.4736842105263,89.47368421052632,-1.4210854715202004e-14,True
RUS,Russian Federation,European Region,2018,Blood,Acinetobacter,Imipenem,427,76,60,78.9473684210526,78.94736842105263,-2.842170943040401e-14,True
RUS,Russian Federation,European Region,2018,Blood,Acinetobacter,Meropenem,427,76,56,73.6842105263158,73.68421052631578,1.4210854715202004e-14,True
RUS,Russian Federation,European Region,2018,Blood,Escherichia coli,Ampicillin,427,81,71,87.6543209876543,87.65432098765432,-1.4210854715202004e-14,True
RUS,Russian Federation,European Region,2018,Blood,Escherichia coli,Cefotaxime,427,81,54,66.6666666666667,66.66666666666666,4.263256414560601e-14,True
RUS,Russian Federation,European Region,2018,Blood,Escherichia coli,Ceftazidime,427,81,32,39.5061728395062,39.50617283950617,2.842170943040401e-14,True
RUS,Russian Federation,European Region,2018,Blood,Escherichia coli,Ciprofloxacin,427,81,51,62.962962962963,62.96296296296296,3.552713678800501e-14,True
RUS,Russian Federation,European Region,2018,Blood,Escherichia coli,Ertapenem,427,81,1,1.23456790123457,1.2345679012345678,2.220446049250313e-15,True
RUS,Russian Federation,European Region,2018,Blood,Escherichia coli,Imipenem,427,81,0,0.0,0.0,0.0,True
RUS,Russian Federation,European Region,2018,Blood,Escherichia coli,Meropenem,427,81,0,0.0,0.0,0.0,True
RUS,Russian Federation,European Region,2018,Blood,Escherichia coli,Tinidazole,427,81,54,66.6666666666667,66.66666666666666,4.263256414560601e-14,True
RUS,Russian Federation,European Region,2018,Blood,Klebsiella pneumoniae,Cefotaxime,427,163,135,82.8220858895705,82.82208588957054,-4.263256414560601e-14,True
RUS,Russian Federation,European Region,2018,Blood,Klebsiella pneumoniae,Ceftazidime,427,163,127,77.9141104294479,77.91411042944786,4.263256414560601e-14,True
RUS,Russian Federation,European Region,2018,Blood,Klebsiella pneumoniae,Ciprofloxacin,427,163,141,86.5030674846626,86.50306748466258,1.4210854715202004e-14,True
RUS,Russian Federation,European Region,2018,Blood,Klebsiella pneumoniae,Ertapenem,427,163,111,68.0981595092024,68.09815950920245,-4.263256414560601e-14,True
RUS,Russian Federation,European Region,2018,Blood,Klebsiella pneumoniae,Imipenem,427,163,38,23.3128834355828,23.31288343558282,-1.7763568394002505e-14,True
RUS,Russian Federation,European Region,2018,Blood,Klebsiella pneumoniae,Meropenem,427,163,42,25.7668711656442,25.766871165644172,2.842170943040401e-14,True
RUS,Russian Federation,European Region,2018,Blood,Staphylococcus aureus,Meticillin,427,107,15,14.018691588785,14.018691588785046,-4.618527782440651e-14,True
RUS,Russian Federation,European Region,2019,Blood,Acinetobacter,Amikacin,1173,118,95,80.5084745762712,80.50847457627118,1.4210854715202004e-14,True
RUS,Russian Federation,European Region,2019,Blood,Acinetobacter,Gentamicin,1173,94,84,89.3617021276596,89.36170212765957,2.842170943040401e-14,True
RUS,Russian Federation,European Region,2019,Blood,Acinetobacter,Imipenem,1173,149,117,78.5234899328859,78.52348993288591,-1.4210854715202004e-14,True
RUS,Russian Federation,European Region,2019,Blood,Acinetobacter,Meropenem,1173,112,82,73.2142857142857,73.21428571428571,-1.4210854715202004e-14,True
RUS,Russian Federation,European Region,2019,Blood,Escherichia coli,Ampicillin,1173,121,79,65.2892561983471,65.28925619834712,-1.4210854715202004e-14,True
RUS,Russian Federation,European Region,2019,Blood,Escherichia coli,Cefotaxime,1173,115,67,58.2608695652174,58.26086956521739,7.105427357601002e-15,True
RUS,Russian Federation,European Region,2019,Blood,Escherichia coli,Ceftazidime,1173,167,66,39.5209580838323,39.52095808383233,-3.552713678800501e-14,True
RUS,Russian Federation,European Region,2019,Blood,Escherichia coli,Ceftriaxone,1168,76,41,53.9473684210526,53.94736842105263,-2.842170943040401e-14,True
RUS,Russian Federation,European Region,2019,Blood,Escherichia coli,Ciprofloxacin,1173,188,96,51.063829787234,51.06382978723404,-4.263256414560601e-14,True
RUS,Russian Federation,European Region,2019,Blood,Escherichia coli,Ertapenem,1173,122,5,4.0983606557377,4.098360655737705,-4.440892098500626e-15,True
RUS,Russian Federation,European Region,2019,Blood,Escherichia coli,Imipenem,1173,123,2,1.6260162601626,1.6260162601626018,-1.7763568394002505e-15,True
RUS,Russian Federation,European Region,2019,Blood,Escherichia coli,Levofloxacin,1168,47,24,51.063829787234,51.06382978723404,-4.263256414560601e-14,True
RUS,Russian Federation,European Region,2019,Blood,Escherichia coli,Meropenem,1173,165,2,1.21212121212121,1.2121212121212122,-2.220446049250313e-15,True
RUS,Russian Federation,European Region,2019,Blood,Escherichia coli,Tinidazole,1173,115,67,58.2608695652174,58.26086956521739,7.105427357601002e-15,True
RUS,Russian Federation,European Region,2019,Blood,Klebsiella pneumoniae,Cefotaxime,1173,201,172,85.5721393034826,85.57213930348259,1.4210854715202004e-14,True
RUS,Russian Federation,European Region,2019,Blood,Klebsiella pneumoniae,Ceftazidime,1173,322,253,78.5714285714286,78.57142857142857,2.842170943040401e-14,True
RUS,Russian Federation,European Region,2019,Blood,Klebsiella pneumoniae,Ceftriaxone,1168,151,118,78.1456953642384,78.1456953642384,0.0,True
RUS,Russian Federation,European Region,2019,Blood,Klebsiella pneumoniae,Ciprofloxacin,1173,390,328,84.1025641025641,84.1025641025641,0.0,True
RUS,Russian Federation,European Region,2019,Blood,Klebsiella pneumoniae,Ertapenem,1173,196,120,61.2244897959184,61.224489795918366,3.552713678800501e-14,True
RUS,Russian Federation,European Region,2019,Blood,Klebsiella pneumoniae,Imipenem,1173,236,127,53.8135593220339,53.813559322033896,7.105427357601002e-15,True
RUS,Russian Federation,European Region,2019,Blood,Klebsiella pneumoniae,Levofloxacin,1168,73,59,80.8219178082192,80.82191780821918,1.4210854715202004e-14,True
RUS,Russian Federation,European Region,2019,Blood,Klebsiella pneumoniae,Meropenem,1173,322,126,39.1304347826087,39.130434782608695,7.105427357601002e-15,True
RUS,Russian Federation,European Region,2019,Blood,Staphylococcus aureus,Cefoxitin,1168,268,62,23.134328358209,23.134328358208954,4.618527782440651e-14,True
RUS,Russian Federation,European Region,2019,Blood,Staphylococcus aureus,Meticillin,1173,60,16,26.6666666666667,26.666666666666668,3.197442310920451e-14,True
RUS,Russian Federation,European Region,2019,Blood,Staphylococcus aureus,Oxacillin,1168,60,16,26.6666666666667,26.666666666666668,3.197442310920451e-14,True
RUS,Russian Federation,European Region,2019,Blood,Streptococcus pneumoniae,Benzylpenicillin,1168,15,1,6.66666666666667,6.666666666666667,2.6645352591003757e-15,True
RUS,Russian Federation,European Region,2019,Blood,Streptococcus pneumoniae,Cefotaxime,1168,11,0,0.0,0.0,0.0,True
RUS,Russian Federation,European Region,2019,Blood,Streptococcus pneumoniae,Ceftriaxone,1168,11,0,0.0,0.0,0.0,True
RUS,Russian Federation,European Region,2020,Blood,Acinetobacter,Amikacin,1305,244,225,92.2131147540984,92.21311475409836,4.263256414560601e-14,True
RUS,Russian Federation,European Region,2020,Blood,Acinetobacter,Gentamicin,1305,203,185,91.1330049261084,91.13300492610837,2.842170943040401e-14,True
RUS,Russian Federation,European Region,2020,Blood,Acinetobacter,Imipenem,1305,203,188,92.6108374384236,92.61083743842364,-4.263256414560601e-14,True
RUS,Russian Federation,European Region,2020,Blood,Acinetobacter,Meropenem,1305,253,234,92.4901185770751,92.4901185770751,0.0,True
RUS,Russian Federation,European Region,2020,Blood,Escherichia coli,Ampicillin,1305,76,61,80.2631578947368,80.26315789473685,-4.263256414560601e-14,True
RUS,Russian Federation,European Region,2020,Blood,Escherichia coli,Cefotaxime,1305,93,60,64.5161290322581,64.51612903225806,4.263256414560601e-14,True
RUS,Russian Federation,European Region,2020,Blood,Escherichia coli,Ceftazidime,1305,134,60,44.7761194029851,44.776119402985074,2.842170943040401e-14,True
RUS,Russian Federation,European Region,2020,Blood,Escherichia coli,Ciprofloxacin,1305,130,76,58.4615384615385,58.46153846153847,3.552713678800501e-14,True
RUS,Russian Federation,European Region,2020,Blood,Escherichia coli,Ertapenem,1305,67,4,5.97014925373134,5.970149253731343,-2.6645352591003757e-15,True
RUS,Russian Federation,European Region,2020,Blood,Escherichia coli,Imipenem,1305,104,2,1.92307692307692,1.9230769230769231,-3.1086244689504383e-15,True
RUS,Russian Federation,European Region,2020,Blood,Escherichia coli,Meropenem,1305,141,6,4.25531914893617,4.25531914893617,0.0,True
RUS,Russian Federation,European Region,2020,Blood,Escherichia coli,Tinidazole,1305,41,30,73.1707317073171,73.17073170731707,2.842170943040401e-14,True
RUS,Russian Federation,European Region,2020,Blood,Klebsiella pneumoniae,Cefotaxime,1305,375,352,93.8666666666667,93.86666666666666,4.263256414560601e-14,True
RUS,Russian Federation,European Region,2020,Blood,Klebsiella pneumoniae,Ceftazidime,1305,466,416,89.2703862660944,89.27038626609442,-1.4210854715202004e-14,True
RUS,Russian Federation,European Region,2020,Blood,Klebsiella pneumoniae,Ciprofloxacin,1305,514,456,88.715953307393,88.715953307393,0.0,True
RUS,Russian Federation,European Region,2020,Blood,Klebsiella pneumoniae,Ertapenem,1305,206,129,62.621359223301,62.62135922330098,2.1316282072803006e-14,True
RUS,Russian Federation,European Region,2020,Blood,Klebsiella pneumoniae,Imipenem,1305,370,232,62.7027027027027,62.70270270270271,-7.105427357601002e-15,True
RUS,Russian Federation,European Region,2020,Blood,Klebsiella pneumoniae,Meropenem,1305,513,329,64.1325536062378,64.13255360623782,-1.4210854715202004e-14,True
RUS,Russian Federation,European Region,2020,Blood,Staphylococcus aureus,Meticillin,1305,45,13,28.8888888888889,28.888888888888886,1.4210854715202004e-14,True
SAU,Saudi Arabia,Eastern Mediterranean Region,2017,Blood,Acinetobacter,Amikacin,1491,127,102,80.3149606299213,80.31496062992126,4.263256414560601e-14,True
SAU,Saudi Arabia,Eastern Mediterranean Region,2017,Blood,Acinetobacter,Colistin,1491,139,9,6.47482014388489,6.474820143884892,-1.7763568394002505e-15,True
SAU,Saudi Arabia,Eastern Mediterranean Region,2017,Blood,Acinetobacter,Gentamicin,1491,182,117,64.2857142857143,64.28571428571429,1.4210854715202004e-14,True
SAU,Saudi Arabia,Eastern Mediterranean Region,2017,Blood,Acinetobacter,Imipenem,1491,183,140,76.5027322404372,76.50273224043715,4.263256414560601e-14,True
SAU,Saudi Arabia,Eastern Mediterranean Region,2017,Blood,Acinetobacter,Meropenem,1491,184,138,75.0,75.0,0.0,True
SAU,Saudi Arabia,Eastern Mediterranean Region,2017,Blood,Acinetobacter,Minocycline,1491,29,9,31.0344827586207,31.03448275862069,1.0658141036401503e-14,True
SAU,Saudi Arabia,Eastern Mediterranean Region,2017,Blood,Acinetobacter,Tigecycline,1491,115,26,22.6086956521739,22.608695652173914,-1.4210854715202004e-14,True
SAU,Saudi Arabia,Eastern Mediterranean Region,2017,Blood,Escherichia coli,Ampicillin,1491,344,284,82.5581395348837,82.55813953488372,-2.842170943040401e-14,True
SAU,Saudi Arabia,Eastern Mediterranean Region,2017,Blood,Escherichia coli,Cefepime,1491,345,131,37.9710144927536,37.971014492753625,-2.1316282072803006e-14,True
SAU,Saudi Arabia,Eastern Mediterranean Region,2017,Blood,Escherichia coli,Cefotaxime,1491,103,68,66.0194174757282,66.01941747572816,4.263256414560601e-14,True
SAU,Saudi Arabia,Eastern Mediterranean Region,2017,Blood,Escherichia coli,Ceftazidime,1491,336,156,46.4285714285714,46.42857142857143,-2.842170943040401e-14,True
SAU,Saudi Arabia,Eastern Mediterranean Region,2017,Blood,Escherichia coli,Ceftriaxone,1491,299,137,45.819397993311,45.819397993311036,-3.552713678800501e-14,True
SAU,Saudi Arabia,Eastern Mediterranean Region,2017,Blood,Escherichia coli,Ciprofloxacin,1491,336,159,47.3214285714286,47.32142857142857,2.842170943040401e-14,True
SAU,Saudi Arabia,Eastern Mediterranean Region,2017,Blood,Escherichia coli,Colistin,1491,42,13,30.952380952381,30.952380952380953,4.618527782440651e-14,True
SAU,Saudi Arabia,Eastern Mediterranean Region,2017,Blood,Escherichia coli,Ertapenem,1491,70,10,14.2857142857143,14.285714285714285,1.5987211554602254e-14,True
SAU,Saudi Arabia,Eastern Mediterranean Region,2017,Blood,Escherichia coli,Imipenem,1491,353,12,3.39943342776204,3.39943342776204,0.0,True
SAU,Saudi Arabia,Eastern Mediterranean Region,2017,Blood,Escherichia coli,Levofloxacin,1491,110,56,50.9090909090909,50.90909090909091,-7.105427357601002e-15,True
SAU,Saudi Arabia,Eastern Mediterranean Region,2017,Blood,Escherichia coli,Meropenem,1491,339,6,1.76991150442478,1.7699115044247788,1.1102230246251565e-15,True
SAU,Saudi Arabia,Eastern Mediterranean Region,2017,Blood,Escherichia coli,Tinidazole,1491,103,68,66.0194174757282,66.01941747572816,4.263256414560601e-14,True
SAU,Saudi Arabia,Eastern Mediterranean Region,2017,Blood,Escherichia coli,Trimethoprim/sulfamethoxazole,1491,149,94,63.0872483221477,63.08724832214765,4.973799150320701e-14,True
SAU,Saudi Arabia,Eastern Mediterranean Region,2017,Blood,Klebsiella pneumoniae,Cefepime,1491,473,195,41.2262156448203,41.2262156448203,0.0,True
SAU,Saudi Arabia,Eastern Mediterranean Region,2017,Blood,Klebsiella pneumoniae,Cefotaxime,1491,201,149,74.1293532338308,74.12935323383084,-4.263256414560601e-14,True
SAU,Saudi Arabia,Eastern Mediterranean Region,2017,Blood,Klebsiella pneumoniae,Ceftazidime,1491,489,252,51.5337423312883,51.533742331288344,-4.263256414560601e-14,True
SAU,Saudi Arabia,Eastern Mediterranean Region,2017,Blood,Klebsiella pneumoniae,Ceftriaxone,1491,406,189,46.551724137931,46.55172413793103,-3.552713678800501e-14,True
SAU,Saudi Arabia,Eastern Mediterranean Region,2017,Blood,Klebsiella pneumoniae,Ciprofloxacin,1491,497,195,39.2354124748491,39.2354124748491,0.0,True
SAU,Saudi Arabia,Eastern Mediterranean Region,2017,Blood,Klebsiella pneumoniae,Colistin,1491,143,36,25.1748251748252,25.174825174825177,2.4868995751603507e-14,True
SAU,Saudi Arabia,Eastern Mediterranean Region,2017,Blood,Klebsiella pneumoniae,Ertapenem,1491,190,92,48.4210526315789,48.421052631578945,-4.263256414560601e-14,True
SAU,Saudi Arabia,Eastern Mediterranean Region,2017,Blood,Klebsiella pneumoniae,Imipenem,1491,494,108,21.8623481781377,21.86234817813765,4.973799150320701e-14,True
SAU,Saudi Arabia,Eastern Mediterranean Region,2017,Blood,Klebsiella pneumoniae,Levofloxacin,1491,238,123,51.6806722689076,51.68067226890757,2.842170943040401e-14,True
SAU,Saudi Arabia,Eastern Mediterranean Region,2017,Blood,Klebsiella pneumoniae,Meropenem,1491,487,113,23.2032854209446,23.203285420944557,4.263256414560601e-14,True
SAU,Saudi Arabia,Eastern Mediterranean Region,2017,Blood,Klebsiella pneumoniae,Trimethoprim/sulfamethoxazole,1491,325,148,45.5384615384615,45.53846153846154,-4.263256414560601e-14,True
SAU,Saudi Arabia,Eastern Mediterranean Region,2017,Blood,Salmonella,Ceftazidime,1491,38,0,0.0,0.0,0.0,True
SAU,Saudi Arabia,Eastern Mediterranean Region,2017,Blood,Salmonella,Ceftriaxone,1491,36,0,0.0,0.0,0.0,True
SAU,Saudi Arabia,Eastern Mediterranean Region,2017,Blood,Salmonella,Ciprofloxacin,1491,37,18,48.6486486486487,48.64864864864865,4.973799150320701e-14,True
SAU,Saudi Arabia,Eastern Mediterranean Region,2017,Blood,Salmonella,Imipenem,1491,38,0,0.0,0.0,0.0,True
SAU,Saudi Arabia,Eastern Mediterranean Region,2017,Blood,Salmonella,Meropenem,1491,38,0,0.0,0.0,0.0,True
SAU,Saudi Arabia,Eastern Mediterranean Region,2017,Blood,Staphylococcus aureus,Meticillin,1491,341,113,33.1378299120235,33.137829912023456,4.263256414560601e-14,True
SAU,Saudi Arabia,Eastern Mediterranean Region,2017,Blood,Streptococcus pneumoniae,Cefotaxime,1491,29,4,13.7931034482759,13.793103448275861,3.907985046680551e-14,True
SAU,Saudi Arabia,Eastern Mediterranean Region,2017,Blood,Streptococcus pneumoniae,Ceftriaxone,1491,32,2,6.25,6.25,0.0,True
SAU,Saudi Arabia,Eastern Mediterranean Region,2017,Blood,Streptococcus pneumoniae,Oxacillin,1491,12,0,0.0,0.0,0.0,True
SAU,Saudi Arabia,Eastern Mediterranean Region,2017,Blood,Streptococcus pneumoniae,Trimethoprim/sulfamethoxazole,1491,24,9,37.5,37.5,0.0,True
SAU,Saudi Arabia,Eastern Mediterranean Region,2017,Stool,Salmonella,Cefotaxime,225,110,14,12.7272727272727,12.727272727272727,-2.6645352591003757e-14,True
SAU,Saudi Arabia,Eastern Mediterranean Region,2017,Stool,Salmonella,Ceftazidime,225,201,6,2.98507462686567,2.9850746268656714,-1.3322676295501878e-15,True
SAU,Saudi Arabia,Eastern Mediterranean Region,2017,Stool,Salmonella,Ceftriaxone,225,142,6,4.22535211267606,4.225352112676056,3.552713678800501e-15,True
SAU,Saudi Arabia,Eastern Mediterranean Region,2017,Stool,Salmonella,Ciprofloxacin,225,203,102,50.2463054187192,50.24630541871922,-1.4210854715202004e-14,True
SAU,Saudi Arabia,Eastern Mediterranean Region,2017,Stool,Salmonella,Ertapenem,225,91,15,16.4835164835165,16.483516483516482,1.7763568394002505e-14,True
SAU,Saudi Arabia,Eastern Mediterranean Region,2017,Stool,Salmonella,Imipenem,225,213,12,5.63380281690141,5.633802816901409,8.881784197001252e-16,True
SAU,Saudi Arabia,Eastern Mediterranean Region,2017,Stool,Salmonella,Levofloxacin,225,87,6,6.89655172413793,6.896551724137931,-8.881784197001252e-16,True
SAU,Saudi Arabia,Eastern Mediterranean Region,2017,Stool,Salmonella,Meropenem,225,207,0,0.0,0.0,0.0,True
SAU,Saudi Arabia,Eastern Mediterranean Region,2017,Urine,Escherichia coli,Ampicillin,3860,2712,2068,76.2536873156342,76.25368731563422,-2.842170943040401e-14,True
SAU,Saudi Arabia,Eastern Mediterranean Region,2017,Urine,Escherichia coli,Cefepime,3860,2665,849,31.8574108818011,31.857410881801123,-2.1316282072803006e-14,True
SAU,Saudi Arabia,Eastern Mediterranean Region,2017,Urine,Escherichia coli,Cefotaxime,3860,1146,544,47.4694589877836,47.4694589877836,0.0,True
SAU,Saudi Arabia,Eastern Mediterranean Region,2017,Urine,Escherichia coli,Ceftazidime,3860,2627,1088,41.4160639512752,41.41606395127522,-2.1316282072803006e-14,True
SAU,Saudi Arabia,Eastern Mediterranean Region,2017,Urine,Escherichia coli,Ceftriaxone,3860,1884,885,46.9745222929936,46.97452229299363,-3.552713678800501e-14,True
SAU,Saudi Arabia,Eastern Mediterranean Region,2017,Urine,Escherichia coli,Ciprofloxacin,3860,2500,973,38.92,38.92,0.0,True
SAU,Saudi Arabia,Eastern Mediterranean Region,2017,Urine,Escherichia coli,Colistin,3860,311,26,8.36012861736334,8.360128617363344,-3.552713678800501e-15,True
SAU,Saudi Arabia,Eastern Mediterranean Region,2017,Urine,Escherichia coli,Ertapenem,3860,1171,112,9.56447480785653,9.564474807856532,-1.7763568394002505e-15,True
SAU,Saudi Arabia,Eastern Mediterranean Region,2017,Urine,Escherichia coli,Imipenem,3860,2712,75,2.76548672566372,2.765486725663717,3.1086244689504383e-15,True
SAU,Saudi Arabia,Eastern Mediterranean Region,2017,Urine,Escherichia coli,Levofloxacin,3860,1396,569,40.7593123209169,40.759312320916905,-7.105427357601002e-15,True
SAU,Saudi Arabia,Eastern Mediterranean Region,2017,Urine,Escherichia coli,Meropenem,3860,2601,33,1.26874279123414,1.2687427912341407,-6.661338147750939e-16,True
SAU,Saudi Arabia,Eastern Mediterranean Region,2017,Urine,Escherichia coli,Trimethoprim/sulfamethoxazole,3860,1546,833,53.8809831824062,53.880983182406204,-7.105427357601002e-15,True
SAU,Saudi Arabia,Eastern Mediterranean Region,2017,Urine,Klebsiella pneumoniae,Cefepime,3860,1031,346,33.5596508244423,33.559650824442286,1.4210854715202004e-14,True
SAU,Saudi Arabia,Eastern Mediterranean Region,2017,Urine,Klebsiella pneumoniae,Cefotaxime,3860,473,258,54.5454545454545,54.54545454545454,-4.263256414560601e-14,True
SAU,Saudi Arabia,Eastern Mediterranean Region,2017,Urine,Klebsiella pneumoniae,Ceftazidime,3860,1041,390,37.463976945245,37.46397694524496,4.263256414560601e-14,True
SAU,Saudi Arabia,Eastern Mediterranean Region,2017,Urine,Klebsiella pneumoniae,Ceftriaxone,3860,760,311,40.9210526315789,40.921052631578945,-4.263256414560601e-14,True
SAU,Saudi Arabia,Eastern Mediterranean Region,2017,Urine,Klebsiella pneumoniae,Ciprofloxacin,3860,1069,295,27.5958840037418,27.595884003741816,-1.4210854715202004e-14,True
SAU,Saudi Arabia,Eastern Mediterranean Region,2017,Urine,Klebsiella pneumoniae,Colistin,3860,181,48,26.5193370165746,26.519337016574585,1.4210854715202004e-14,True
SAU,Saudi Arabia,Eastern Mediterranean Region,2017,Urine,Klebsiella pneumoniae,Ertapenem,3860,485,140,28.8659793814433,28.865979381443296,3.552713678800501e-15,True
SAU,Saudi Arabia,Eastern Mediterranean Region,2017,Urine,Klebsiella pneumoniae,Imipenem,3860,1084,135,12.4538745387454,12.453874538745389,1.0658141036401503e-14,True
SAU,Saudi Arabia,Eastern Mediterranean Region,2017,Urine,Klebsiella pneumoniae,Levofloxacin,3860,548,176,32.1167883211679,32.11678832116788,2.1316282072803006e-14,True
SAU,Saudi Arabia,Eastern Mediterranean Region,2017,Urine,Klebsiella pneumoniae,Meropenem,3860,1026,133,12.962962962963,12.962962962962962,3.730349362740526e-14,True
SAU,Saudi Arabia,Eastern Mediterranean Region,2017,Urine,Klebsiella pneumoniae,Trimethoprim/sulfamethoxazole,3860,647,288,44.5131375579598,44.513137557959816,-1.4210854715202004e-14,True
SAU,Saudi Arabia,Eastern Mediterranean Region,2018,Blood,Acinetobacter,Amikacin,2420,290,227,78.2758620689655,78.27586206896552,-2.842170943040401e-14,True
SAU,Saudi Arabia,Eastern Mediterranean Region,2018,Blood,Acinetobacter,Colistin,2420,257,21,8.17120622568093,8.171206225680933,-3.552713678800501e-15,True
SAU,Saudi Arabia,Eastern Mediterranean Region,2018,Blood,Acinetobacter,Gentamicin,2420,304,237,77.9605263157895,77.96052631578947,2.842170943040401e-14,True
SAU,Saudi Arabia,Eastern Mediterranean Region,2018,Blood,Acinetobacter,Imipenem,2420,302,261,86.4238410596027,86.42384105960265,4.263256414560601e-14,True
SAU,Saudi Arabia,Eastern Mediterranean Region,2018,Blood,Acinetobacter,Meropenem,2420,309,269,87.0550161812298,87.05501618122977,2.842170943040401e-14,True
SAU,Saudi Arabia,Eastern Mediterranean Region,2018,Blood,Acinetobacter,Minocycline,2420,44,20,45.4545454545455,45.45454545454545,4.973799150320701e-14,True
SAU,Saudi Arabia,Eastern Mediterranean Region,2018,Blood,Acinetobacter,Tigecycline,2420,223,81,36.322869955157,36.32286995515695,4.973799150320701e-14,True
SAU,Saudi Arabia,Eastern Mediterranean Region,2018,Blood,Escherichia coli,Ampicillin,2420,555,442,79.6396396396396,79.63963963963964,-4.263256414560601e-14,True
SAU,Saudi Arabia,Eastern Mediterranean Region,2018,Blood,Escherichia coli,Cefepime,2420,560,267,47.6785714285714,47.67857142857143,-2.842170943040401e-14,True
SAU,Saudi Arabia,Eastern Mediterranean Region,2018,Blood,Escherichia coli,Cefotaxime,2420,302,163,53.9735099337748,53.973509933774835,-3.552713678800501e-14,True
SAU,Saudi Arabia,Eastern Mediterranean Region,2018,Blood,Escherichia coli,Ceftazidime,2420,557,284,50.9874326750449,50.987432675044886,1.4210854715202004e-14,True
SAU,Saudi Arabia,Eastern Mediterranean Region,2018,Blood,Escherichia coli,Ceftriaxone,2420,480,262,54.5833333333333,54.58333333333333,-2.842170943040401e-14,True
SAU,Saudi Arabia,Eastern Mediterranean Region,2018,Blood,Escherichia coli,Ciprofloxacin,2420,562,248,44.1281138790036,44.128113879003564,3.552713678800501e-14,True
SAU,Saudi Arabia,Eastern Mediterranean Region,2018,Blood,Escherichia coli,Colistin,2420,200,11,5.5,5.5,0.0,True
SAU,Saudi Arabia,Eastern Mediterranean Region,2018,Blood,Escherichia coli,Ertapenem,2420,327,12,3.6697247706422,3.669724770642202,-2.220446049250313e-15,True
SAU,Saudi Arabia,Eastern Mediterranean Region,2018,Blood,Escherichia coli,Imipenem,2420,527,7,1.32827324478178,1.3282732447817838,-3.774758283725532e-15,True
SAU,Saudi Arabia,Eastern Mediterranean Region,2018,Blood,Escherichia coli,Levofloxacin,2420,401,180,44.8877805486284,44.88778054862843,-2.842170943040401e-14,True
SAU,Saudi Arabia,Eastern Mediterranean Region,2018,Blood,Escherichia coli,Meropenem,2420,563,12,2.13143872113677,2.1314387211367674,2.6645352591003757e-15,True
SAU,Saudi Arabia,Eastern Mediterranean Region,2018,Blood,Escherichia coli,Tinidazole,2420,480,262,54.5833333333333,54.58333333333333,-2.842170943040401e-14,True
SAU,Saudi Arabia,Eastern Mediterranean Region,2018,Blood,Escherichia coli,Trimethoprim/sulfamethoxazole,2420,377,199,52.7851458885942,52.785145888594165,3.552713678800501e-14,True
SAU,Saudi Arabia,Eastern Mediterranean Region,2018,Blood,Klebsiella pneumoniae,Cefepime,2420,823,551,66.9501822600243,66.9501822600243,0.0,True
SAU,Saudi Arabia,Eastern Mediterranean Region,2018,Blood,Klebsiella pneumoniae,Cefotaxime,2420,494,362,73.2793522267206,73.27935222672065,-4.263256414560601e-14,True
SAU,Saudi Arabia,Eastern Mediterranean Region,2018,Blood,Klebsiella pneumoniae,Ceftazidime,2420,817,559,68.4210526315789,68.42105263157895,-4.263256414560601e-14,True
SAU,Saudi Arabia,Eastern Mediterranean Region,2018,Blood,Klebsiella pneumoniae,Ceftriaxone,2420,721,496,68.7933425797503,68.79334257975034,-4.263256414560601e-14,True
SAU,Saudi Arabia,Eastern Mediterranean Region,2018,Blood,Klebsiella pneumoniae,Ciprofloxacin,2420,832,443,53.2451923076923,53.245192307692314,-1.4210854715202004e-14,True
SAU,Saudi Arabia,Eastern Mediterranean Region,2018,Blood,Klebsiella pneumoniae,Colistin,2420,410,90,21.9512195121951,21.951219512195124,-2.4868995751603507e-14,True
SAU,Saudi Arabia,Eastern Mediterranean Region,2018,Blood,Klebsiella pneumoniae,Ertapenem,2420,559,281,50.2683363148479,50.268336314847936,-3.552713678800501e-14,True
SAU,Saudi Arabia,Eastern Mediterranean Region,2018,Blood,Klebsiella pneumoniae,Imipenem,2420,782,238,30.4347826086957,30.434782608695656,4.263256414560601e-14,True
SAU,Saudi Arabia,Eastern Mediterranean Region,2018,Blood,Klebsiella pneumoniae,Levofloxacin,2420,679,372,54.7864506627393,54.78645066273933,-2.842170943040401e-14,True
SAU,Saudi Arabia,Eastern Mediterranean Region,2018,Blood,Klebsiella pneumoniae,Meropenem,2420,827,293,35.4292623941959,35.42926239419589,1.4210854715202004e-14,True
SAU,Saudi Arabia,Eastern Mediterranean Region,2018,Blood,Klebsiella pneumoniae,Trimethoprim/sulfamethoxazole,2420,705,462,65.531914893617,65.53191489361701,-1.4210854715202004e-14,True
SAU,Saudi Arabia,Eastern Mediterranean Region,2018,Blood,Salmonella,Ceftazidime,2420,42,2,4.76190476190476,4.761904761904762,-1.7763568394002505e-15,True
SAU,Saudi Arabia,Eastern Mediterranean Region,2018,Blood,Salmonella,Ceftriaxone,2420,37,4,10.8108108108108,10.81081081081081,-1.0658141036401503e-14,True
SAU,Saudi Arabia,Eastern Mediterranean Region,2018,Blood,Salmonella,Ciprofloxacin,2420,36,11,30.5555555555556,30.555555555555557,4.263256414560601e-14,True
SAU,Saudi Arabia,Eastern Mediterranean Region,2018,Blood,Salmonella,Imipenem,2420,39,2,5.12820512820513,5.128205128205128,2.6645352591003757e-15,True
SAU,Saudi Arabia,Eastern Mediterranean Region,2018,Blood,Salmonella,Meropenem,2420,42,1,2.38095238095238,2.380952380952381,-8.881784197001252e-16,True
SAU,Saudi Arabia,Eastern Mediterranean Region,2018,Blood,Staphylococcus aureus,Meticillin,2420,546,254,46.5201465201465,46.52014652014652,-2.1316282072803006e-14,True
SAU,Saudi Arabia,Eastern Mediterranean Region,2018,Blood,Streptococcus pneumoniae,Cefotaxime,2420,51,5,9.80392156862745,9.803921568627452,-1.7763568394002505e-15,True
SAU,Saudi Arabia,Eastern Mediterranean Region,2018,Blood,Streptococcus pneumoniae,Ceftriaxone,2420,44,1,2.27272727272727,2.272727272727273,-3.1086244689504383e-15,True
SAU,Saudi Arabia,Eastern Mediterranean Region,2018,Blood,Streptococcus pneumoniae,Oxacillin,2420,20,1,5.0,5.0,0.0,True
SAU,Saudi Arabia,Eastern Mediterranean Region,2018,Blood,Streptococcus pneumoniae,Trimethoprim/sulfamethoxazole,2420,36,9,25.0,25.0,0.0,True
SAU,Saudi Arabia,Eastern Mediterranean Region,2018,Stool,Salmonella,Cefotaxime,166,99,6,6.06060606060606,6.0606060606060606,-8.881784197001252e-16,True
SAU,Saudi Arabia,Eastern Mediterranean Region,2018,Stool,Salmonella,Ceftazidime,166,151,6,3.97350993377483,3.9735099337748347,-4.884981308350689e-15,True
SAU,Saudi Arabia,Eastern Mediterranean Region,2018,Stool,Salmonella,Ceftriaxone,166,92,3,3.26086956521739,3.260869565217391,-1.3322676295501878e-15,True
SAU,Saudi Arabia,Eastern Mediterranean Region,2018,Stool,Salmonella,Ciprofloxacin,166,141,32,22.6950354609929,22.69503546099291,-7.105427357601002e-15,True
SAU,Saudi Arabia,Eastern Mediterranean Region,2018,Stool,Salmonella,Ertapenem,166,95,3,3.15789473684211,3.1578947368421053,4.884981308350689e-15,True
SAU,Saudi Arabia,Eastern Mediterranean Region,2018,Stool,Salmonella,Imipenem,166,129,1,0.775193798449612,0.7751937984496124,-4.440892098500626e-16,True
SAU,Saudi Arabia,Eastern Mediterranean Region,2018,Stool,Salmonella,Levofloxacin,166,116,4,3.44827586206897,3.4482758620689653,4.884981308350689e-15,True
SAU,Saudi Arabia,Eastern Mediterranean Region,2018,Stool,Salmonella,Meropenem,166,148,0,0.0,0.0,0.0,True
SAU,Saudi Arabia,Eastern Mediterranean Region,2018,Urine,Escherichia coli,Ampicillin,5627,3851,2872,74.5780316800831,74.57803168008309,1.4210854715202004e-14,True
SAU,Saudi Arabia,Eastern Mediterranean Region,2018,Urine,Escherichia coli,Cefepime,5627,3915,1617,41.3026819923372,41.30268199233716,3.552713678800501e-14,True
SAU,Saudi Arabia,Eastern Mediterranean Region,2018,Urine,Escherichia coli,Cefotaxime,5627,2570,1067,41.5175097276265,41.51750972762646,4.263256414560601e-14,True
SAU,Saudi Arabia,Eastern Mediterranean Region,2018,Urine,Escherichia coli,Ceftazidime,5627,3913,1683,43.0104778941988,43.01047789419882,-2.1316282072803006e-14,True
SAU,Saudi Arabia,Eastern Mediterranean Region,2018,Urine,Escherichia coli,Ceftriaxone,5627,2977,1375,46.1874370171313,46.18743701713134,-3.552713678800501e-14,True
SAU,Saudi Arabia,Eastern Mediterranean Region,2018,Urine,Escherichia coli,Ciprofloxacin,5627,3853,1595,41.3963145600831,41.396314560083056,4.263256414560601e-14,True
SAU,Saudi Arabia,Eastern Mediterranean Region,2018,Urine,Escherichia coli,Colistin,5627,1044,55,5.26819923371647,5.268199233716475,-4.440892098500626e-15,True
SAU,Saudi Arabia,Eastern Mediterranean Region,2018,Urine,Escherichia coli,Ertapenem,5627,2797,113,4.04004290311047,4.040042903110475,-5.329070518200751e-15,True
SAU,Saudi Arabia,Eastern Mediterranean Region,2018,Urine,Escherichia coli,Imipenem,5627,3706,77,2.07771181867242,2.077711818672423,-3.1086244689504383e-15,True
SAU,Saudi Arabia,Eastern Mediterranean Region,2018,Urine,Escherichia coli,Levofloxacin,5627,3177,1331,41.8948693736229,41.89486937362292,-1.4210854715202004e-14,True
SAU,Saudi Arabia,Eastern Mediterranean Region,2018,Urine,Escherichia coli,Meropenem,5627,3912,93,2.37730061349693,2.377300613496933,-2.6645352591003757e-15,True
SAU,Saudi Arabia,Eastern Mediterranean Region,2018,Urine,Escherichia coli,Trimethoprim/sulfamethoxazole,5627,2817,1472,52.2541711040114,52.25417110401136,3.552713678800501e-14,True
SAU,Saudi Arabia,Eastern Mediterranean Region,2018,Urine,Klebsiella pneumoniae,Cefepime,5627,1587,883,55.6395715185885,55.639571518588525,-2.842170943040401e-14,True
SAU,Saudi Arabia,Eastern Mediterranean Region,2018,Urine,Klebsiella pneumoniae,Cefotaxime,5627,1068,593,55.5243445692884,55.52434456928839,1.4210854715202004e-14,True
SAU,Saudi Arabia,Eastern Mediterranean Region,2018,Urine,Klebsiella pneumoniae,Ceftazidime,5627,1583,861,54.3903979785218,54.3903979785218,0.0,True
SAU,Saudi Arabia,Eastern Mediterranean Region,2018,Urine,Klebsiella pneumoniae,Ceftriaxone,5627,1264,734,58.0696202531646,58.06962025316456,4.263256414560601e-14,True
SAU,Saudi Arabia,Eastern Mediterranean Region,2018,Urine,Klebsiella pneumoniae,Ciprofloxacin,5627,1603,690,43.0442919525889,43.0442919525889,0.0,True
SAU,Saudi Arabia,Eastern Mediterranean Region,2018,Urine,Klebsiella pneumoniae,Colistin,5627,674,130,19.2878338278932,19.287833827893174,2.4868995751603507e-14,True
SAU,Saudi Arabia,Eastern Mediterranean Region,2018,Urine,Klebsiella pneumoniae,Ertapenem,5627,1235,396,32.0647773279352,32.064777327935225,-2.842170943040401e-14,True
SAU,Saudi Arabia,Eastern Mediterranean Region,2018,Urine,Klebsiella pneumoniae,Imipenem,5627,1513,283,18.7045604758757,18.70456047587574,-4.263256414560601e-14,True
SAU,Saudi Arabia,Eastern Mediterranean Region,2018,Urine,Klebsiella pneumoniae,Levofloxacin,5627,1414,588,41.5841584158416,41.584158415841586,1.4210854715202004e-14,True
SAU,Saudi Arabia,Eastern Mediterranean Region,2018,Urine,Klebsiella pneumoniae,Meropenem,5627,1579,348,22.0392653578214,22.039265357821407,-7.105427357601002e-15,True
SAU,Saudi Arabia,Eastern Mediterranean Region,2018,Urine,Klebsiella pneumoniae,Trimethoprim/sulfamethoxazole,5627,1279,743,58.0922595777952,58.09225957779516,3.552713678800501e-14,True
SAU,Saudi Arabia,Eastern Mediterranean Region,2019,Blood,Acinetobacter,Amikacin,2528,274,206,75.1824817518248,75.18248175182481,-1.4210854715202004e-14,True
SAU,Saudi Arabia,Eastern Mediterranean Region,2019,Blood,Acinetobacter,Colistin,2528,238,28,11.7647058823529,11.76470588235294,-4.085620730620576e-14,True
SAU,Saudi Arabia,Eastern Mediterranean Region,2019,Blood,Acinetobacter,Gentamicin,2528,297,205,69.023569023569,69.02356902356902,-2.842170943040401e-14,True
SAU,Saudi Arabia,Eastern Mediterranean Region,2019,Blood,Acinetobacter,Imipenem,2528,303,246,81.1881188118812,81.1881188118812,0.0,True
SAU,Saudi Arabia,Eastern Mediterranean Region,2019,Blood,Acinetobacter,Meropenem,2528,303,244,80.5280528052805,80.52805280528052,-2.842170943040401e-14,True
SAU,Saudi Arabia,Eastern Mediterranean Region,2019,Blood,Acinetobacter,Minocycline,2528,25,16,64.0,64.0,0.0,True
SAU,Saudi Arabia,Eastern Mediterranean Region,2019,Blood,Acinetobacter,Tigecycline,2528,219,55,25.1141552511416,25.11415525114155,4.973799150320701e-14,True
SAU,Saudi Arabia,Eastern Mediterranean Region,2019,Blood,Escherichia coli,Ampicillin,2528,579,448,77.3747841105354,77.37478411053542,-1.4210854715202004e-14,True
SAU,Saudi Arabia,Eastern Mediterranean Region,2019,Blood,Escherichia coli,Cefepime,2528,563,302,53.6412078152753,53.641207815275315,-1.4210854715202004e-14,True
SAU,Saudi Arabia,Eastern Mediterranean Region,2019,Blood,Escherichia coli,Cefotaxime,2528,337,190,56.379821958457,56.37982195845698,2.1316282072803006e-14,True
SAU,Saudi Arabia,Eastern Mediterranean Region,2019,Blood,Escherichia coli,Ceftazidime,2528,563,316,56.1278863232682,56.12788632326821,-7.105427357601002e-15,True
SAU,Saudi Arabia,Eastern Mediterranean Region,2019,Blood,Escherichia coli,Ceftriaxone,2528,496,284,57.258064516129,57.25806451612904,-4.263256414560601e-14,True
SAU,Saudi Arabia,Eastern Mediterranean Region,2019,Blood,Escherichia coli,Ciprofloxacin,2528,576,285,49.4791666666667,49.47916666666667,2.842170943040401e-14,True
SAU,Saudi Arabia,Eastern Mediterranean Region,2019,Blood,Escherichia coli,Colistin,2528,198,5,2.52525252525253,2.525252525252525,4.884981308350689e-15,True
SAU,Saudi Arabia,Eastern Mediterranean Region,2019,Blood,Escherichia coli,Ertapenem,2528,365,8,2.19178082191781,2.191780821917808,1.7763568394002505e-15,True
SAU,Saudi Arabia,Eastern Mediterranean Region,2019,Blood,Escherichia coli,Imipenem,2528,537,6,1.11731843575419,1.1173184357541899,2.220446049250313e-16,True
SAU,Saudi Arabia,Eastern Mediterranean Region,2019,Blood,Escherichia coli,Levofloxacin,2528,410,203,49.5121951219512,49.51219512195122,-2.1316282072803006e-14,True
SAU,Saudi Arabia,Eastern Mediterranean Region,2019,Blood,Escherichia coli,Meropenem,2528,563,5,0.88809946714032,0.8880994671403196,3.3306690738754696e-16,True
SAU,Saudi Arabia,Eastern Mediterranean Region,2019,Blood,Escherichia coli,Tinidazole,2528,496,284,57.258064516129,57.25806451612904,-4.263256414560601e-14,True
SAU,Saudi Arabia,Eastern Mediterranean Region,2019,Blood,Escherichia coli,Trimethoprim/sulfamethoxazole,2528,483,257,53.2091097308489,53.20910973084886,4.263256414560601e-14,True
SAU,Saudi Arabia,Eastern Mediterranean Region,2019,Blood,Klebsiella pneumoniae,Cefepime,2528,846,606,71.6312056737589,71.63120567375887,2.842170943040401e-14,True
SAU,Saudi Arabia,Eastern Mediterranean Region,2019,Blood,Klebsiella pneumoniae,Cefotaxime,2528,524,387,73.8549618320611,73.85496183206108,1.4210854715202004e-14,True
SAU,Saudi Arabia,Eastern Mediterranean Region,2019,Blood,Klebsiella pneumoniae,Ceftazidime,2528,843,603,71.5302491103203,71.53024911032028,1.4210854715202004e-14,True
SAU,Saudi Arabia,Eastern Mediterranean Region,2019,Blood,Klebsiella pneumoniae,Ceftriaxone,2528,763,540,70.7732634338139,70.7732634338139,0.0,True
SAU,Saudi Arabia,Eastern Mediterranean Region,2019,Blood,Klebsiella pneumoniae,Ciprofloxacin,2528,867,498,57.439446366782,57.43944636678201,-7.105427357601002e-15,True
SAU,Saudi Arabia,Eastern Mediterranean Region,2019,Blood,Klebsiella pneumoniae,Colistin,2528,485,136,28.0412371134021,28.04123711340206,3.907985046680551e-14,True
SAU,Saudi Arabia,Eastern Mediterranean Region,2019,Blood,Klebsiella pneumoniae,Ertapenem,2528,605,308,50.9090909090909,50.90909090909091,-7.105427357601002e-15,True
SAU,Saudi Arabia,Eastern Mediterranean Region,2019,Blood,Klebsiella pneumoniae,Imipenem,2528,831,323,38.8688327316486,38.86883273164862,-1.4210854715202004e-14,True
SAU,Saudi Arabia,Eastern Mediterranean Region,2019,Blood,Klebsiella pneumoniae,Levofloxacin,2528,672,390,58.0357142857143,58.03571428571429,7.105427357601002e-15,True
SAU,Saudi Arabia,Eastern Mediterranean Region,2019,Blood,Klebsiella pneumoniae,Meropenem,2528,857,372,43.4072345390898,43.40723453908985,-4.973799150320701e-14,True
SAU,Saudi Arabia,Eastern Mediterranean Region,2019,Blood,Klebsiella pneumoniae,Trimethoprim/sulfamethoxazole,2528,792,521,65.7828282828283,65.78282828282829,1.4210854715202004e-14,True
SAU,Saudi Arabia,Eastern Mediterranean Region,2019,Blood,Salmonella,Cefotaxime,2528,29,2,6.89655172413793,6.896551724137931,-8.881784197001252e-16,True
SAU,Saudi Arabia,Eastern Mediterranean Region,2019,Blood,Salmonella,Ceftazidime,2528,40,2,5.0,5.0,0.0,True
SAU,Saudi Arabia,Eastern Mediterranean Region,2019,Blood,Salmonella,Ceftriaxone,2528,33,2,6.06060606060606,6.0606060606060606,-8.881784197001252e-16,True
SAU,Saudi Arabia,Eastern Mediterranean Region,2019,Blood,Salmonella,Ciprofloxacin,2528,32,10,31.25,31.25,0.0,True
SAU,Saudi Arabia,Eastern Mediterranean Region,2019,Blood,Salmonella,Ertapenem,2528,29,0,0.0,0.0,0.0,True
SAU,Saudi Arabia,Eastern Mediterranean Region,2019,Blood,Salmonella,Imipenem,2528,40,1,2.5,2.5,0.0,True
SAU,Saudi Arabia,Eastern Mediterranean Region,2019,Blood,Salmonella,Levofloxacin,2528,21,2,9.52380952380952,9.523809523809524,-3.552713678800501e-15,True
SAU,Saudi Arabia,Eastern Mediterranean Region,2019,Blood,Salmonella,Meropenem,2528,40,0,0.0,0.0,0.0,True
SAU,Saudi Arabia,Eastern Mediterranean Region,2019,Blood,Staphylococcus aureus,Cefoxitin,2528,615,301,48.9430894308943,48.94308943089431,-1.4210854715202004e-14,True
SAU,Saudi Arabia,Eastern Mediterranean Region,2019,Blood,Staphylococcus aureus,Meticillin,2528,615,301,48.9430894308943,48.94308943089431,-1.4210854715202004e-14,True
SAU,Saudi Arabia,Eastern Mediterranean Region,2019,Blood,Streptococcus pneumoniae,Cefotaxime,2528,33,3,9.09090909090909,9.090909090909092,-1.7763568394002505e-15,True
SAU,Saudi Arabia,Eastern Mediterranean Region,2019,Blood,Streptococcus pneumoniae,Ceftriaxone,2528,43,2,4.65116279069767,4.651162790697675,-4.440892098500626e-15,True
SAU,Saudi Arabia,Eastern Mediterranean Region,2019,Blood,Streptococcus pneumoniae,Oxacillin,2528,19,8,42.1052631578947,42.10526315789473,-3.552713678800501e-14,True
SAU,Saudi Arabia,Eastern Mediterranean Region,2019,Blood,Streptococcus pneumoniae,Trimethoprim/sulfamethoxazole,2528,48,16,33.3333333333333,33.33333333333333,-2.842170943040401e-14,True
SAU,Saudi Arabia,Eastern Mediterranean Region,2019,Genital,Neisseria gonorrhoeae,Ceftriaxone,99,99,5,5.05050505050505,5.05050505050505,0.0,True
SAU,Saudi Arabia,Eastern Mediterranean Region,2019,Genital,Neisseria gonorrhoeae,Ciprofloxacin,99,99,94,94.9494949494949,94.94949494949495,-4.263256414560601e-14,True
SAU,Saudi Arabia,Eastern Mediterranean Region,2019,Genital,Neisseria gonorrhoeae,Spectinomycin,99,89,0,0.0,0.0,0.0,True
SAU,Saudi Arabia,Eastern Mediterranean Region,2019,Stool,Salmonella,Cefotaxime,235,139,11,7.9136690647482,7.913669064748201,-8.881784197001252e-16,True
SAU,Saudi Arabia,Eastern Mediterranean Region,2019,Stool,Salmonella,Ceftazidime,235,164,11,6.70731707317073,6.707317073170732,-2.6645352591003757e-15,True
SAU,Saudi Arabia,Eastern Mediterranean Region,2019,Stool,Salmonella,Ceftriaxone,235,79,11,13.9240506329114,13.924050632911392,8.881784197001252e-15,True
SAU,Saudi Arabia,Eastern Mediterranean Region,2019,Stool,Salmonella,Ciprofloxacin,235,171,25,14.6198830409357,14.619883040935672,2.842170943040401e-14,True
SAU,Saudi Arabia,Eastern Mediterranean Region,2019,Stool,Salmonella,Ertapenem,235,137,3,2.18978102189781,2.18978102189781,0.0,True
SAU,Saudi Arabia,Eastern Mediterranean Region,2019,Stool,Salmonella,Imipenem,235,163,1,0.613496932515337,0.6134969325153374,-4.440892098500626e-16,True
SAU,Saudi Arabia,Eastern Mediterranean Region,2019,Stool,Salmonella,Levofloxacin,235,128,4,3.125,3.125,0.0,True
SAU,Saudi Arabia,Eastern Mediterranean Region,2019,Stool,Salmonella,Meropenem,235,163,0,0.0,0.0,0.0,True
SAU,Saudi Arabia,Eastern Mediterranean Region,2019,Stool,Shigella,Ciprofloxacin,235,10,2,20.0,20.0,0.0,True
SAU,Saudi Arabia,Eastern Mediterranean Region,2019,Urine,Escherichia coli,Ampicillin,5587,3796,2687,70.7850368809273,70.7850368809273,0.0,True
SAU,Saudi Arabia,Eastern Mediterranean Region,2019,Urine,Escherichia coli,Cefepime,5587,3462,1523,43.9919121894859,43.99191218948585,4.973799150320701e-14,True
SAU,Saudi Arabia,Eastern Mediterranean Region,2019,Urine,Escherichia coli,Cefotaxime,5587,2541,1042,41.0074773711137,41.00747737111374,-3.552713678800501e-14,True
SAU,Saudi Arabia,Eastern Mediterranean Region,2019,Urine,Escherichia coli,Ceftazidime,5587,3467,1534,44.2457456013845,44.245745601384485,1.4210854715202004e-14,True
SAU,Saudi Arabia,Eastern Mediterranean Region,2019,Urine,Escherichia coli,Ceftriaxone,5587,2701,1245,46.0940392447242,46.09403924472418,2.1316282072803006e-14,True
SAU,Saudi Arabia,Eastern Mediterranean Region,2019,Urine,Escherichia coli,Ciprofloxacin,5587,3564,1427,40.0392817059484,40.03928170594837,2.842170943040401e-14,True
SAU,Saudi Arabia,Eastern Mediterranean Region,2019,Urine,Escherichia coli,Colistin,5587,1161,16,1.37812230835487,1.3781223083548666,3.3306690738754696e-15,True
SAU,Saudi Arabia,Eastern Mediterranean Region,2019,Urine,Escherichia coli,Doripenem,5587,29,1,3.44827586206897,3.4482758620689653,4.884981308350689e-15,True
SAU,Saudi Arabia,Eastern Mediterranean Region,2019,Urine,Escherichia coli,Ertapenem,5587,2653,41,1.54542027892951,1.5454202789295137,-3.774758283725532e-15,True
SAU,Saudi Arabia,Eastern Mediterranean Region,2019,Urine,Escherichia coli,Imipenem,5587,3261,53,1.62526832260043,1.6252683226004292,8.881784197001252e-16,True
SAU,Saudi Arabia,Eastern Mediterranean Region,2019,Urine,Escherichia coli,Levofloxacin,5587,2898,1125,38.8198757763975,38.81987577639752,-1.4210854715202004e-14,True
SAU,Saudi Arabia,Eastern Mediterranean Region,2019,Urine,Escherichia coli,Meropenem,5587,3387,50,1.47623265426631,1.4762326542663124,-2.4424906541753444e-15,True
SAU,Saudi Arabia,Eastern Mediterranean Region,2019,Urine,Escherichia coli,Trimethoprim/sulfamethoxazole,5587,3220,1531,47.5465838509317,47.546583850931675,2.1316282072803006e-14,True
SAU,Saudi Arabia,Eastern Mediterranean Region,2019,Urine,Klebsiella pneumoniae,Cefepime,5587,1543,842,54.5690213869086,54.569021386908624,-2.1316282072803006e-14,True
SAU,Saudi Arabia,Eastern Mediterranean Region,2019,Urine,Klebsiella pneumoniae,Cefotaxime,5587,1118,582,52.0572450805009,52.05724508050089,7.105427357601002e-15,True
SAU,Saudi Arabia,Eastern Mediterranean Region,2019,Urine,Klebsiella pneumoniae,Ceftazidime,5587,1534,839,54.6936114732725,54.69361147327248,1.4210854715202004e-14,True
SAU,Saudi Arabia,Eastern Mediterranean Region,2019,Urine,Klebsiella pneumoniae,Ceftriaxone,5587,1224,715,58.4150326797386,58.415032679738566,3.552713678800501e-14,True
SAU,Saudi Arabia,Eastern Mediterranean Region,2019,Urine,Klebsiella pneumoniae,Ciprofloxacin,5587,1571,639,40.6747294716741,40.67472947167409,7.105427357601002e-15,True
SAU,Saudi Arabia,Eastern Mediterranean Region,2019,Urine,Klebsiella pneumoniae,Colistin,5587,700,114,16.2857142857143,16.28571428571429,1.0658141036401503e-14,True
SAU,Saudi Arabia,Eastern Mediterranean Region,2019,Urine,Klebsiella pneumoniae,Doripenem,5587,11,0,0.0,0.0,0.0,True
SAU,Saudi Arabia,Eastern Mediterranean Region,2019,Urine,Klebsiella pneumoniae,Ertapenem,5587,1177,316,26.8479184367035,26.847918436703484,1.7763568394002505e-14,True
SAU,Saudi Arabia,Eastern Mediterranean Region,2019,Urine,Klebsiella pneumoniae,Imipenem,5587,1509,310,20.5434062292909,20.543406229290923,-2.4868995751603507e-14,True
SAU,Saudi Arabia,Eastern Mediterranean Region,2019,Urine,Klebsiella pneumoniae,Levofloxacin,5587,1292,481,37.2291021671827,37.22910216718267,3.552713678800501e-14,True
SAU,Saudi Arabia,Eastern Mediterranean Region,2019,Urine,Klebsiella pneumoniae,Meropenem,5587,1542,347,22.503242542153,22.50324254215305,-4.973799150320701e-14,True
SAU,Saudi Arabia,Eastern Mediterranean Region,2019,Urine,Klebsiella pneumoniae,Trimethoprim/sulfamethoxazole,5587,1410,717,50.8510638297872,50.851063829787236,-3.552713678800501e-14,True
SAU,Saudi Arabia,Eastern Mediterranean Region,2020,Blood,Acinetobacter,Amikacin,2458,419,321,76.6109785202864,76.6109785202864,0.0,True
SAU,Saudi Arabia,Eastern Mediterranean Region,2020,Blood,Acinetobacter,Colistin,2458,386,49,12.6943005181347,12.694300518134716,-1.5987211554602254e-14,True
SAU,Saudi Arabia,Eastern Mediterranean Region,2020,Blood,Acinetobacter,Gentamicin,2458,477,364,76.3102725366876,76.31027253668763,-2.842170943040401e-14,True
SAU,Saudi Arabia,Eastern Mediterranean Region,2020,Blood,Acinetobacter,Imipenem,2458,476,417,87.6050420168067,87.60504201680672,-1.4210854715202004e-14,True
SAU,Saudi Arabia,Eastern Mediterranean Region,2020,Blood,Acinetobacter,Meropenem,2458,472,414,87.7118644067797,87.71186440677965,4.263256414560601e-14,True
SAU,Saudi Arabia,Eastern Mediterranean Region,2020,Blood,Acinetobacter,Minocycline,2458,71,46,64.7887323943662,64.7887323943662,0.0,True
SAU,Saudi Arabia,Eastern Mediterranean Region,2020,Blood,Acinetobacter,Tigecycline,2458,290,57,19.6551724137931,19.655172413793103,-3.552713678800501e-15,True
SAU,Saudi Arabia,Eastern Mediterranean Region,2020,Blood,Escherichia coli,Ampicillin,2458,468,370,79.0598290598291,79.05982905982906,4.263256414560601e-14,True
SAU,Saudi Arabia,Eastern Mediterranean Region,2020,Blood,Escherichia coli,Cefepime,2458,467,263,56.3169164882227,56.3169164882227,0.0,True
SAU,Saudi Arabia,Eastern Mediterranean Region,2020,Blood,Escherichia coli,Cefotaxime,2458,362,202,55.8011049723757,55.80110497237569,7.105427357601002e-15,True
SAU,Saudi Arabia,Eastern Mediterranean Region,2020,Blood,Escherichia coli,Ceftazidime,2458,466,263,56.4377682403433,56.437768240343345,-4.263256414560601e-14,True
SAU,Saudi Arabia,Eastern Mediterranean Region,2020,Blood,Escherichia coli,Ceftriaxone,2458,405,236,58.2716049382716,58.2716049382716,0.0,True
SAU,Saudi Arabia,Eastern Mediterranean Region,2020,Blood,Escherichia coli,Ciprofloxacin,2458,467,225,48.1798715203426,48.17987152034261,-7.105427357601002e-15,True
SAU,Saudi Arabia,Eastern Mediterranean Region,2020,Blood,Escherichia coli,Colistin,2458,187,3,1.60427807486631,1.6042780748663104,-4.440892098500626e-16,True
SAU,Saudi Arabia,Eastern Mediterranean Region,2020,Blood,Escherichia coli,Ertapenem,2458,362,13,3.59116022099448,3.591160220994475,4.884981308350689e-15,True
SAU,Saudi Arabia,Eastern Mediterranean Region,2020,Blood,Escherichia coli,Imipenem,2458,449,10,2.2271714922049,2.2271714922048997,4.440892098500626e-16,True
SAU,Saudi Arabia,Eastern Mediterranean Region,2020,Blood,Escherichia coli,Levofloxacin,2458,421,198,47.0308788598575,47.03087885985748,2.1316282072803006e-14,True
SAU,Saudi Arabia,Eastern Mediterranean Region,2020,Blood,Escherichia coli,Meropenem,2458,465,12,2.58064516129032,2.5806451612903225,-2.6645352591003757e-15,True
SAU,Saudi Arabia,Eastern Mediterranean Region,2020,Blood,Escherichia coli,Tinidazole,2458,405,236,58.2716049382716,58.2716049382716,0.0,True
SAU,Saudi Arabia,Eastern Mediterranean Region,2020,Blood,Escherichia coli,Trimethoprim/sulfamethoxazole,2458,427,224,52.4590163934426,52.459016393442624,-2.1316282072803006e-14,True
SAU,Saudi Arabia,Eastern Mediterranean Region,2020,Blood,Klebsiella pneumoniae,Cefepime,2458,779,603,77.4069319640565,77.40693196405648,1.4210854715202004e-14,True
SAU,Saudi Arabia,Eastern Mediterranean Region,2020,Blood,Klebsiella pneumoniae,Cefotaxime,2458,570,432,75.7894736842105,75.78947368421053,-2.842170943040401e-14,True
SAU,Saudi Arabia,Eastern Mediterranean Region,2020,Blood,Klebsiella pneumoniae,Ceftazidime,2458,778,599,76.9922879177378,76.99228791773778,1.4210854715202004e-14,True
SAU,Saudi Arabia,Eastern Mediterranean Region,2020,Blood,Klebsiella pneumoniae,Ceftriaxone,2458,673,527,78.3060921248143,78.30609212481427,2.842170943040401e-14,True
SAU,Saudi Arabia,Eastern Mediterranean Region,2020,Blood,Klebsiella pneumoniae,Ciprofloxacin,2458,777,493,63.4491634491634,63.44916344916345,-4.973799150320701e-14,True
SAU,Saudi Arabia,Eastern Mediterranean Region,2020,Blood,Klebsiella pneumoniae,Colistin,2458,399,99,24.812030075188,24.81203007518797,3.197442310920451e-14,True
SAU,Saudi Arabia,Eastern Mediterranean Region,2020,Blood,Klebsiella pneumoniae,Ertapenem,2458,632,352,55.6962025316456,55.69620253164557,3.552713678800501e-14,True
SAU,Saudi Arabia,Eastern Mediterranean Region,2020,Blood,Klebsiella pneumoniae,Imipenem,2458,761,331,43.4954007884363,43.495400788436264,3.552713678800501e-14,True
SAU,Saudi Arabia,Eastern Mediterranean Region,2020,Blood,Klebsiella pneumoniae,Levofloxacin,2458,706,448,63.4560906515581,63.45609065155807,2.842170943040401e-14,True
SAU,Saudi Arabia,Eastern Mediterranean Region,2020,Blood,Klebsiella pneumoniae,Meropenem,2458,777,387,49.8069498069498,49.80694980694981,-7.105427357601002e-15,True
SAU,Saudi Arabia,Eastern Mediterranean Region,2020,Blood,Klebsiella pneumoniae,Trimethoprim/sulfamethoxazole,2458,715,496,69.3706293706294,69.37062937062936,4.263256414560601e-14,True
SAU,Saudi Arabia,Eastern Mediterranean Region,2020,Blood,Salmonella,Ceftazidime,2458,32,1,3.125,3.125,0.0,True
SAU,Saudi Arabia,Eastern Mediterranean Region,2020,Blood,Salmonella,Ceftriaxone,2458,28,2,7.14285714285714,7.142857142857142,-2.6645352591003757e-15,True
SAU,Saudi Arabia,Eastern Mediterranean Region,2020,Blood,Salmonella,Ciprofloxacin,2458,30,10,33.3333333333333,33.33333333333333,-2.842170943040401e-14,True
SAU,Saudi Arabia,Eastern Mediterranean Region,2020,Blood,Salmonella,Imipenem,2458,34,0,0.0,0.0,0.0,True
SAU,Saudi Arabia,Eastern Mediterranean Region,2020,Blood,Salmonella,Meropenem,2458,32,0,0.0,0.0,0.0,True
SAU,Saudi Arabia,Eastern Mediterranean Region,2020,Blood,Staphylococcus aureus,Meticillin,2458,658,323,49.0881458966565,49.088145896656535,-3.552713678800501e-14,True
SAU,Saudi Arabia,Eastern Mediterranean Region,2020,Blood,Streptococcus pneumoniae,Cefotaxime,2458,32,1,3.125,3.125,0.0,True
SAU,Saudi Arabia,Eastern Mediterranean Region,2020,Blood,Streptococcus pneumoniae,Ceftriaxone,2458,32,0,0.0,0.0,0.0,True
SAU,Saudi Arabia,Eastern Mediterranean Region,2020,Blood,Streptococcus pneumoniae,Oxacillin,2458,13,4,30.7692307692308,30.76923076923077,2.842170943040401e-14,True
SAU,Saudi Arabia,Eastern Mediterranean Region,2020,Blood,Streptococcus pneumoniae,Trimethoprim/sulfamethoxazole,2458,28,6,21.4285714285714,21.428571428571427,-2.842170943040401e-14,True
SAU,Saudi Arabia,Eastern Mediterranean Region,2020,Stool,Salmonella,Cefotaxime,103,78,7,8.97435897435897,8.974358974358974,-5.329070518200751e-15,True
SAU,Saudi Arabia,Eastern Mediterranean Region,2020,Stool,Salmonella,Ceftazidime,103,92,7,7.60869565217391,7.608695652173914,-3.552713678800501e-15,True
SAU,Saudi Arabia,Eastern Mediterranean Region,2020,Stool,Salmonella,Ceftriaxone,103,46,6,13.0434782608696,13.043478260869565,3.552713678800501e-14,True
SAU,Saudi Arabia,Eastern Mediterranean Region,2020,Stool,Salmonella,Ciprofloxacin,103,84,7,8.33333333333333,8.333333333333332,-1.7763568394002505e-15,True
SAU,Saudi Arabia,Eastern Mediterranean Region,2020,Stool,Salmonella,Ertapenem,103,84,0,0.0,0.0,0.0,True
SAU,Saudi Arabia,Eastern Mediterranean Region,2020,Stool,Salmonella,Imipenem,103,91,1,1.0989010989011,1.098901098901099,1.1102230246251565e-15,True
SAU,Saudi Arabia,Eastern Mediterranean Region,2020,Stool,Salmonella,Levofloxacin,103,80,3,3.75,3.75,0.0,True
SAU,Saudi Arabia,Eastern Mediterranean Region,2020,Stool,Salmonella,Meropenem,103,91,0,0.0,0.0,0.0,True
SAU,Saudi Arabia,Eastern Mediterranean Region,2020,Urine,Escherichia coli,Ampicillin,4464,2963,2116,71.4141073236584,71.41410732365844,-4.263256414560601e-14,True
SAU,Saudi Arabia,Eastern Mediterranean Region,2020,Urine,Escherichia coli,Cefepime,4464,2984,1203,40.3150134048257,40.31501340482574,-4.263256414560601e-14,True
SAU,Saudi Arabia,Eastern Mediterranean Region,2020,Urine,Escherichia coli,Cefotaxime,4464,2355,912,38.7261146496815,38.726114649681534,-3.552713678800501e-14,True
SAU,Saudi Arabia,Eastern Mediterranean Region,2020,Urine,Escherichia coli,Ceftazidime,4464,2922,1208,41.3415468856947,41.34154688569473,-3.552713678800501e-14,True
SAU,Saudi Arabia,Eastern Mediterranean Region,2020,Urine,Escherichia coli,Ceftriaxone,4464,2168,990,45.6642066420664,45.66420664206642,-2.1316282072803006e-14,True
SAU,Saudi Arabia,Eastern Mediterranean Region,2020,Urine,Escherichia coli,Ciprofloxacin,4464,2987,1135,37.9979912956143,37.997991295614334,-3.552713678800501e-14,True
SAU,Saudi Arabia,Eastern Mediterranean Region,2020,Urine,Escherichia coli,Colistin,4464,859,23,2.67753201396973,2.6775320139697323,-2.220446049250313e-15,True
SAU,Saudi Arabia,Eastern Mediterranean Region,2020,Urine,Escherichia coli,Ertapenem,4464,2632,44,1.67173252279635,1.6717325227963524,-2.4424906541753444e-15,True
SAU,Saudi Arabia,Eastern Mediterranean Region,2020,Urine,Escherichia coli,Imipenem,4464,2967,37,1.24705089315807,1.2470508931580722,-2.220446049250313e-15,True
SAU,Saudi Arabia,Eastern Mediterranean Region,2020,Urine,Escherichia coli,Levofloxacin,4464,2695,957,35.5102040816327,35.51020408163265,4.973799150320701e-14,True
SAU,Saudi Arabia,Eastern Mediterranean Region,2020,Urine,Escherichia coli,Meropenem,4464,2973,46,1.5472586612849,1.5472586612848975,2.4424906541753444e-15,True
SAU,Saudi Arabia,Eastern Mediterranean Region,2020,Urine,Escherichia coli,Trimethoprim/sulfamethoxazole,4464,2819,1221,43.3132316424264,43.313231642426395,7.105427357601002e-15,True
SAU,Saudi Arabia,Eastern Mediterranean Region,2020,Urine,Klebsiella pneumoniae,Cefepime,4464,1464,815,55.6693989071038,55.669398907103826,-2.842170943040401e-14,True
SAU,Saudi Arabia,Eastern Mediterranean Region,2020,Urine,Klebsiella pneumoniae,Cefotaxime,4464,1168,603,51.6267123287671,51.62671232876712,-2.1316282072803006e-14,True
SAU,Saudi Arabia,Eastern Mediterranean Region,2020,Urine,Klebsiella pneumoniae,Ceftazidime,4464,1462,797,54.5143638850889,54.514363885088926,-2.842170943040401e-14,True
SAU,Saudi Arabia,Eastern Mediterranean Region,2020,Urine,Klebsiella pneumoniae,Ceftriaxone,4464,1101,663,60.2179836512262,60.217983651226156,4.263256414560601e-14,True
SAU,Saudi Arabia,Eastern Mediterranean Region,2020,Urine,Klebsiella pneumoniae,Ciprofloxacin,4464,1467,578,39.4001363326517,39.40013633265167,2.842170943040401e-14,True
SAU,Saudi Arabia,Eastern Mediterranean Region,2020,Urine,Klebsiella pneumoniae,Colistin,4464,583,64,10.9777015437393,10.977701543739279,2.1316282072803006e-14,True
SAU,Saudi Arabia,Eastern Mediterranean Region,2020,Urine,Klebsiella pneumoniae,Ertapenem,4464,1276,355,27.8213166144201,27.82131661442006,3.907985046680551e-14,True
SAU,Saudi Arabia,Eastern Mediterranean Region,2020,Urine,Klebsiella pneumoniae,Imipenem,4464,1447,313,21.6309606081548,21.630960608154805,-3.552713678800501e-15,True
SAU,Saudi Arabia,Eastern Mediterranean Region,2020,Urine,Klebsiella pneumoniae,Levofloxacin,4464,1329,486,36.568848758465,36.56884875846501,-7.105427357601002e-15,True
SAU,Saudi Arabia,Eastern Mediterranean Region,2020,Urine,Klebsiella pneumoniae,Meropenem,4464,1453,352,24.2257398485891,24.225739848589125,-2.4868995751603507e-14,True
SAU,Saudi Arabia,Eastern Mediterranean Region,2020,Urine,Klebsiella pneumoniae,Trimethoprim/sulfamethoxazole,4464,1342,687,51.1922503725782,51.19225037257824,-4.263256414560601e-14,True
SDN,Sudan,Eastern Mediterranean Region,2017,Urine,Escherichia coli,Ciprofloxacin,32,21,13,61.9047619047619,61.904761904761905,-7.105427357601002e-15,True
SDN,Sudan,Eastern Mediterranean Region,2018,Urine,Escherichia coli,Ciprofloxacin,664,351,223,63.5327635327635,63.53276353276354,-4.263256414560601e-14,True
SDN,Sudan,Eastern Mediterranean Region,2019,Blood,Staphylococcus aureus,Cefoxitin,32,31,15,48.3870967741936,48.38709677419355,4.973799150320701e-14,True
SDN,Sudan,Eastern Mediterranean Region,2019,Urine,Escherichia coli,Ceftazidime,55,36,27,75.0,75.0,0.0,True
SDN,Sudan,Eastern Mediterranean Region,2019,Urine,Escherichia coli,Ceftriaxone,55,32,26,81.25,81.25,0.0,True
SDN,Sudan,Eastern Mediterranean Region,2019,Urine,Escherichia coli,Ciprofloxacin,55,21,14,66.6666666666667,66.66666666666666,4.263256414560601e-14,True
SDN,Sudan,Eastern Mediterranean Region,2019,Urine,Escherichia coli,Imipenem,55,17,5,29.4117647058824,29.411764705882355,4.618527782440651e-14,True
SDN,Sudan,Eastern Mediterranean Region,2019,Urine,Escherichia coli,Meropenem,55,16,1,6.25,6.25,0.0,True
SDN,Sudan,Eastern Mediterranean Region,2019,Urine,Klebsiella pneumoniae,Ceftazidime,55,17,13,76.4705882352941,76.47058823529412,-1.4210854715202004e-14,True
SDN,Sudan,Eastern Mediterranean Region,2019,Urine,Klebsiella pneumoniae,Ceftriaxone,55,13,9,69.2307692307692,69.23076923076923,-2.842170943040401e-14,True
SDN,Sudan,Eastern Mediterranean Region,2020,Urine,Escherichia coli,Ciprofloxacin,235,100,69,69.0,69.0,0.0,True
SGP,Singapore,Western Pacific Region,2019,Blood,Acinetobacter,Amikacin,1057,19,2,10.5263157894737,10.526315789473683,1.5987211554602254e-14,True
SGP,Singapore,Western Pacific Region,2019,Blood,Acinetobacter,Gentamicin,1057,19,2,10.5263157894737,10.526315789473683,1.5987211554602254e-14,True
SGP,Singapore,Western Pacific Region,2019,Blood,Acinetobacter,Imipenem,1057,19,2,10.5263157894737,10.526315789473683,1.5987211554602254e-14,True
SGP,Singapore,Western Pacific Region,2019,Blood,Acinetobacter,Meropenem,1057,19,2,10.5263157894737,10.526315789473683,1.5987211554602254e-14,True
SGP,Singapore,Western Pacific Region,2019,Blood,Escherichia coli,Ampicillin,1057,487,310,63.6550308008214,63.65503080082136,4.263256414560601e-14,True
SGP,Singapore,Western Pacific Region,2019,Blood,Escherichia coli,Cefepime,1057,487,139,28.5420944558522,28.54209445585216,4.263256414560601e-14,True
SGP,Singapore,Western Pacific Region,2019,Blood,Escherichia coli,Cefotaxime,1057,488,140,28.6885245901639,28.688524590163933,-3.197442310920451e-14,True
SGP,Singapore,Western Pacific Region,2019,Blood,Escherichia coli,Ceftazidime,1057,487,139,28.5420944558522,28.54209445585216,4.263256414560601e-14,True
SGP,Singapore,Western Pacific Region,2019,Blood,Escherichia coli,Ceftriaxone,1057,488,139,28.4836065573771,28.48360655737705,4.973799150320701e-14,True
SGP,Singapore,Western Pacific Region,2019,Blood,Escherichia coli,Ciprofloxacin,1057,487,198,40.6570841889117,40.6570841889117,0.0,True
SGP,Singapore,Western Pacific Region,2019,Blood,Escherichia coli,Ertapenem,1057,487,5,1.02669404517454,1.0266940451745379,2.220446049250313e-15,True
SGP,Singapore,Western Pacific Region,2019,Blood,Escherichia coli,Imipenem,1057,486,4,0.823045267489712,0.823045267489712,0.0,True
SGP,Singapore,Western Pacific Region,2019,Blood,Escherichia coli,Levofloxacin,1057,487,167,34.2915811088296,34.29158110882957,2.842170943040401e-14,True
SGP,Singapore,Western Pacific Region,2019,Blood,Escherichia coli,Meropenem,1057,487,4,0.82135523613963,0.8213552361396305,-4.440892098500626e-16,True
SGP,Singapore,Western Pacific Region,2019,Blood,Escherichia coli,Trimethoprim/sulfamethoxazole,1057,487,196,40.2464065708419,40.24640657084189,7.105427357601002e-15,True
SGP,Singapore,Western Pacific Region,2019,Blood,Klebsiella pneumoniae,Cefepime,1057,250,61,24.4,24.4,0.0,True
SGP,Singapore,Western Pacific Region,2019,Blood,Klebsiella pneumoniae,Cefotaxime,1057,251,66,26.2948207171315,26.294820717131472,2.842170943040401e-14,True
SGP,Singapore,Western Pacific Region,2019,Blood,Klebsiella pneumoniae,Ceftazidime,1057,250,66,26.4,26.400000000000002,-3.552713678800501e-15,True
SGP,Singapore,Western Pacific Region,2019,Blood,Klebsiella pneumoniae,Ceftriaxone,1057,251,66,26.2948207171315,26.294820717131472,2.842170943040401e-14,True
SGP,Singapore,Western Pacific Region,2019,Blood,Klebsiella pneumoniae,Ciprofloxacin,1057,250,78,31.2,31.2,0.0,True
SGP,Singapore,Western Pacific Region,2019,Blood,Klebsiella pneumoniae,Ertapenem,1057,250,9,3.6,3.5999999999999996,4.440892098500626e-16,True
SGP,Singapore,Western Pacific Region,2019,Blood,Klebsiella pneumoniae,Imipenem,1057,250,2,0.8,0.8,0.0,True
SGP,Singapore,Western Pacific Region,2019,Blood,Klebsiella pneumoniae,Levofloxacin,1057,250,36,14.4,14.399999999999999,1.7763568394002505e-15,True
SGP,Singapore,Western Pacific Region,2019,Blood,Klebsiella pneumoniae,Meropenem,1057,250,4,1.6,1.6,0.0,True
SGP,Singapore,Western Pacific Region,2019,Blood,Klebsiella pneumoniae,Trimethoprim/sulfamethoxazole,1057,250,67,26.8,26.8,0.0,True
SGP,Singapore,Western Pacific Region,2019,Blood,Salmonella,Cefotaxime,1057,42,0,0.0,0.0,0.0,True
SGP,Singapore,Western Pacific Region,2019,Blood,Salmonella,Ceftazidime,1057,42,0,0.0,0.0,0.0,True
SGP,Singapore,Western Pacific Region,2019,Blood,Salmonella,Ceftriaxone,1057,42,0,0.0,0.0,0.0,True
SGP,Singapore,Western Pacific Region,2019,Blood,Salmonella,Ciprofloxacin,1057,42,14,33.3333333333333,33.33333333333333,-2.842170943040401e-14,True
SGP,Singapore,Western Pacific Region,2019,Blood,Salmonella,Ertapenem,1057,42,0,0.0,0.0,0.0,True
SGP,Singapore,Western Pacific Region,2019,Blood,Salmonella,Imipenem,1057,42,0,0.0,0.0,0.0,True
SGP,Singapore,Western Pacific Region,2019,Blood,Salmonella,Levofloxacin,1057,42,3,7.14285714285714,7.142857142857142,-2.6645352591003757e-15,True
SGP,Singapore,Western Pacific Region,2019,Blood,Salmonella,Meropenem,1057,42,0,0.0,0.0,0.0,True
SGP,Singapore,Western Pacific Region,2019,Blood,Staphylococcus aureus,Oxacillin,1057,185,53,28.6486486486486,28.64864864864865,-4.973799150320701e-14,True
SGP,Singapore,Western Pacific Region,2019,Blood,Streptococcus pneumoniae,Benzylpenicillin,1057,13,0,0.0,0.0,0.0,True
SGP,Singapore,Western Pacific Region,2019,Blood,Streptococcus pneumoniae,Ceftriaxone,1057,13,0,0.0,0.0,0.0,True
SGP,Singapore,Western Pacific Region,2019,Blood,Streptococcus pneumoniae,Trimethoprim/sulfamethoxazole,1057,13,4,30.7692307692308,30.76923076923077,2.842170943040401e-14,True
SGP,Singapore,Western Pacific Region,2019,Genital,Neisseria gonorrhoeae,Azithromycin,359,359,30,8.35654596100279,8.356545961002785,5.329070518200751e-15,True
SGP,Singapore,Western Pacific Region,2019,Genital,Neisseria gonorrhoeae,Ceftriaxone,359,359,2,0.557103064066852,0.5571030640668524,-4.440892098500626e-16,True
SGP,Singapore,Western Pacific Region,2019,Genital,Neisseria gonorrhoeae,Ciprofloxacin,359,359,291,81.058495821727,81.05849582172702,-1.4210854715202004e-14,True
SGP,Singapore,Western Pacific Region,2019,Genital,Neisseria gonorrhoeae,Gentamicin,359,359,0,0.0,0.0,0.0,True
SGP,Singapore,Western Pacific Region,2019,Genital,Neisseria gonorrhoeae,Spectinomycin,359,359,0,0.0,0.0,0.0,True
SGP,Singapore,Western Pacific Region,2019,Stool,Salmonella,Cefotaxime,174,172,8,4.65116279069767,4.651162790697675,-4.440892098500626e-15,True
SGP,Singapore,Western Pacific Region,2019,Stool,Salmonella,Ceftazidime,174,172,7,4.06976744186047,4.069767441860465,4.440892098500626e-15,True
SGP,Singapore,Western Pacific Region,2019,Stool,Salmonella,Ceftriaxone,174,172,8,4.65116279069767,4.651162790697675,-4.440892098500626e-15,True
SGP,Singapore,Western Pacific Region,2019,Stool,Salmonella,Ciprofloxacin,174,165,33,20.0,20.0,0.0,True
SGP,Singapore,Western Pacific Region,2019,Stool,Salmonella,Ertapenem,174,172,1,0.581395348837209,0.5813953488372093,-3.3306690738754696e-16,True
SGP,Singapore,Western Pacific Region,2019,Stool,Salmonella,Imipenem,174,172,1,0.581395348837209,0.5813953488372093,-3.3306690738754696e-16,True
SGP,Singapore,Western Pacific Region,2019,Stool,Salmonella,Levofloxacin,174,172,7,4.06976744186047,4.069767441860465,4.440892098500626e-15,True
SGP,Singapore,Western Pacific Region,2019,Stool,Salmonella,Meropenem,174,172,1,0.581395348837209,0.5813953488372093,-3.3306690738754696e-16,True
SGP,Singapore,Western Pacific Region,2019,Urine,Escherichia coli,Ampicillin,5180,3962,2439,61.5598182735992,61.559818273599184,1.4210854715202004e-14,True
SGP,Singapore,Western Pacific Region,2019,Urine,Escherichia coli,Cefepime,5180,3962,985,24.8611812216052,24.86118122160525,-4.973799150320701e-14,True
SGP,Singapore,Western Pacific Region,2019,Urine,Escherichia coli,Cefotaxime,5180,3961,984,24.8422115627367,24.842211562736683,1.7763568394002505e-14,True
SGP,Singapore,Western Pacific Region,2019,Urine,Escherichia coli,Ceftazidime,5180,3962,985,24.8611812216052,24.86118122160525,-4.973799150320701e-14,True
SGP,Singapore,Western Pacific Region,2019,Urine,Escherichia coli,Ceftriaxone,5180,3958,985,24.8863062152602,24.88630621526023,-3.197442310920451e-14,True
SGP,Singapore,Western Pacific Region,2019,Urine,Escherichia coli,Ciprofloxacin,5180,3970,1622,40.8564231738035,40.85642317380353,-2.842170943040401e-14,True
SGP,Singapore,Western Pacific Region,2019,Urine,Escherichia coli,Ertapenem,5180,3961,18,0.454430699318354,0.45443069931835395,5.551115123125783e-17,True
SGP,Singapore,Western Pacific Region,2019,Urine,Escherichia coli,Imipenem,5180,3960,8,0.202020202020202,0.20202020202020202,-2.7755575615628914e-17,True
SGP,Singapore,Western Pacific Region,2019,Urine,Escherichia coli,Levofloxacin,5180,3960,1354,34.1919191919192,34.19191919191919,7.105427357601002e-15,True
SGP,Singapore,Western Pacific Region,2019,Urine,Escherichia coli,Meropenem,5180,3962,8,0.201918223119637,0.20191822311963653,4.718447854656915e-16,True
SGP,Singapore,Western Pacific Region,2019,Urine,Escherichia coli,Trimethoprim/sulfamethoxazole,5180,3969,1367,34.4419249181154,34.4419249181154,0.0,True
SGP,Singapore,Western Pacific Region,2019,Urine,Klebsiella pneumoniae,Cefepime,5180,1198,356,29.7161936560935,29.716193656093488,1.0658141036401503e-14,True
SGP,Singapore,Western Pacific Region,2019,Urine,Klebsiella pneumoniae,Cefotaxime,5180,1197,366,30.5764411027569,30.576441102756892,7.105427357601002e-15,True
SGP,Singapore,Western Pacific Region,2019,Urine,Klebsiella pneumoniae,Ceftazidime,5180,1198,366,30.550918196995,30.550918196994992,7.105427357601002e-15,True
SGP,Singapore,Western Pacific Region,2019,Urine,Klebsiella pneumoniae,Ceftriaxone,5180,1198,366,30.550918196995,30.550918196994992,7.105427357601002e-15,True
SGP,Singapore,Western Pacific Region,2019,Urine,Klebsiella pneumoniae,Ciprofloxacin,5180,1199,435,36.2802335279399,36.28023352793995,-4.973799150320701e-14,True
SGP,Singapore,Western Pacific Region,2019,Urine,Klebsiella pneumoniae,Ertapenem,5180,1198,35,2.92153589315526,2.921535893155259,8.881784197001252e-16,True
SGP,Singapore,Western Pacific Region,2019,Urine,Klebsiella pneumoniae,Imipenem,5180,1198,13,1.08514190317195,1.0851419031719534,-3.3306690738754696e-15,True
SGP,Singapore,Western Pacific Region,2019,Urine,Klebsiella pneumoniae,Levofloxacin,5180,1198,242,20.2003338898164,20.20033388981636,3.907985046680551e-14,True
SGP,Singapore,Western Pacific Region,2019,Urine,Klebsiella pneumoniae,Meropenem,5180,1198,14,1.1686143572621,1.1686143572621035,-3.552713678800501e-15,True
SGP,Singapore,Western Pacific Region,2019,Urine,Klebsiella pneumoniae,Trimethoprim/sulfamethoxazole,5180,1199,361,30.1084236864053,30.108423686405338,-3.907985046680551e-14,True
SWE,Sweden,European Region,2017,Blood,Escherichia coli,Tinidazole,11416,5790,426,7.35751295336788,7.357512953367876,3.552713678800501e-15,True
SWE,Sweden,European Region,2017,Blood,Staphylococcus aureus,Meticillin,11416,3787,44,1.16186955373647,1.161869553736467,3.1086244689504383e-15,True
SWE,Sweden,European Region,2017,Urine,Escherichia coli,Ampicillin,140606,45433,19624,43.1932736116919,43.19327361169194,-4.263256414560601e-14,True
SWE,Sweden,European Region,2017,Urine,Escherichia coli,Ciprofloxacin,140606,121073,14261,11.7788441683943,11.778844168394274,2.6645352591003757e-14,True
SWE,Sweden,European Region,2017,Urine,Escherichia coli,Imipenem,140606,14616,5,0.0342090859332239,0.034209085933223866,3.469446951953614e-17,True
SWE,Sweden,European Region,2017,Urine,Escherichia coli,Meropenem,140606,23350,8,0.0342612419700214,0.034261241970021415,-1.3877787807814457e-17,True
SWE,Sweden,European Region,2017,Urine,Escherichia coli,Trimethoprim/sulfamethoxazole,140606,28096,9466,33.6916287015945,33.69162870159453,-2.842170943040401e-14,True
SWE,Sweden,European Region,2017,Urine,Klebsiella pneumoniae,Ciprofloxacin,140606,12293,1094,8.89937362726755,8.89937362726755,0.0,True
SWE,Sweden,European Region,2017,Urine,Klebsiella pneumoniae,Imipenem,140606,2132,0,0.0,0.0,0.0,True
SWE,Sweden,European Region,2017,Urine,Klebsiella pneumoniae,Meropenem,140606,3045,3,0.0985221674876847,0.09852216748768472,-1.3877787807814457e-17,True
SWE,Sweden,European Region,2017,Urine,Klebsiella pneumoniae,Trimethoprim/sulfamethoxazole,140606,3645,891,24.4444444444444,24.444444444444443,-4.263256414560601e-14,True
SWE,Sweden,European Region,2018,Blood,Escherichia coli,Tinidazole,10849,5390,449,8.33024118738405,8.330241187384045,5.329070518200751e-15,True
SWE,Sweden,European Region,2018,Blood,Staphylococcus aureus,Meticillin,10849,3639,70,1.92360538609508,1.923605386095081,-1.1102230246251565e-15,True
SWE,Sweden,European Region,2018,Urine,Escherichia coli,Ampicillin,115520,24199,7409,30.616967643291,30.616967643291044,-4.263256414560601e-14,True
SWE,Sweden,European Region,2018,Urine,Escherichia coli,Ciprofloxacin,115520,103196,12692,12.2989263149734,12.29892631497345,-4.973799150320701e-14,True
SWE,Sweden,European Region,2018,Urine,Escherichia coli,Imipenem,115520,10206,4,0.0391926317852244,0.03919263178522438,2.0816681711721685e-17,True
SWE,Sweden,European Region,2018,Urine,Escherichia coli,Meropenem,115520,13399,6,0.0447794611538175,0.04477946115381745,4.85722573273506e-17,True
SWE,Sweden,European Region,2018,Urine,Escherichia coli,Trimethoprim/sulfamethoxazole,115520,103223,21620,20.944944440677,20.94494444067698,1.7763568394002505e-14,True
SWE,Sweden,European Region,2018,Urine,Klebsiella pneumoniae,Ciprofloxacin,115520,9891,1055,10.6662622586189,10.666262258618946,-4.618527782440651e-14,True
SWE,Sweden,European Region,2018,Urine,Klebsiella pneumoniae,Imipenem,115520,1431,4,0.279524807826695,0.2795248078266946,3.885780586188048e-16,True
SWE,Sweden,European Region,2018,Urine,Klebsiella pneumoniae,Meropenem,115520,1715,3,0.174927113702624,0.1749271137026239,1.1102230246251565e-16,True
SWE,Sweden,European Region,2018,Urine,Klebsiella pneumoniae,Trimethoprim/sulfamethoxazole,115520,9901,1845,18.6344813655186,18.634481365518635,-3.552713678800501e-14,True
SWE,Sweden,European Region,2019,Blood,Acinetobacter,Amikacin,18598,65,5,7.69230769230769,7.6923076923076925,-2.6645352591003757e-15,True
SWE,Sweden,European Region,2019,Blood,Acinetobacter,Gentamicin,18598,76,6,7.89473684210526,7.894736842105263,-2.6645352591003757e-15,True
SWE,Sweden,European Region,2019,Blood,Acinetobacter,Imipenem,18598,92,4,4.34782608695652,4.3478260869565215,-1.7763568394002505e-15,True
SWE,Sweden,European Region,2019,Blood,Acinetobacter,Meropenem,18598,112,4,3.57142857142857,3.571428571428571,-1.3322676295501878e-15,True
SWE,Sweden,European Region,2019,Blood,Escherichia coli,Cefotaxime,18598,9417,718,7.62450886694276,7.6245088669427625,-2.6645352591003757e-15,True
SWE,Sweden,European Region,2019,Blood,Escherichia coli,Ceftazidime,18598,9314,616,6.61369980674254,6.613699806742539,8.881784197001252e-16,True
SWE,Sweden,European Region,2019,Blood,Escherichia coli,Ciprofloxacin,18598,9412,1492,15.8521036974076,15.852103697407566,3.375077994860476e-14,True
SWE,Sweden,European Region,2019,Blood,Escherichia coli,Ertapenem,18598,4085,7,0.171358629130967,0.17135862913096694,5.551115123125783e-17,True
SWE,Sweden,European Region,2019,Blood,Escherichia coli,Imipenem,18598,7364,0,0.0,0.0,0.0,True
SWE,Sweden,European Region,2019,Blood,Escherichia coli,Meropenem,18598,9409,2,0.0212562440216814,0.02125624402168137,3.122502256758253e-17,True
SWE,Sweden,European Region,2019,Blood,Escherichia coli,Tinidazole,18598,9417,718,7.62450886694276,7.6245088669427625,-2.6645352591003757e-15,True
SWE,Sweden,European Region,2019,Blood,Klebsiella pneumoniae,Cefotaxime,18598,1795,131,7.29805013927577,7.298050139275766,4.440892098500626e-15,True
SWE,Sweden,European Region,2019,Blood,Klebsiella pneumoniae,Ceftazidime,18598,1792,133,7.421875,7.421875,0.0,True
SWE,Sweden,European Region,2019,Blood,Klebsiella pneumoniae,Ciprofloxacin,18598,1789,188,10.508664058133,10.508664058133036,-3.552713678800501e-14,True
SWE,Sweden,European Region,2019,Blood,Klebsiella pneumoniae,Ertapenem,18598,730,13,1.78082191780822,1.7808219178082192,8.881784197001252e-16,True
SWE,Sweden,European Region,2019,Blood,Klebsiella pneumoniae,Imipenem,18598,1410,1,0.0709219858156028,0.07092198581560284,-4.163336342344337e-17,True
SWE,Sweden,European Region,2019,Blood,Klebsiella pneumoniae,Meropenem,18598,1793,2,0.11154489682097,0.11154489682097045,-4.440892098500626e-16,True
SWE,Sweden,European Region,2019,Blood,Salmonella,Cefotaxime,18598,162,10,6.17283950617284,6.172839506172839,8.881784197001252e-16,True
SWE,Sweden,European Region,2019,Blood,Salmonella,Ceftazidime,18598,161,10,6.2111801242236,6.211180124223603,-2.6645352591003757e-15,True
SWE,Sweden,European Region,2019,Blood,Salmonella,Ciprofloxacin,18598,144,52,36.1111111111111,36.11111111111111,-7.105427357601002e-15,True
SWE,Sweden,European Region,2019,Blood,Salmonella,Imipenem,18598,131,0,0.0,0.0,0.0,True
SWE,Sweden,European Region,2019,Blood,Salmonella,Meropenem,18598,162,0,0.0,0.0,0.0,True
SWE,Sweden,European Region,2019,Blood,Staphylococcus aureus,Cefoxitin,18598,5948,107,1.79892400806994,1.7989240080699396,4.440892098500626e-16,True
SWE,Sweden,European Region,2019,Blood,Staphylococcus aureus,Meticillin,18598,5948,107,1.79892400806994,1.7989240080699396,4.440892098500626e-16,True
SWE,Sweden,European Region,2019,Blood,Staphylococcus aureus,Oxacillin,18598,285,5,1.75438596491228,1.7543859649122806,-6.661338147750939e-16,True
SWE,Sweden,European Region,2019,Blood,Streptococcus pneumoniae,Benzylpenicillin,18598,1069,0,0.0,0.0,0.0,True
SWE,Sweden,European Region,2019,Blood,Streptococcus pneumoniae,Cefotaxime,18598,749,4,0.534045393858478,0.5340453938584779,1.1102230246251565e-16,True
SWE,Sweden,European Region,2019,Blood,Streptococcus pneumoniae,Oxacillin,18598,941,80,8.50159404888417,8.501594048884167,3.552713678800501e-15,True
SWE,Sweden,European Region,2019,Stool,Salmonella,Cefotaxime,1839,662,8,1.20845921450151,1.2084592145015105,-4.440892098500626e-16,True
SWE,Sweden,European Region,2019,Stool,Salmonella,Ceftazidime,1839,566,8,1.41342756183746,1.4134275618374559,4.218847493575595e-15,True
SWE,Sweden,European Region,2019,Stool,Salmonella,Ciprofloxacin,1839,661,128,19.3645990922844,19.36459909228442,-1.7763568394002505e-14,True
SWE,Sweden,European Region,2019,Stool,Salmonella,Imipenem,1839,422,0,0.0,0.0,0.0,True
SWE,Sweden,European Region,2019,Stool,Salmonella,Meropenem,1839,477,0,0.0,0.0,0.0,True
SWE,Sweden,European Region,2019,Stool,Shigella,Azithromycin,1839,168,12,7.14285714285714,7.142857142857142,-2.6645352591003757e-15,True
SWE,Sweden,European Region,2019,Stool,Shigella,Cefotaxime,1839,235,45,19.1489361702128,19.148936170212767,3.197442310920451e-14,True
SWE,Sweden,European Region,2019,Stool,Shigella,Ceftazidime,1839,234,8,3.41880341880342,3.418803418803419,8.881784197001252e-16,True
SWE,Sweden,European Region,2019,Stool,Shigella,Ciprofloxacin,1839,242,35,14.4628099173554,14.46280991735537,3.019806626980426e-14,True
SWE,Sweden,European Region,2019,Urine,Escherichia coli,Ampicillin,229294,43081,13184,30.6028179475871,30.602817947587102,-3.552713678800501e-15,True
SWE,Sweden,European Region,2019,Urine,Escherichia coli,Cefotaxime,229294,51278,2047,3.99196536526386,3.991965365263856,3.9968028886505635e-15,True
SWE,Sweden,European Region,2019,Urine,Escherichia coli,Ceftazidime,229294,51292,1617,3.15253840754894,3.1525384075489353,4.884981308350689e-15,True
SWE,Sweden,European Region,2019,Urine,Escherichia coli,Ciprofloxacin,229294,204382,22272,10.8972414400485,10.897241440048537,-3.730349362740526e-14,True
SWE,Sweden,European Region,2019,Urine,Escherichia coli,Imipenem,229294,22549,6,0.0266087187901902,0.02660871879019025,-4.85722573273506e-17,True
SWE,Sweden,European Region,2019,Urine,Escherichia coli,Meropenem,229294,45370,13,0.0286532951289398,0.028653295128939826,-2.7755575615628914e-17,True
SWE,Sweden,European Region,2019,Urine,Escherichia coli,Trimethoprim/sulfamethoxazole,229294,204115,41550,20.3561717659163,20.356171765916272,2.842170943040401e-14,True
SWE,Sweden,European Region,2019,Urine,Klebsiella pneumoniae,Cefotaxime,229294,5144,211,4.10186625194401,4.1018662519440126,-2.6645352591003757e-15,True
SWE,Sweden,European Region,2019,Urine,Klebsiella pneumoniae,Ceftazidime,229294,5153,227,4.40520085387153,4.4052008538715315,-1.7763568394002505e-15,True
SWE,Sweden,European Region,2019,Urine,Klebsiella pneumoniae,Ciprofloxacin,229294,21089,1734,8.22229598368818,8.222295983688179,1.7763568394002505e-15,True
SWE,Sweden,European Region,2019,Urine,Klebsiella pneumoniae,Imipenem,229294,3119,10,0.320615581917281,0.3206155819172812,-1.6653345369377348e-16,True
SWE,Sweden,European Region,2019,Urine,Klebsiella pneumoniae,Meropenem,229294,5356,18,0.336071695294996,0.33607169529499625,-2.7755575615628914e-16,True
SWE,Sweden,European Region,2019,Urine,Klebsiella pneumoniae,Trimethoprim/sulfamethoxazole,229294,21036,3779,17.9644419091082,17.964441909108196,3.552713678800501e-15,True
SWE,Sweden,European Region,2020,Blood,Escherichia coli,Tinidazole,38574,19704,1514,7.68371904181892,7.683719041818921,-8.881784197001252e-16,True
SWE,Sweden,European Region,2020,Blood,Staphylococcus aureus,Meticillin,38574,13742,320,2.3286275651288,2.3286275651288024,-2.220446049250313e-15,True
SWE,Sweden,European Region,2020,Urine,Escherichia coli,Ampicillin,441656,102012,29794,29.2063678782888,29.20636787828883,-3.197442310920451e-14,True
SWE,Sweden,European Region,2020,Urine,Escherichia coli,Ciprofloxacin,441656,397996,42520,10.6835244575322,10.683524457532236,-3.552713678800501e-14,True
SWE,Sweden,European Region,2020,Urine,Escherichia coli,Imipenem,441656,40624,20,0.0492319810949193,0.04923198109491926,4.163336342344337e-17,True
SWE,Sweden,European Region,2020,Urine,Escherichia coli,Meropenem,441656,104736,30,0.0286434463794684,0.028643446379468376,2.42861286636753e-17,True
SWE,Sweden,European Region,2020,Urine,Escherichia coli,Trimethoprim/sulfamethoxazole,441656,398342,79286,19.9040020886575,19.904002088657485,1.4210854715202004e-14,True
SWE,Sweden,European Region,2020,Urine,Klebsiella pneumoniae,Ciprofloxacin,441656,40976,3196,7.79968762202265,7.799687622022647,2.6645352591003757e-15,True
SWE,Sweden,European Region,2020,Urine,Klebsiella pneumoniae,Imipenem,441656,5666,14,0.247087892693258,0.24708789269325804,-2.7755575615628914e-17,True
SWE,Sweden,European Region,2020,Urine,Klebsiella pneumoniae,Meropenem,441656,12546,22,0.175354694723418,0.1753546947234178,1.942890293094024e-16,True
SWE,Sweden,European Region,2020,Urine,Klebsiella pneumoniae,Trimethoprim/sulfamethoxazole,441656,40984,7130,17.3970329884833,17.39703298848331,-1.0658141036401503e-14,True
SYR,Syria,Eastern Mediterranean Region,2019,Urine,Escherichia coli,Cefepime,70,19,6,31.5789473684211,31.57894736842105,4.973799150320701e-14,True
SYR,Syria,Eastern Mediterranean Region,2019,Urine,Escherichia coli,Cefotaxime,70,15,9,60.0,60.0,0.0,True
SYR,Syria,Eastern Mediterranean Region,2019,Urine,Escherichia coli,Ceftazidime,70,26,16,61.5384615384615,61.53846153846154,-4.263256414560601e-14,True
SYR,Syria,Eastern Mediterranean Region,2019,Urine,Escherichia coli,Ciprofloxacin,70,13,7,53.8461538461538,53.84615384615385,-4.973799150320701e-14,True
SYR,Syria,Eastern Mediterranean Region,2019,Urine,Escherichia coli,Imipenem,70,44,1,2.27272727272727,2.272727272727273,-3.1086244689504383e-15,True
SYR,Syria,Eastern Mediterranean Region,2019,Urine,Escherichia coli,Levofloxacin,70,17,7,41.1764705882353,41.17647058823529,7.105427357601002e-15,True
SYR,Syria,Eastern Mediterranean Region,2019,Urine,Escherichia coli,Trimethoprim/sulfamethoxazole,70,47,28,59.5744680851064,59.57446808510638,2.1316282072803006e-14,True
THA,Thailand,South-East Asia Region,2017,Blood,Acinetobacter,Amikacin,1349,161,53,32.9192546583851,32.91925465838509,7.105427357601002e-15,True
THA,Thailand,South-East Asia Region,2017,Blood,Acinetobacter,Colistin,1349,78,0,0.0,0.0,0.0,True
THA,Thailand,South-East Asia Region,2017,Blood,Acinetobacter,Doripenem,1349,76,38,50.0,50.0,0.0,True
THA,Thailand,South-East Asia Region,2017,Blood,Acinetobacter,Gentamicin,1349,164,61,37.1951219512195,37.19512195121951,-1.4210854715202004e-14,True
THA,Thailand,South-East Asia Region,2017,Blood,Acinetobacter,Imipenem,1349,164,74,45.1219512195122,45.1219512195122,0.0,True
THA,Thailand,South-East Asia Region,2017,Blood,Acinetobacter,Meropenem,1349,160,72,45.0,45.0,0.0,True
THA,Thailand,South-East Asia Region,2017,Blood,Escherichia coli,Ampicillin,1349,394,320,81.2182741116751,81.21827411167513,-2.842170943040401e-14,True
THA,Thailand,South-East Asia Region,2017,Blood,Escherichia coli,Cefotaxime,1349,603,246,40.7960199004975,40.79601990049751,-1.4210854715202004e-14,True
THA,Thailand,South-East Asia Region,2017,Blood,Escherichia coli,Ceftazidime,1349,426,106,24.8826291079812,24.88262910798122,-2.1316282072803006e-14,True
THA,Thailand,South-East Asia Region,2017,Blood,Escherichia coli,Ceftriaxone,1349,519,211,40.655105973025,40.655105973025044,-4.263256414560601e-14,True
THA,Thailand,South-East Asia Region,2017,Blood,Escherichia coli,Ciprofloxacin,1349,596,277,46.4765100671141,46.4765100671141,0.0,True
THA,Thailand,South-East Asia Region,2017,Blood,Escherichia coli,Colistin,1349,195,1,0.512820512820513,0.5128205128205128,2.220446049250313e-16,True
THA,Thailand,South-East Asia Region,2017,Blood,Escherichia coli,Doripenem,1349,198,1,0.505050505050505,0.5050505050505051,-1.1102230246251565e-16,True
THA,Thailand,South-East Asia Region,2017,Blood,Escherichia coli,Ertapenem,1349,418,4,0.956937799043062,0.9569377990430622,-2.220446049250313e-16,True
THA,Thailand,South-East Asia Region,2017,Blood,Escherichia coli,Imipenem,1349,427,2,0.468384074941452,0.468384074941452,0.0,True
THA,Thailand,South-East Asia Region,2017,Blood,Escherichia coli,Levofloxacin,1349,194,86,44.3298969072165,44.329896907216494,7.105427357601002e-15,True
THA,Thailand,South-East Asia Region,2017,Blood,Escherichia coli,Meropenem,1349,414,2,0.483091787439614,0.4830917874396135,4.996003610813204e-16,True
THA,Thailand,South-East Asia Region,2017,Blood,Escherichia coli,Tinidazole,1349,603,246,40.7960199004975,40.79601990049751,-1.4210854715202004e-14,True
THA,Thailand,South-East Asia Region,2017,Blood,Escherichia coli,Trimethoprim/sulfamethoxazole,1349,589,342,58.0645161290323,58.06451612903226,3.552713678800501e-14,True
THA,Thailand,South-East Asia Region,2017,Blood,Klebsiella pneumoniae,Cefotaxime,1349,269,119,44.2379182156134,44.237918215613384,1.4210854715202004e-14,True
THA,Thailand,South-East Asia Region,2017,Blood,Klebsiella pneumoniae,Ceftazidime,1349,202,93,46.039603960396,46.03960396039604,-4.263256414560601e-14,True
THA,Thailand,South-East Asia Region,2017,Blood,Klebsiella pneumoniae,Ceftriaxone,1349,240,106,44.1666666666667,44.166666666666664,3.552713678800501e-14,True
THA,Thailand,South-East Asia Region,2017,Blood,Klebsiella pneumoniae,Ciprofloxacin,1349,267,68,25.4681647940075,25.468164794007492,7.105427357601002e-15,True
THA,Thailand,South-East Asia Region,2017,Blood,Klebsiella pneumoniae,Colistin,1349,120,0,0.0,0.0,0.0,True
THA,Thailand,South-East Asia Region,2017,Blood,Klebsiella pneumoniae,Doripenem,1349,120,15,12.5,12.5,0.0,True
THA,Thailand,South-East Asia Region,2017,Blood,Klebsiella pneumoniae,Ertapenem,1349,189,25,13.2275132275132,13.227513227513226,-2.6645352591003757e-14,True
THA,Thailand,South-East Asia Region,2017,Blood,Klebsiella pneumoniae,Imipenem,1349,202,22,10.8910891089109,10.891089108910892,8.881784197001252e-15,True
THA,Thailand,South-East Asia Region,2017,Blood,Klebsiella pneumoniae,Levofloxacin,1349,112,32,28.5714285714286,28.57142857142857,3.197442310920451e-14,True
THA,Thailand,South-East Asia Region,2017,Blood,Klebsiella pneumoniae,Meropenem,1349,193,23,11.9170984455959,11.917098445595855,4.618527782440651e-14,True
THA,Thailand,South-East Asia Region,2017,Blood,Klebsiella pneumoniae,Trimethoprim/sulfamethoxazole,1349,250,115,46.0,46.0,0.0,True
THA,Thailand,South-East Asia Region,2017,Blood,Salmonella,Cefotaxime,1349,41,3,7.31707317073171,7.317073170731707,3.552713678800501e-15,True
THA,Thailand,South-East Asia Region,2017,Blood,Salmonella,Ceftazidime,1349,26,2,7.69230769230769,7.6923076923076925,-2.6645352591003757e-15,True
THA,Thailand,South-East Asia Region,2017,Blood,Salmonella,Ceftriaxone,1349,31,2,6.45161290322581,6.451612903225806,3.552713678800501e-15,True
THA,Thailand,South-East Asia Region,2017,Blood,Salmonella,Ciprofloxacin,1349,28,1,3.57142857142857,3.571428571428571,-1.3322676295501878e-15,True
THA,Thailand,South-East Asia Region,2017,Blood,Salmonella,Ertapenem,1349,25,0,0.0,0.0,0.0,True
THA,Thailand,South-East Asia Region,2017,Blood,Salmonella,Imipenem,1349,26,0,0.0,0.0,0.0,True
THA,Thailand,South-East Asia Region,2017,Blood,Salmonella,Levofloxacin,1349,13,1,7.69230769230769,7.6923076923076925,-2.6645352591003757e-15,True
THA,Thailand,South-East Asia Region,2017,Blood,Salmonella,Meropenem,1349,26,0,0.0,0.0,0.0,True
THA,Thailand,South-East Asia Region,2017,Blood,Staphylococcus aureus,Meticillin,1349,204,34,16.6666666666667,16.666666666666664,3.552713678800501e-14,True
THA,Thailand,South-East Asia Region,2017,Blood,Streptococcus pneumoniae,Benzylpenicillin,1349,35,15,42.8571428571429,42.857142857142854,4.263256414560601e-14,True
THA,Thailand,South-East Asia Region,2017,Blood,Streptococcus pneumoniae,Cefotaxime,1349,20,0,0.0,0.0,0.0,True
THA,Thailand,South-East Asia Region,2017,Blood,Streptococcus pneumoniae,Trimethoprim/sulfamethoxazole,1349,30,18,60.0,60.0,0.0,True
THA,Thailand,South-East Asia Region,2017,Genital,Neisseria gonorrhoeae,Ceftriaxone,183,157,0,0.0,0.0,0.0,True
THA,Thailand,South-East Asia Region,2017,Genital,Neisseria gonorrhoeae,Ciprofloxacin,183,148,145,97.972972972973,97.97297297297297,2.842170943040401e-14,True
THA,Thailand,South-East Asia Region,2017,Urine,Escherichia coli,Ampicillin,2250,1115,975,87.4439461883408,87.4439461883408,0.0,True
THA,Thailand,South-East Asia Region,2017,Urine,Escherichia coli,Cefepime,2250,21,6,28.5714285714286,28.57142857142857,3.197442310920451e-14,True
THA,Thailand,South-East Asia Region,2017,Urine,Escherichia coli,Cefotaxime,2250,1580,719,45.506329113924,45.506329113924046,-4.973799150320701e-14,True
THA,Thailand,South-East Asia Region,2017,Urine,Escherichia coli,Ceftazidime,2250,1232,365,29.6266233766234,29.626623376623378,2.1316282072803006e-14,True
THA,Thailand,South-East Asia Region,2017,Urine,Escherichia coli,Ceftriaxone,2250,1221,569,46.6011466011466,46.6011466011466,0.0,True
THA,Thailand,South-East Asia Region,2017,Urine,Escherichia coli,Ciprofloxacin,2250,1233,782,63.4225466342255,63.42254663422546,3.552713678800501e-14,True
THA,Thailand,South-East Asia Region,2017,Urine,Escherichia coli,Ertapenem,2250,1234,21,1.70178282009724,1.7017828200972445,-4.440892098500626e-15,True
THA,Thailand,South-East Asia Region,2017,Urine,Escherichia coli,Imipenem,2250,1231,17,1.38099106417547,1.380991064175467,2.886579864025407e-15,True
THA,Thailand,South-East Asia Region,2017,Urine,Escherichia coli,Levofloxacin,2250,446,240,53.8116591928251,53.81165919282511,-1.4210854715202004e-14,True
THA,Thailand,South-East Asia Region,2017,Urine,Escherichia coli,Meropenem,2250,1179,17,1.44189991518236,1.441899915182358,1.9984014443252818e-15,True
THA,Thailand,South-East Asia Region,2017,Urine,Escherichia coli,Trimethoprim/sulfamethoxazole,2250,1475,870,58.9830508474576,58.98305084745763,-3.552713678800501e-14,True
THA,Thailand,South-East Asia Region,2017,Urine,Klebsiella pneumoniae,Cefotaxime,2250,432,220,50.9259259259259,50.92592592592593,-2.842170943040401e-14,True
THA,Thailand,South-East Asia Region,2017,Urine,Klebsiella pneumoniae,Ceftazidime,2250,330,200,60.6060606060606,60.60606060606061,-7.105427357601002e-15,True
THA,Thailand,South-East Asia Region,2017,Urine,Klebsiella pneumoniae,Ceftriaxone,2250,346,179,51.7341040462428,51.73410404624278,2.1316282072803006e-14,True
THA,Thailand,South-East Asia Region,2017,Urine,Klebsiella pneumoniae,Ciprofloxacin,2250,331,179,54.0785498489426,54.0785498489426,0.0,True
THA,Thailand,South-East Asia Region,2017,Urine,Klebsiella pneumoniae,Ertapenem,2250,328,63,19.2073170731707,19.20731707317073,-3.197442310920451e-14,True
THA,Thailand,South-East Asia Region,2017,Urine,Klebsiella pneumoniae,Imipenem,2250,331,53,16.012084592145,16.012084592145015,-1.4210854715202004e-14,True
THA,Thailand,South-East Asia Region,2017,Urine,Klebsiella pneumoniae,Levofloxacin,2250,138,56,40.5797101449275,40.57971014492754,-3.552713678800501e-14,True
THA,Thailand,South-East Asia Region,2017,Urine,Klebsiella pneumoniae,Meropenem,2250,314,50,15.9235668789809,15.92356687898089,8.881784197001252e-15,True
THA,Thailand,South-East Asia Region,2017,Urine,Klebsiella pneumoniae,Trimethoprim/sulfamethoxazole,2250,400,223,55.75,55.75,0.0,True
THA,Thailand,South-East Asia Region,2018,Blood,Acinetobacter,Amikacin,2629,312,96,30.7692307692308,30.76923076923077,2.842170943040401e-14,True
THA,Thailand,South-East Asia Region,2018,Blood,Acinetobacter,Colistin,2629,72,0,0.0,0.0,0.0,True
THA,Thailand,South-East Asia Region,2018,Blood,Acinetobacter,Doripenem,2629,31,16,51.6129032258064,51.61290322580645,-4.973799150320701e-14,True
THA,Thailand,South-East Asia Region,2018,Blood,Acinetobacter,Gentamicin,2629,311,112,36.0128617363344,36.01286173633441,-7.105427357601002e-15,True
THA,Thailand,South-East Asia Region,2018,Blood,Acinetobacter,Imipenem,2629,337,174,51.6320474777448,51.632047477744806,-7.105427357601002e-15,True
THA,Thailand,South-East Asia Region,2018,Blood,Acinetobacter,Meropenem,2629,361,178,49.3074792243767,49.307479224376735,-3.552713678800501e-14,True
THA,Thailand,South-East Asia Region,2018,Blood,Escherichia coli,Ampicillin,2629,632,528,83.5443037974684,83.54430379746836,4.263256414560601e-14,True
THA,Thailand,South-East Asia Region,2018,Blood,Escherichia coli,Cefotaxime,2629,994,366,36.8209255533199,36.820925553319924,-2.1316282072803006e-14,True
THA,Thailand,South-East Asia Region,2018,Blood,Escherichia coli,Ceftazidime,2629,948,183,19.3037974683544,19.303797468354432,-3.197442310920451e-14,True
THA,Thailand,South-East Asia Region,2018,Blood,Escherichia coli,Ceftriaxone,2629,1029,371,36.0544217687075,36.054421768707485,1.4210854715202004e-14,True
THA,Thailand,South-East Asia Region,2018,Blood,Escherichia coli,Ciprofloxacin,2629,877,371,42.30330672748,42.30330672748004,-4.263256414560601e-14,True
THA,Thailand,South-East Asia Region,2018,Blood,Escherichia coli,Colistin,2629,48,0,0.0,0.0,0.0,True
THA,Thailand,South-East Asia Region,2018,Blood,Escherichia coli,Doripenem,2629,88,0,0.0,0.0,0.0,True
THA,Thailand,South-East Asia Region,2018,Blood,Escherichia coli,Ertapenem,2629,845,8,0.946745562130178,0.9467455621301776,4.440892098500626e-16,True
THA,Thailand,South-East Asia Region,2018,Blood,Escherichia coli,Imipenem,2629,745,6,0.805369127516779,0.8053691275167786,4.440892098500626e-16,True
THA,Thailand,South-East Asia Region,2018,Blood,Escherichia coli,Levofloxacin,2629,286,99,34.6153846153846,34.61538461538461,-1.4210854715202004e-14,True
THA,Thailand,South-East Asia Region,2018,Blood,Escherichia coli,Meropenem,2629,846,9,1.06382978723404,1.0638297872340425,-2.4424906541753444e-15,True
THA,Thailand,South-East Asia Region,2018,Blood,Escherichia coli,Tinidazole,2629,994,366,36.8209255533199,36.820925553319924,-2.1316282072803006e-14,True
THA,Thailand,South-East Asia Region,2018,Blood,Escherichia coli,Trimethoprim/sulfamethoxazole,2629,576,310,53.8194444444444,53.81944444444444,-4.263256414560601e-14,True
THA,Thailand,South-East Asia Region,2018,Blood,Klebsiella pneumoniae,Cefotaxime,2629,419,116,27.6849642004773,27.684964200477324,-2.4868995751603507e-14,True
THA,Thailand,South-East Asia Region,2018,Blood,Klebsiella pneumoniae,Ceftazidime,2629,379,112,29.5514511873351,29.551451187335093,7.105427357601002e-15,True
THA,Thailand,South-East Asia Region,2018,Blood,Klebsiella pneumoniae,Ceftriaxone,2629,451,126,27.9379157427938,27.93791574279379,7.105427357601002e-15,True
THA,Thailand,South-East Asia Region,2018,Blood,Klebsiella pneumoniae,Ciprofloxacin,2629,391,65,16.6240409207161,16.624040920716112,-1.0658141036401503e-14,True
THA,Thailand,South-East Asia Region,2018,Blood,Klebsiella pneumoniae,Colistin,2629,34,0,0.0,0.0,0.0,True
THA,Thailand,South-East Asia Region,2018,Blood,Klebsiella pneumoniae,Doripenem,2629,51,6,11.7647058823529,11.76470588235294,-4.085620730620576e-14,True
THA,Thailand,South-East Asia Region,2018,Blood,Klebsiella pneumoniae,Ertapenem,2629,324,35,10.8024691358025,10.802469135802468,3.197442310920451e-14,True
THA,Thailand,South-East Asia Region,2018,Blood,Klebsiella pneumoniae,Imipenem,2629,309,26,8.41423948220065,8.414239482200648,1.7763568394002505e-15,True
THA,Thailand,South-East Asia Region,2018,Blood,Klebsiella pneumoniae,Levofloxacin,2629,148,26,17.5675675675676,17.56756756756757,3.197442310920451e-14,True
THA,Thailand,South-East Asia Region,2018,Blood,Klebsiella pneumoniae,Meropenem,2629,325,29,8.92307692307692,8.923076923076923,-3.552713678800501e-15,True
THA,Thailand,South-East Asia Region,2018,Blood,Klebsiella pneumoniae,Trimethoprim/sulfamethoxazole,2629,209,54,25.8373205741627,25.837320574162682,1.7763568394002505e-14,True
THA,Thailand,South-East Asia Region,2018,Blood,Salmonella,Cefotaxime,2629,86,7,8.13953488372093,8.13953488372093,0.0,True
THA,Thailand,South-East Asia Region,2018,Blood,Salmonella,Ceftazidime,2629,69,6,8.69565217391304,8.695652173913043,-3.552713678800501e-15,True
THA,Thailand,South-East Asia Region,2018,Blood,Salmonella,Ceftriaxone,2629,96,8,8.33333333333333,8.333333333333332,-1.7763568394002505e-15,True
THA,Thailand,South-East Asia Region,2018,Blood,Salmonella,Ciprofloxacin,2629,88,1,1.13636363636364,1.1363636363636365,3.552713678800501e-15,True
THA,Thailand,South-East Asia Region,2018,Blood,Salmonella,Ertapenem,2629,53,0,0.0,0.0,0.0,True
THA,Thailand,South-East Asia Region,2018,Blood,Salmonella,Imipenem,2629,54,0,0.0,0.0,0.0,True
THA,Thailand,South-East Asia Region,2018,Blood,Salmonella,Levofloxacin,2629,31,0,0.0,0.0,0.0,True
THA,Thailand,South-East Asia Region,2018,Blood,Salmonella,Meropenem,2629,55,0,0.0,0.0,0.0,True
THA,Thailand,South-East Asia Region,2018,Blood,Staphylococcus aureus,Meticillin,2629,247,28,11.336032388664,11.336032388663968,3.197442310920451e-14,True
THA,Thailand,South-East Asia Region,2018,Blood,Streptococcus pneumoniae,Benzylpenicillin,2629,75,37,49.3333333333333,49.333333333333336,-3.552713678800501e-14,True
THA,Thailand,South-East Asia Region,2018,Blood,Streptococcus pneumoniae,Cefotaxime,2629,39,2,5.12820512820513,5.128205128205128,2.6645352591003757e-15,True
THA,Thailand,South-East Asia Region,2018,Blood,Streptococcus pneumoniae,Trimethoprim/sulfamethoxazole,2629,40,17,42.5,42.5,0.0,True
THA,Thailand,South-East Asia Region,2018,Genital,Neisseria gonorrhoeae,Ceftriaxone,170,136,1,0.735294117647059,0.7352941176470588,2.220446049250313e-16,True
THA,Thailand,South-East Asia Region,2018,Genital,Neisseria gonorrhoeae,Ciprofloxacin,170,164,153,93.2926829268293,93.29268292682927,2.842170943040401e-14,True
THA,Thailand,South-East Asia Region,2018,Urine,Escherichia coli,Ampicillin,4301,2220,1866,84.054054054054,84.05405405405405,-4.263256414560601e-14,True
THA,Thailand,South-East Asia Region,2018,Urine,Escherichia coli,Cefepime,4301,24,5,20.8333333333333,20.833333333333336,-3.552713678800501e-14,True
THA,Thailand,South-East Asia Region,2018,Urine,Escherichia coli,Cefotaxime,4301,3019,1266,41.9344153693276,41.934415369327596,7.105427357601002e-15,True
THA,Thailand,South-East Asia Region,2018,Urine,Escherichia coli,Ceftazidime,4301,2694,716,26.5775798069785,26.57757980697847,2.842170943040401e-14,True
THA,Thailand,South-East Asia Region,2018,Urine,Escherichia coli,Ceftriaxone,4301,2570,1061,41.284046692607,41.284046692607,0.0,True
THA,Thailand,South-East Asia Region,2018,Urine,Escherichia coli,Ciprofloxacin,4301,1159,664,57.290767903365,57.29076790336497,2.842170943040401e-14,True
THA,Thailand,South-East Asia Region,2018,Urine,Escherichia coli,Ertapenem,4301,1980,100,5.05050505050505,5.05050505050505,0.0,True
THA,Thailand,South-East Asia Region,2018,Urine,Escherichia coli,Imipenem,4301,2256,90,3.98936170212766,3.9893617021276597,4.440892098500626e-16,True
THA,Thailand,South-East Asia Region,2018,Urine,Escherichia coli,Levofloxacin,4301,533,238,44.6529080675422,44.652908067542214,-1.4210854715202004e-14,True
THA,Thailand,South-East Asia Region,2018,Urine,Escherichia coli,Meropenem,4301,1997,100,5.00751126690035,5.007511266900351,-8.881784197001252e-16,True
THA,Thailand,South-East Asia Region,2018,Urine,Escherichia coli,Trimethoprim/sulfamethoxazole,4301,1987,1049,52.7931555108203,52.793155510820334,-3.552713678800501e-14,True
THA,Thailand,South-East Asia Region,2018,Urine,Klebsiella pneumoniae,Cefotaxime,4301,884,419,47.3981900452489,47.39819004524887,3.552713678800501e-14,True
THA,Thailand,South-East Asia Region,2018,Urine,Klebsiella pneumoniae,Ceftazidime,4301,830,370,44.578313253012,44.57831325301205,-4.973799150320701e-14,True
THA,Thailand,South-East Asia Region,2018,Urine,Klebsiella pneumoniae,Ceftriaxone,4301,747,354,47.3895582329317,47.389558232931726,-2.842170943040401e-14,True
THA,Thailand,South-East Asia Region,2018,Urine,Klebsiella pneumoniae,Ciprofloxacin,4301,350,146,41.7142857142857,41.714285714285715,-1.4210854715202004e-14,True
THA,Thailand,South-East Asia Region,2018,Urine,Klebsiella pneumoniae,Ertapenem,4301,565,106,18.7610619469027,18.761061946902654,4.618527782440651e-14,True
THA,Thailand,South-East Asia Region,2018,Urine,Klebsiella pneumoniae,Imipenem,4301,691,82,11.8668596237337,11.866859623733719,-1.9539925233402755e-14,True
THA,Thailand,South-East Asia Region,2018,Urine,Klebsiella pneumoniae,Levofloxacin,4301,213,69,32.3943661971831,32.3943661971831,0.0,True
THA,Thailand,South-East Asia Region,2018,Urine,Klebsiella pneumoniae,Meropenem,4301,577,95,16.4644714038128,16.464471403812826,-2.4868995751603507e-14,True
THA,Thailand,South-East Asia Region,2018,Urine,Klebsiella pneumoniae,Trimethoprim/sulfamethoxazole,4301,564,281,49.822695035461,49.822695035460995,7.105427357601002e-15,True
THA,Thailand,South-East Asia Region,2019,Blood,Acinetobacter,Amikacin,5463,489,131,26.7893660531697,26.789366053169733,-3.197442310920451e-14,True
THA,Thailand,South-East Asia Region,2019,Blood,Acinetobacter,Colistin,5463,195,5,2.56410256410256,2.564102564102564,-3.9968028886505635e-15,True
THA,Thailand,South-East Asia Region,2019,Blood,Acinetobacter,Doripenem,5463,145,80,55.1724137931034,55.172413793103445,-4.263256414560601e-14,True
THA,Thailand,South-East Asia Region,2019,Blood,Acinetobacter,Gentamicin,5463,522,213,40.8045977011494,40.804597701149426,-2.842170943040401e-14,True
THA,Thailand,South-East Asia Region,2019,Blood,Acinetobacter,Imipenem,5463,620,305,49.1935483870968,49.193548387096776,2.1316282072803006e-14,True
THA,Thailand,South-East Asia Region,2019,Blood,Acinetobacter,Meropenem,5463,639,312,48.8262910798122,48.82629107981221,-7.105427357601002e-15,True
THA,Thailand,South-East Asia Region,2019,Blood,Acinetobacter,Tigecycline,5463,134,4,2.98507462686567,2.9850746268656714,-1.3322676295501878e-15,True
THA,Thailand,South-East Asia Region,2019,Blood,Escherichia coli,Ampicillin,5463,1141,935,81.9456617002629,81.94566170026293,-2.842170943040401e-14,True
THA,Thailand,South-East Asia Region,2019,Blood,Escherichia coli,Cefepime,5463,701,148,21.1126961483595,21.112696148359486,1.4210854715202004e-14,True
THA,Thailand,South-East Asia Region,2019,Blood,Escherichia coli,Cefotaxime,5463,2010,749,37.2636815920398,37.2636815920398,0.0,True
THA,Thailand,South-East Asia Region,2019,Blood,Escherichia coli,Ceftazidime,5463,1967,426,21.6573462125064,21.657346212506354,4.618527782440651e-14,True
THA,Thailand,South-East Asia Region,2019,Blood,Escherichia coli,Ceftriaxone,5463,1187,418,35.2148272957035,35.21482729570346,4.263256414560601e-14,True
THA,Thailand,South-East Asia Region,2019,Blood,Escherichia coli,Ciprofloxacin,5463,1727,784,45.3966415749855,45.39664157498552,-2.1316282072803006e-14,True
THA,Thailand,South-East Asia Region,2019,Blood,Escherichia coli,Colistin,5463,401,1,0.249376558603491,0.24937655860349126,-2.498001805406602e-16,True
THA,Thailand,South-East Asia Region,2019,Blood,Escherichia coli,Doripenem,5463,455,8,1.75824175824176,1.7582417582417582,1.7763568394002505e-15,True
THA,Thailand,South-East Asia Region,2019,Blood,Escherichia coli,Ertapenem,5463,1487,26,1.74848688634835,1.7484868863483525,-2.4424906541753444e-15,True
THA,Thailand,South-East Asia Region,2019,Blood,Escherichia coli,Imipenem,5463,1834,29,1.58124318429662,1.5812431842966195,4.440892098500626e-16,True
THA,Thailand,South-East Asia Region,2019,Blood,Escherichia coli,Levofloxacin,5463,762,294,38.5826771653543,38.582677165354326,-2.842170943040401e-14,True
THA,Thailand,South-East Asia Region,2019,Blood,Escherichia coli,Meropenem,5463,1954,28,1.43295803480041,1.4329580348004094,6.661338147750939e-16,True
THA,Thailand,South-East Asia Region,2019,Blood,Escherichia coli,Tinidazole,5463,2010,749,37.2636815920398,37.2636815920398,0.0,True
THA,Thailand,South-East Asia Region,2019,Blood,Escherichia coli,Trimethoprim/sulfamethoxazole,5463,1721,904,52.527600232423,52.52760023242301,-1.4210854715202004e-14,True
THA,Thailand,South-East Asia Region,2019,Blood,Klebsiella pneumoniae,Cefepime,5463,333,85,25.5255255255255,25.525525525525527,-2.842170943040401e-14,True
THA,Thailand,South-East Asia Region,2019,Blood,Klebsiella pneumoniae,Cefotaxime,5463,920,356,38.695652173913,38.69565217391304,-4.263256414560601e-14,True
THA,Thailand,South-East Asia Region,2019,Blood,Klebsiella pneumoniae,Ceftazidime,5463,914,319,34.9015317286652,34.901531728665205,-7.105427357601002e-15,True
THA,Thailand,South-East Asia Region,2019,Blood,Klebsiella pneumoniae,Ceftriaxone,5463,603,236,39.1376451077944,39.13764510779436,3.552713678800501e-14,True
THA,Thailand,South-East Asia Region,2019,Blood,Klebsiella pneumoniae,Ciprofloxacin,5463,850,341,40.1176470588235,40.11764705882353,-2.842170943040401e-14,True
THA,Thailand,South-East Asia Region,2019,Blood,Klebsiella pneumoniae,Colistin,5463,250,0,0.0,0.0,0.0,True
THA,Thailand,South-East Asia Region,2019,Blood,Klebsiella pneumoniae,Doripenem,5463,205,18,8.78048780487805,8.780487804878048,1.7763568394002505e-15,True
THA,Thailand,South-East Asia Region,2019,Blood,Klebsiella pneumoniae,Ertapenem,5463,740,120,16.2162162162162,16.216216216216218,-1.7763568394002505e-14,True
THA,Thailand,South-East Asia Region,2019,Blood,Klebsiella pneumoniae,Imipenem,5463,865,102,11.7919075144509,11.791907514450866,3.375077994860476e-14,True
THA,Thailand,South-East Asia Region,2019,Blood,Klebsiella pneumoniae,Levofloxacin,5463,417,109,26.1390887290168,26.139088729016784,1.7763568394002505e-14,True
THA,Thailand,South-East Asia Region,2019,Blood,Klebsiella pneumoniae,Meropenem,5463,905,104,11.4917127071823,11.491712707182321,-2.1316282072803006e-14,True
THA,Thailand,South-East Asia Region,2019,Blood,Klebsiella pneumoniae,Trimethoprim/sulfamethoxazole,5463,750,250,33.3333333333333,33.33333333333333,-2.842170943040401e-14,True
THA,Thailand,South-East Asia Region,2019,Blood,Salmonella,Cefotaxime,5463,176,21,11.9318181818182,11.931818181818182,1.7763568394002505e-14,True
THA,Thailand,South-East Asia Region,2019,Blood,Salmonella,Ceftazidime,5463,93,10,10.752688172043,10.75268817204301,-1.0658141036401503e-14,True
THA,Thailand,South-East Asia Region,2019,Blood,Salmonella,Ceftriaxone,5463,103,3,2.9126213592233,2.912621359223301,-8.881784197001252e-16,True
THA,Thailand,South-East Asia Region,2019,Blood,Salmonella,Ciprofloxacin,5463,137,6,4.37956204379562,4.37956204379562,0.0,True
THA,Thailand,South-East Asia Region,2019,Blood,Salmonella,Doripenem,5463,18,0,0.0,0.0,0.0,True
THA,Thailand,South-East Asia Region,2019,Blood,Salmonella,Ertapenem,5463,93,0,0.0,0.0,0.0,True
THA,Thailand,South-East Asia Region,2019,Blood,Salmonella,Imipenem,5463,78,0,0.0,0.0,0.0,True
THA,Thailand,South-East Asia Region,2019,Blood,Salmonella,Levofloxacin,5463,56,0,0.0,0.0,0.0,True
THA,Thailand,South-East Asia Region,2019,Blood,Salmonella,Meropenem,5463,94,0,0.0,0.0,0.0,True
THA,Thailand,South-East Asia Region,2019,Blood,Staphylococcus aureus,Cefoxitin,5463,708,88,12.4293785310734,12.429378531073446,-4.618527782440651e-14,True
THA,Thailand,South-East Asia Region,2019,Blood,Staphylococcus aureus,Meticillin,5463,708,88,12.4293785310734,12.429378531073446,-4.618527782440651e-14,True
THA,Thailand,South-East Asia Region,2019,Blood,Staphylococcus aureus,Oxacillin,5463,145,12,8.27586206896552,8.275862068965518,1.7763568394002505e-15,True
THA,Thailand,South-East Asia Region,2019,Blood,Streptococcus pneumoniae,Benzylpenicillin,5463,158,60,37.9746835443038,37.9746835443038,0.0,True
THA,Thailand,South-East Asia Region,2019,Blood,Streptococcus pneumoniae,Cefotaxime,5463,124,2,1.61290322580645,1.6129032258064515,-1.5543122344752192e-15,True
THA,Thailand,South-East Asia Region,2019,Blood,Streptococcus pneumoniae,Ceftriaxone,5463,39,2,5.12820512820513,5.128205128205128,2.6645352591003757e-15,True
THA,Thailand,South-East Asia Region,2019,Blood,Streptococcus pneumoniae,Oxacillin,5463,120,30,25.0,25.0,0.0,True
THA,Thailand,South-East Asia Region,2019,Blood,Streptococcus pneumoniae,Trimethoprim/sulfamethoxazole,5463,134,65,48.5074626865672,48.507462686567166,3.552713678800501e-14,True
THA,Thailand,South-East Asia Region,2019,Genital,Neisseria gonorrhoeae,Ceftriaxone,79,22,1,4.54545454545455,4.545454545454546,4.440892098500626e-15,True
THA,Thailand,South-East Asia Region,2019,Genital,Neisseria gonorrhoeae,Ciprofloxacin,79,32,20,62.5,62.5,0.0,True
THA,Thailand,South-East Asia Region,2019,Stool,Salmonella,Ceftazidime,845,16,1,6.25,6.25,0.0,True
THA,Thailand,South-East Asia Region,2019,Stool,Salmonella,Ceftriaxone,845,72,3,4.16666666666667,4.166666666666666,3.552713678800501e-15,True
THA,Thailand,South-East Asia Region,2019,Stool,Salmonella,Ciprofloxacin,845,406,7,1.72413793103448,1.7241379310344827,-2.6645352591003757e-15,True
THA,Thailand,South-East Asia Region,2019,Stool,Salmonella,Imipenem,845,16,0,0.0,0.0,0.0,True
THA,Thailand,South-East Asia Region,2019,Stool,Salmonella,Meropenem,845,17,0,0.0,0.0,0.0,True
THA,Thailand,South-East Asia Region,2019,Urine,Escherichia coli,Ampicillin,9011,3793,3205,84.4977590297917,84.49775902979172,-2.842170943040401e-14,True
THA,Thailand,South-East Asia Region,2019,Urine,Escherichia coli,Cefepime,9011,1481,481,32.4780553679946,32.4780553679946,0.0,True
THA,Thailand,South-East Asia Region,2019,Urine,Escherichia coli,Cefotaxime,9011,5570,2529,45.4039497307002,45.40394973070018,2.1316282072803006e-14,True
THA,Thailand,South-East Asia Region,2019,Urine,Escherichia coli,Ceftazidime,9011,5291,1396,26.3844263844264,26.384426384426384,1.7763568394002505e-14,True
THA,Thailand,South-East Asia Region,2019,Urine,Escherichia coli,Ceftriaxone,9011,2197,990,45.0614474283113,45.06144742831133,-3.552713678800501e-14,True
THA,Thailand,South-East Asia Region,2019,Urine,Escherichia coli,Ciprofloxacin,9011,3622,2283,63.0314743235781,63.03147432357813,-2.842170943040401e-14,True
THA,Thailand,South-East Asia Region,2019,Urine,Escherichia coli,Colistin,9011,183,2,1.09289617486339,1.092896174863388,1.9984014443252818e-15,True
THA,Thailand,South-East Asia Region,2019,Urine,Escherichia coli,Doripenem,9011,217,6,2.76497695852535,2.7649769585253456,4.440892098500626e-15,True
THA,Thailand,South-East Asia Region,2019,Urine,Escherichia coli,Ertapenem,9011,3501,91,2.59925735504142,2.599257355041417,3.1086244689504383e-15,True
THA,Thailand,South-East Asia Region,2019,Urine,Escherichia coli,Imipenem,9011,4969,109,2.19360032199638,2.1936003219963776,2.6645352591003757e-15,True
THA,Thailand,South-East Asia Region,2019,Urine,Escherichia coli,Levofloxacin,9011,1361,756,55.547391623806,55.54739162380602,-2.1316282072803006e-14,True
THA,Thailand,South-East Asia Region,2019,Urine,Escherichia coli,Meropenem,9011,5206,107,2.0553207837111,2.0553207837111027,-2.6645352591003757e-15,True
THA,Thailand,South-East Asia Region,2019,Urine,Escherichia coli,Trimethoprim/sulfamethoxazole,9011,5692,3108,54.6029515108925,54.60295151089248,2.1316282072803006e-14,True
THA,Thailand,South-East Asia Region,2019,Urine,Klebsiella pneumoniae,Cefepime,9011,614,274,44.6254071661238,44.62540716612378,2.1316282072803006e-14,True
THA,Thailand,South-East Asia Region,2019,Urine,Klebsiella pneumoniae,Cefotaxime,9011,1711,835,48.801870251315,48.80187025131502,-2.1316282072803006e-14,True
THA,Thailand,South-East Asia Region,2019,Urine,Klebsiella pneumoniae,Ceftazidime,9011,1712,768,44.8598130841121,44.85981308411215,-4.973799150320701e-14,True
THA,Thailand,South-East Asia Region,2019,Urine,Klebsiella pneumoniae,Ceftriaxone,9011,657,386,58.751902587519,58.75190258751902,-2.1316282072803006e-14,True
THA,Thailand,South-East Asia Region,2019,Urine,Klebsiella pneumoniae,Ciprofloxacin,9011,1293,779,60.2474864655839,60.24748646558391,-1.4210854715202004e-14,True
THA,Thailand,South-East Asia Region,2019,Urine,Klebsiella pneumoniae,Colistin,9011,69,2,2.89855072463768,2.898550724637681,-1.3322676295501878e-15,True
THA,Thailand,South-East Asia Region,2019,Urine,Klebsiella pneumoniae,Doripenem,9011,94,26,27.6595744680851,27.659574468085108,-7.105427357601002e-15,True
THA,Thailand,South-East Asia Region,2019,Urine,Klebsiella pneumoniae,Ertapenem,9011,1231,245,19.9025182778229,19.90251827782291,-1.0658141036401503e-14,True
THA,Thailand,South-East Asia Region,2019,Urine,Klebsiella pneumoniae,Imipenem,9011,1611,258,16.0148975791434,16.01489757914339,1.0658141036401503e-14,True
THA,Thailand,South-East Asia Region,2019,Urine,Klebsiella pneumoniae,Levofloxacin,9011,548,276,50.3649635036496,50.36496350364964,-4.263256414560601e-14,True
THA,Thailand,South-East Asia Region,2019,Urine,Klebsiella pneumoniae,Meropenem,9011,1674,281,16.7861409796894,16.786140979689367,3.197442310920451e-14,True
THA,Thailand,South-East Asia Region,2019,Urine,Klebsiella pneumoniae,Trimethoprim/sulfamethoxazole,9011,1760,846,48.0681818181818,48.06818181818181,-1.4210854715202004e-14,True
THA,Thailand,South-East Asia Region,2020,Blood,Acinetobacter,Amikacin,6159,612,195,31.8627450980392,31.862745098039213,-1.4210854715202004e-14,True
THA,Thailand,South-East Asia Region,2020,Blood,Acinetobacter,Colistin,6159,407,5,1.22850122850123,1.2285012285012284,1.5543122344752192e-15,True
THA,Thailand,South-East Asia Region,2020,Blood,Acinetobacter,Doripenem,6159,239,158,66.1087866108787,66.10878661087865,4.263256414560601e-14,True
THA,Thailand,South-East Asia Region,2020,Blood,Acinetobacter,Gentamicin,6159,654,282,43.1192660550459,43.11926605504588,2.1316282072803006e-14,True
THA,Thailand,South-East Asia Region,2020,Blood,Acinetobacter,Imipenem,6159,783,425,54.2784163473819,54.278416347381864,3.552713678800501e-14,True
THA,Thailand,South-East Asia Region,2020,Blood,Acinetobacter,Meropenem,6159,779,431,55.3273427471117,55.327342747111686,1.4210854715202004e-14,True
THA,Thailand,South-East Asia Region,2020,Blood,Escherichia coli,Ampicillin,6159,1565,1261,80.5750798722045,80.57507987220447,2.842170943040401e-14,True
THA,Thailand,South-East Asia Region,2020,Blood,Escherichia coli,Cefotaxime,6159,2089,823,39.3968405935854,39.396840593585445,-4.263256414560601e-14,True
THA,Thailand,South-East Asia Region,2020,Blood,Escherichia coli,Ceftazidime,6159,2295,451,19.6514161220044,19.651416122004356,4.263256414560601e-14,True
THA,Thailand,South-East Asia Region,2020,Blood,Escherichia coli,Ceftriaxone,6159,1808,648,35.8407079646018,35.84070796460177,2.842170943040401e-14,True
THA,Thailand,South-East Asia Region,2020,Blood,Escherichia coli,Ciprofloxacin,6159,2200,1032,46.9090909090909,46.909090909090914,-1.4210854715202004e-14,True
THA,Thailand,South-East Asia Region,2020,Blood,Escherichia coli,Colistin,6159,816,5,0.612745098039216,0.6127450980392157,2.220446049250313e-16,True
THA,Thailand,South-East Asia Region,2020,Blood,Escherichia coli,Doripenem,6159,695,9,1.29496402877698,1.2949640287769784,1.5543122344752192e-15,True
THA,Thailand,South-East Asia Region,2020,Blood,Escherichia coli,Ertapenem,6159,2088,35,1.67624521072797,1.6762452107279693,6.661338147750939e-16,True
THA,Thailand,South-East Asia Region,2020,Blood,Escherichia coli,Imipenem,6159,2394,33,1.37844611528822,1.3784461152882206,-6.661338147750939e-16,True
THA,Thailand,South-East Asia Region,2020,Blood,Escherichia coli,Levofloxacin,6159,1029,448,43.5374149659864,43.53741496598639,7.105427357601002e-15,True
THA,Thailand,South-East Asia Region,2020,Blood,Escherichia coli,Meropenem,6159,2407,34,1.41254673867885,1.4125467386788533,-3.3306690738754696e-15,True
THA,Thailand,South-East Asia Region,2020,Blood,Escherichia coli,Tinidazole,6159,2089,823,39.3968405935854,39.396840593585445,-4.263256414560601e-14,True
THA,Thailand,South-East Asia Region,2020,Blood,Escherichia coli,Trimethoprim/sulfamethoxazole,6159,2361,1216,51.5036001694197,51.50360016941974,-4.263256414560601e-14,True
THA,Thailand,South-East Asia Region,2020,Blood,Klebsiella pneumoniae,Cefotaxime,6159,917,289,31.515812431843,31.515812431842967,3.197442310920451e-14,True
THA,Thailand,South-East Asia Region,2020,Blood,Klebsiella pneumoniae,Ceftazidime,6159,1094,328,29.981718464351,29.981718464351005,-3.552713678800501e-15,True
THA,Thailand,South-East Asia Region,2020,Blood,Klebsiella pneumoniae,Ceftriaxone,6159,942,329,34.9256900212314,34.92569002123142,-2.1316282072803006e-14,True
THA,Thailand,South-East Asia Region,2020,Blood,Klebsiella pneumoniae,Ciprofloxacin,6159,1092,395,36.1721611721612,36.17216117216117,3.552713678800501e-14,True
THA,Thailand,South-East Asia Region,2020,Blood,Klebsiella pneumoniae,Colistin,6159,470,13,2.76595744680851,2.7659574468085104,-4.440892098500626e-16,True
THA,Thailand,South-East Asia Region,2020,Blood,Klebsiella pneumoniae,Doripenem,6159,308,35,11.3636363636364,11.363636363636363,3.730349362740526e-14,True
THA,Thailand,South-East Asia Region,2020,Blood,Klebsiella pneumoniae,Ertapenem,6159,1034,129,12.4758220502901,12.475822050290136,-3.552713678800501e-14,True
THA,Thailand,South-East Asia Region,2020,Blood,Klebsiella pneumoniae,Imipenem,6159,1154,107,9.27209705372617,9.272097053726169,1.7763568394002505e-15,True
THA,Thailand,South-East Asia Region,2020,Blood,Klebsiella pneumoniae,Levofloxacin,6159,562,175,31.1387900355872,31.13879003558719,1.0658141036401503e-14,True
THA,Thailand,South-East Asia Region,2020,Blood,Klebsiella pneumoniae,Meropenem,6159,1152,110,9.54861111111111,9.54861111111111,0.0,True
THA,Thailand,South-East Asia Region,2020,Blood,Klebsiella pneumoniae,Trimethoprim/sulfamethoxazole,6159,1138,377,33.128295254833,33.12829525483304,-4.263256414560601e-14,True
THA,Thailand,South-East Asia Region,2020,Blood,Salmonella,Cefotaxime,6159,171,20,11.6959064327485,11.695906432748536,-3.730349362740526e-14,True
THA,Thailand,South-East Asia Region,2020,Blood,Salmonella,Ceftazidime,6159,116,15,12.9310344827586,12.931034482758621,-2.1316282072803006e-14,True
THA,Thailand,South-East Asia Region,2020,Blood,Salmonella,Ceftriaxone,6159,130,11,8.46153846153846,8.461538461538462,-1.7763568394002505e-15,True
THA,Thailand,South-East Asia Region,2020,Blood,Salmonella,Ciprofloxacin,6159,150,11,7.33333333333333,7.333333333333333,-2.6645352591003757e-15,True
THA,Thailand,South-East Asia Region,2020,Blood,Salmonella,Ertapenem,6159,105,0,0.0,0.0,0.0,True
THA,Thailand,South-East Asia Region,2020,Blood,Salmonella,Imipenem,6159,101,0,0.0,0.0,0.0,True
THA,Thailand,South-East Asia Region,2020,Blood,Salmonella,Levofloxacin,6159,60,4,6.66666666666667,6.666666666666667,2.6645352591003757e-15,True
THA,Thailand,South-East Asia Region,2020,Blood,Salmonella,Meropenem,6159,100,0,0.0,0.0,0.0,True
THA,Thailand,South-East Asia Region,2020,Blood,Staphylococcus aureus,Meticillin,6159,254,27,10.6299212598425,10.62992125984252,-1.9539925233402755e-14,True
THA,Thailand,South-East Asia Region,2020,Blood,Streptococcus pneumoniae,Benzylpenicillin,6159,116,46,39.6551724137931,39.6551724137931,0.0,True
THA,Thailand,South-East Asia Region,2020,Blood,Streptococcus pneumoniae,Cefotaxime,6159,59,3,5.08474576271187,5.084745762711865,5.329070518200751e-15,True
THA,Thailand,South-East Asia Region,2020,Blood,Streptococcus pneumoniae,Trimethoprim/sulfamethoxazole,6159,109,54,49.5412844036697,49.54128440366973,-2.842170943040401e-14,True
THA,Thailand,South-East Asia Region,2020,Genital,Neisseria gonorrhoeae,Ceftriaxone,42,35,1,2.85714285714286,2.857142857142857,2.6645352591003757e-15,True
THA,Thailand,South-East Asia Region,2020,Genital,Neisseria gonorrhoeae,Ciprofloxacin,42,40,35,87.5,87.5,0.0,True
THA,Thailand,South-East Asia Region,2020,Urine,Escherichia coli,Ampicillin,11131,5445,4542,83.4159779614325,83.4159779614325,0.0,True
THA,Thailand,South-East Asia Region,2020,Urine,Escherichia coli,Cefepime,11131,2919,696,23.8437821171634,23.84378211716341,-1.0658141036401503e-14,True
THA,Thailand,South-East Asia Region,2020,Urine,Escherichia coli,Cefotaxime,11131,6620,2961,44.7280966767372,44.72809667673716,4.263256414560601e-14,True
THA,Thailand,South-East Asia Region,2020,Urine,Escherichia coli,Ceftazidime,11131,7039,1824,25.9127717005256,25.912771700525646,-4.618527782440651e-14,True
THA,Thailand,South-East Asia Region,2020,Urine,Escherichia coli,Ceftriaxone,11131,4732,2116,44.7168216398986,44.71682163989856,3.552713678800501e-14,True
THA,Thailand,South-East Asia Region,2020,Urine,Escherichia coli,Ciprofloxacin,11131,5998,3712,61.8872957652551,61.88729576525509,7.105427357601002e-15,True
THA,Thailand,South-East Asia Region,2020,Urine,Escherichia coli,Ertapenem,11131,6483,269,4.14931358938763,4.14931358938763,0.0,True
THA,Thailand,South-East Asia Region,2020,Urine,Escherichia coli,Imipenem,11131,7266,235,3.23424167354803,3.234241673548032,-1.7763568394002505e-15,True
THA,Thailand,South-East Asia Region,2020,Urine,Escherichia coli,Levofloxacin,11131,2513,1513,60.2069239952248,60.20692399522483,-2.842170943040401e-14,True
THA,Thailand,South-East Asia Region,2020,Urine,Escherichia coli,Meropenem,11131,7275,235,3.23024054982818,3.230240549828179,8.881784197001252e-16,True
THA,Thailand,South-East Asia Region,2020,Urine,Escherichia coli,Trimethoprim/sulfamethoxazole,11131,7396,4007,54.1779340183883,54.17793401838832,-2.1316282072803006e-14,True
THA,Thailand,South-East Asia Region,2020,Urine,Klebsiella pneumoniae,Cefotaxime,11131,2110,1026,48.6255924170616,48.62559241706161,-1.4210854715202004e-14,True
THA,Thailand,South-East Asia Region,2020,Urine,Klebsiella pneumoniae,Ceftazidime,11131,2333,1062,45.5207886840977,45.52078868409773,-2.842170943040401e-14,True
THA,Thailand,South-East Asia Region,2020,Urine,Klebsiella pneumoniae,Ceftriaxone,11131,1694,896,52.8925619834711,52.892561983471076,2.1316282072803006e-14,True
THA,Thailand,South-East Asia Region,2020,Urine,Klebsiella pneumoniae,Ciprofloxacin,11131,2086,1234,59.1562799616491,59.15627996164909,7.105427357601002e-15,True
THA,Thailand,South-East Asia Region,2020,Urine,Klebsiella pneumoniae,Ertapenem,11131,2299,482,20.9656372335798,20.965637233579816,-1.7763568394002505e-14,True
THA,Thailand,South-East Asia Region,2020,Urine,Klebsiella pneumoniae,Imipenem,11131,2424,400,16.5016501650165,16.5016501650165,0.0,True
THA,Thailand,South-East Asia Region,2020,Urine,Klebsiella pneumoniae,Levofloxacin,11131,897,447,49.8327759197324,49.83277591973244,-4.263256414560601e-14,True
THA,Thailand,South-East Asia Region,2020,Urine,Klebsiella pneumoniae,Meropenem,11131,2426,425,17.5185490519373,17.518549051937345,-4.618527782440651e-14,True
THA,Thailand,South-East Asia Region,2020,Urine,Klebsiella pneumoniae,Trimethoprim/sulfamethoxazole,11131,2481,1196,48.2063683998388,48.20636839983877,2.842170943040401e-14,True
TUN,Tunisia,Eastern Mediterranean Region,2017,Blood,Acinetobacter,Imipenem,835,231,188,81.3852813852814,81.38528138528139,1.4210854715202004e-14,True
TUN,Tunisia,Eastern Mediterranean Region,2017,Blood,Acinetobacter,Meropenem,835,198,176,88.8888888888889,88.88888888888889,1.4210854715202004e-14,True
TUN,Tunisia,Eastern Mediterranean Region,2017,Blood,Escherichia coli,Ampicillin,835,78,61,78.2051282051282,78.2051282051282,0.0,True
TUN,Tunisia,Eastern Mediterranean Region,2017,Blood,Escherichia coli,Cefepime,835,73,23,31.5068493150685,31.506849315068493,7.105427357601002e-15,True
TUN,Tunisia,Eastern Mediterranean Region,2017,Blood,Escherichia coli,Cefotaxime,835,78,28,35.8974358974359,35.8974358974359,0.0,True
TUN,Tunisia,Eastern Mediterranean Region,2017,Blood,Escherichia coli,Ceftazidime,835,73,25,34.2465753424658,34.24657534246575,4.973799150320701e-14,True
TUN,Tunisia,Eastern Mediterranean Region,2017,Blood,Escherichia coli,Ciprofloxacin,835,78,14,17.9487179487179,17.94871794871795,-4.973799150320701e-14,True
TUN,Tunisia,Eastern Mediterranean Region,2017,Blood,Escherichia coli,Ertapenem,835,77,4,5.19480519480519,5.194805194805195,-4.440892098500626e-15,True
TUN,Tunisia,Eastern Mediterranean Region,2017,Blood,Escherichia coli,Imipenem,835,77,0,0.0,0.0,0.0,True
TUN,Tunisia,Eastern Mediterranean Region,2017,Blood,Escherichia coli,Tinidazole,835,78,28,35.8974358974359,35.8974358974359,0.0,True
TUN,Tunisia,Eastern Mediterranean Region,2017,Blood,Klebsiella pneumoniae,Cefepime,835,191,107,56.020942408377,56.02094240837696,4.263256414560601e-14,True
TUN,Tunisia,Eastern Mediterranean Region,2017,Blood,Klebsiella pneumoniae,Cefotaxime,835,160,117,73.125,73.125,0.0,True
TUN,Tunisia,Eastern Mediterranean Region,2017,Blood,Klebsiella pneumoniae,Ceftazidime,835,181,131,72.3756906077348,72.37569060773481,-1.4210854715202004e-14,True
TUN,Tunisia,Eastern Mediterranean Region,2017,Blood,Klebsiella pneumoniae,Ciprofloxacin,835,191,98,51.3089005235602,51.30890052356021,-1.4210854715202004e-14,True
TUN,Tunisia,Eastern Mediterranean Region,2017,Blood,Klebsiella pneumoniae,Colistin,835,75,4,5.33333333333333,5.333333333333334,-3.552713678800501e-15,True
TUN,Tunisia,Eastern Mediterranean Region,2017,Blood,Klebsiella pneumoniae,Ertapenem,835,188,51,27.1276595744681,27.127659574468083,1.7763568394002505e-14,True
TUN,Tunisia,Eastern Mediterranean Region,2017,Blood,Klebsiella pneumoniae,Imipenem,835,193,26,13.4715025906736,13.471502590673575,2.4868995751603507e-14,True
TUN,Tunisia,Eastern Mediterranean Region,2017,Blood,Staphylococcus aureus,Meticillin,835,264,57,21.5909090909091,21.59090909090909,1.0658141036401503e-14,True
TUN,Tunisia,Eastern Mediterranean Region,2017,Urine,Escherichia coli,Ampicillin,3523,2300,1609,69.9565217391304,69.95652173913044,-4.263256414560601e-14,True
TUN,Tunisia,Eastern Mediterranean Region,2017,Urine,Escherichia coli,Cefepime,3523,1486,167,11.2382234185734,11.238223418573352,4.796163466380676e-14,True
TUN,Tunisia,Eastern Mediterranean Region,2017,Urine,Escherichia coli,Cefotaxime,3523,2234,436,19.5165622202328,19.516562220232768,3.197442310920451e-14,True
TUN,Tunisia,Eastern Mediterranean Region,2017,Urine,Escherichia coli,Ceftazidime,3523,2219,358,16.1333934204597,16.133393420459665,3.552713678800501e-14,True
TUN,Tunisia,Eastern Mediterranean Region,2017,Urine,Escherichia coli,Ciprofloxacin,3523,2195,758,34.5330296127563,34.533029612756266,3.552713678800501e-14,True
TUN,Tunisia,Eastern Mediterranean Region,2017,Urine,Escherichia coli,Colistin,3523,827,0,0.0,0.0,0.0,True
TUN,Tunisia,Eastern Mediterranean Region,2017,Urine,Escherichia coli,Ertapenem,3523,2198,15,0.682438580527753,0.6824385805277525,4.440892098500626e-16,True
TUN,Tunisia,Eastern Mediterranean Region,2017,Urine,Escherichia coli,Imipenem,3523,2195,1,0.0455580865603645,0.04555808656036447,3.469446951953614e-17,True
TUN,Tunisia,Eastern Mediterranean Region,2017,Urine,Escherichia coli,Meropenem,3523,230,0,0.0,0.0,0.0,True
TUN,Tunisia,Eastern Mediterranean Region,2017,Urine,Klebsiella pneumoniae,Cefepime,3523,886,261,29.4582392776524,29.45823927765237,2.842170943040401e-14,True
TUN,Tunisia,Eastern Mediterranean Region,2017,Urine,Klebsiella pneumoniae,Cefotaxime,3523,1083,384,35.4570637119114,35.45706371191136,4.263256414560601e-14,True
TUN,Tunisia,Eastern Mediterranean Region,2017,Urine,Klebsiella pneumoniae,Ceftazidime,3523,1127,391,34.6938775510204,34.69387755102041,-7.105427357601002e-15,True
TUN,Tunisia,Eastern Mediterranean Region,2017,Urine,Klebsiella pneumoniae,Ciprofloxacin,3523,1106,391,35.3526220614828,35.35262206148282,-2.1316282072803006e-14,True
TUN,Tunisia,Eastern Mediterranean Region,2017,Urine,Klebsiella pneumoniae,Colistin,3523,207,5,2.41545893719807,2.4154589371980677,2.220446049250313e-15,True
TUN,Tunisia,Eastern Mediterranean Region,2017,Urine,Klebsiella pneumoniae,Ertapenem,3523,1141,112,9.8159509202454,9.815950920245399,1.7763568394002505e-15,True
TUN,Tunisia,Eastern Mediterranean Region,2017,Urine,Klebsiella pneumoniae,Imipenem,3523,1135,24,2.11453744493392,2.1145374449339207,-8.881784197001252e-16,True
TUN,Tunisia,Eastern Mediterranean Region,2018,Blood,Acinetobacter,Imipenem,1660,210,173,82.3809523809524,82.38095238095238,1.4210854715202004e-14,True
TUN,Tunisia,Eastern Mediterranean Region,2018,Blood,Acinetobacter,Meropenem,1660,110,69,62.7272727272727,62.727272727272734,-3.552713678800501e-14,True
TUN,Tunisia,Eastern Mediterranean Region,2018,Blood,Escherichia coli,Ampicillin,1660,205,166,80.9756097560976,80.97560975609757,2.842170943040401e-14,True
TUN,Tunisia,Eastern Mediterranean Region,2018,Blood,Escherichia coli,Cefepime,1660,211,59,27.9620853080569,27.96208530805687,2.842170943040401e-14,True
TUN,Tunisia,Eastern Mediterranean Region,2018,Blood,Escherichia coli,Cefotaxime,1660,250,85,34.0,34.0,0.0,True
TUN,Tunisia,Eastern Mediterranean Region,2018,Blood,Escherichia coli,Ceftazidime,1660,194,59,30.4123711340206,30.412371134020617,-1.7763568394002505e-14,True
TUN,Tunisia,Eastern Mediterranean Region,2018,Blood,Escherichia coli,Ciprofloxacin,1660,241,84,34.8547717842324,34.85477178423236,3.552713678800501e-14,True
TUN,Tunisia,Eastern Mediterranean Region,2018,Blood,Escherichia coli,Ertapenem,1660,273,4,1.46520146520147,1.465201465201465,4.884981308350689e-15,True
TUN,Tunisia,Eastern Mediterranean Region,2018,Blood,Escherichia coli,Imipenem,1660,249,1,0.401606425702811,0.4016064257028112,-1.6653345369377348e-16,True
TUN,Tunisia,Eastern Mediterranean Region,2018,Blood,Escherichia coli,Tinidazole,1660,250,85,34.0,34.0,0.0,True
TUN,Tunisia,Eastern Mediterranean Region,2018,Blood,Klebsiella pneumoniae,Cefepime,1660,384,236,61.4583333333333,61.458333333333336,-3.552713678800501e-14,True
TUN,Tunisia,Eastern Mediterranean Region,2018,Blood,Klebsiella pneumoniae,Cefotaxime,1660,373,233,62.4664879356568,62.466487935656836,-3.552713678800501e-14,True
TUN,Tunisia,Eastern Mediterranean Region,2018,Blood,Klebsiella pneumoniae,Ceftazidime,1660,300,200,66.6666666666667,66.66666666666666,4.263256414560601e-14,True
TUN,Tunisia,Eastern Mediterranean Region,2018,Blood,Klebsiella pneumoniae,Ciprofloxacin,1660,378,165,43.6507936507937,43.65079365079365,4.973799150320701e-14,True
TUN,Tunisia,Eastern Mediterranean Region,2018,Blood,Klebsiella pneumoniae,Colistin,1660,77,6,7.79220779220779,7.792207792207792,-1.7763568394002505e-15,True
TUN,Tunisia,Eastern Mediterranean Region,2018,Blood,Klebsiella pneumoniae,Ertapenem,1660,474,125,26.3713080168776,26.371308016877638,-3.907985046680551e-14,True
TUN,Tunisia,Eastern Mediterranean Region,2018,Blood,Klebsiella pneumoniae,Imipenem,1660,400,55,13.75,13.750000000000002,-1.7763568394002505e-15,True
TUN,Tunisia,Eastern Mediterranean Region,2018,Blood,Staphylococcus aureus,Meticillin,1660,36,8,22.2222222222222,22.22222222222222,-2.1316282072803006e-14,True
TUN,Tunisia,Eastern Mediterranean Region,2018,Urine,Escherichia coli,Ampicillin,12711,6846,4930,72.0128542214432,72.01285422144318,2.842170943040401e-14,True
TUN,Tunisia,Eastern Mediterranean Region,2018,Urine,Escherichia coli,Cefepime,12711,6892,869,12.6088218224028,12.608821822402785,1.5987211554602254e-14,True
TUN,Tunisia,Eastern Mediterranean Region,2018,Urine,Escherichia coli,Cefotaxime,12711,7965,1299,16.3088512241055,16.30885122410546,3.907985046680551e-14,True
TUN,Tunisia,Eastern Mediterranean Region,2018,Urine,Escherichia coli,Ceftazidime,12711,6205,889,14.3271555197421,14.327155519742144,-4.440892098500626e-14,True
TUN,Tunisia,Eastern Mediterranean Region,2018,Urine,Escherichia coli,Ciprofloxacin,12711,7830,1938,24.7509578544061,24.75095785440613,-3.197442310920451e-14,True
TUN,Tunisia,Eastern Mediterranean Region,2018,Urine,Escherichia coli,Colistin,12711,1130,4,0.353982300884956,0.35398230088495575,2.7755575615628914e-16,True
TUN,Tunisia,Eastern Mediterranean Region,2018,Urine,Escherichia coli,Ertapenem,12711,9212,36,0.390794615718628,0.39079461571862784,1.6653345369377348e-16,True
TUN,Tunisia,Eastern Mediterranean Region,2018,Urine,Escherichia coli,Imipenem,12711,7981,6,0.0751785490540033,0.07517854905400326,4.163336342344337e-17,True
TUN,Tunisia,Eastern Mediterranean Region,2018,Urine,Escherichia coli,Meropenem,12711,1961,3,0.152983171851096,0.1529831718510964,-3.885780586188048e-16,True
TUN,Tunisia,Eastern Mediterranean Region,2018,Urine,Klebsiella pneumoniae,Cefepime,12711,1650,469,28.4242424242424,28.424242424242426,-2.4868995751603507e-14,True
TUN,Tunisia,Eastern Mediterranean Region,2018,Urine,Klebsiella pneumoniae,Cefotaxime,12711,1985,660,33.2493702770781,33.249370277078086,1.4210854715202004e-14,True
TUN,Tunisia,Eastern Mediterranean Region,2018,Urine,Klebsiella pneumoniae,Ceftazidime,12711,1518,516,33.9920948616601,33.99209486166008,2.1316282072803006e-14,True
TUN,Tunisia,Eastern Mediterranean Region,2018,Urine,Klebsiella pneumoniae,Ciprofloxacin,12711,1971,582,29.5281582952816,29.52815829528158,1.7763568394002505e-14,True
TUN,Tunisia,Eastern Mediterranean Region,2018,Urine,Klebsiella pneumoniae,Colistin,12711,221,4,1.80995475113122,1.809954751131222,-1.9984014443252818e-15,True
TUN,Tunisia,Eastern Mediterranean Region,2018,Urine,Klebsiella pneumoniae,Ertapenem,12711,2268,212,9.34744268077601,9.347442680776014,-3.552713678800501e-15,True
TUN,Tunisia,Eastern Mediterranean Region,2018,Urine,Klebsiella pneumoniae,Imipenem,12711,1944,70,3.60082304526749,3.60082304526749,0.0,True
TUN,Tunisia,Eastern Mediterranean Region,2019,Blood,Acinetobacter,Colistin,922,40,2,5.0,5.0,0.0,True
TUN,Tunisia,Eastern Mediterranean Region,2019,Blood,Acinetobacter,Imipenem,932,112,92,82.1428571428571,82.14285714285714,-4.263256414560601e-14,True
TUN,Tunisia,Eastern Mediterranean Region,2019,Blood,Acinetobacter,Meropenem,932,61,55,90.1639344262295,90.1639344262295,0.0,True
TUN,Tunisia,Eastern Mediterranean Region,2019,Blood,Escherichia coli,Ampicillin,932,109,86,78.8990825688073,78.89908256880734,-4.263256414560601e-14,True
TUN,Tunisia,Eastern Mediterranean Region,2019,Blood,Escherichia coli,Cefepime,932,118,25,21.1864406779661,21.1864406779661,0.0,True
TUN,Tunisia,Eastern Mediterranean Region,2019,Blood,Escherichia coli,Cefotaxime,932,108,39,36.1111111111111,36.11111111111111,-7.105427357601002e-15,True
TUN,Tunisia,Eastern Mediterranean Region,2019,Blood,Escherichia coli,Ceftazidime,932,87,23,26.4367816091954,26.436781609195403,-3.552713678800501e-15,True
TUN,Tunisia,Eastern Mediterranean Region,2019,Blood,Escherichia coli,Ciprofloxacin,932,107,30,28.0373831775701,28.037383177570092,7.105427357601002e-15,True
TUN,Tunisia,Eastern Mediterranean Region,2019,Blood,Escherichia coli,Ertapenem,932,143,1,0.699300699300699,0.6993006993006993,-2.220446049250313e-16,True
TUN,Tunisia,Eastern Mediterranean Region,2019,Blood,Escherichia coli,Imipenem,932,108,0,0.0,0.0,0.0,True
TUN,Tunisia,Eastern Mediterranean Region,2019,Blood,Escherichia coli,Levofloxacin,922,34,9,26.4705882352941,26.47058823529412,-1.7763568394002505e-14,True
TUN,Tunisia,Eastern Mediterranean Region,2019,Blood,Escherichia coli,Tinidazole,932,108,39,36.1111111111111,36.11111111111111,-7.105427357601002e-15,True
TUN,Tunisia,Eastern Mediterranean Region,2019,Blood,Escherichia coli,Trimethoprim/sulfamethoxazole,922,103,41,39.8058252427184,39.80582524271845,-4.973799150320701e-14,True
TUN,Tunisia,Eastern Mediterranean Region,2019,Blood,Klebsiella pneumoniae,Cefepime,932,211,134,63.5071090047393,63.507109004739334,-3.552713678800501e-14,True
TUN,Tunisia,Eastern Mediterranean Region,2019,Blood,Klebsiella pneumoniae,Cefotaxime,932,215,147,68.3720930232558,68.37209302325581,-1.4210854715202004e-14,True
TUN,Tunisia,Eastern Mediterranean Region,2019,Blood,Klebsiella pneumoniae,Ceftazidime,932,149,97,65.1006711409396,65.1006711409396,0.0,True
TUN,Tunisia,Eastern Mediterranean Region,2019,Blood,Klebsiella pneumoniae,Ciprofloxacin,932,196,93,47.4489795918367,47.44897959183674,-4.263256414560601e-14,True
TUN,Tunisia,Eastern Mediterranean Region,2019,Blood,Klebsiella pneumoniae,Colistin,932,33,7,21.2121212121212,21.21212121212121,-1.0658141036401503e-14,True
TUN,Tunisia,Eastern Mediterranean Region,2019,Blood,Klebsiella pneumoniae,Ertapenem,932,256,71,27.734375,27.734375,0.0,True
TUN,Tunisia,Eastern Mediterranean Region,2019,Blood,Klebsiella pneumoniae,Imipenem,932,200,35,17.5,17.5,0.0,True
TUN,Tunisia,Eastern Mediterranean Region,2019,Blood,Klebsiella pneumoniae,Levofloxacin,922,73,30,41.0958904109589,41.0958904109589,0.0,True
TUN,Tunisia,Eastern Mediterranean Region,2019,Blood,Klebsiella pneumoniae,Meropenem,922,44,25,56.8181818181818,56.81818181818182,-2.1316282072803006e-14,True
TUN,Tunisia,Eastern Mediterranean Region,2019,Blood,Klebsiella pneumoniae,Trimethoprim/sulfamethoxazole,922,189,92,48.6772486772487,48.67724867724868,2.1316282072803006e-14,True
TUN,Tunisia,Eastern Mediterranean Region,2019,Blood,Salmonella,Cefotaxime,922,19,0,0.0,0.0,0.0,True
TUN,Tunisia,Eastern Mediterranean Region,2019,Blood,Salmonella,Ceftazidime,922,15,0,0.0,0.0,0.0,True
TUN,Tunisia,Eastern Mediterranean Region,2019,Blood,Salmonella,Ciprofloxacin,922,17,0,0.0,0.0,0.0,True
TUN,Tunisia,Eastern Mediterranean Region,2019,Blood,Salmonella,Ertapenem,922,21,0,0.0,0.0,0.0,True
TUN,Tunisia,Eastern Mediterranean Region,2019,Blood,Salmonella,Imipenem,922,19,0,0.0,0.0,0.0,True
TUN,Tunisia,Eastern Mediterranean Region,2019,Blood,Staphylococcus aureus,Cefoxitin,922,281,49,17.4377224199288,17.437722419928825,-2.4868995751603507e-14,True
TUN,Tunisia,Eastern Mediterranean Region,2019,Blood,Staphylococcus aureus,Meticillin,932,281,49,17.4377224199288,17.437722419928825,-2.4868995751603507e-14,True
TUN,Tunisia,Eastern Mediterranean Region,2019,Stool,Salmonella,Cefotaxime,26,23,1,4.34782608695652,4.3478260869565215,-1.7763568394002505e-15,True
TUN,Tunisia,Eastern Mediterranean Region,2019,Stool,Salmonella,Ceftazidime,26,22,1,4.54545454545455,4.545454545454546,4.440892098500626e-15,True
TUN,Tunisia,Eastern Mediterranean Region,2019,Stool,Salmonella,Ciprofloxacin,26,23,5,21.7391304347826,21.73913043478261,-1.0658141036401503e-14,True
TUN,Tunisia,Eastern Mediterranean Region,2019,Stool,Salmonella,Ertapenem,26,25,0,0.0,0.0,0.0,True
TUN,Tunisia,Eastern Mediterranean Region,2019,Stool,Salmonella,Imipenem,26,20,0,0.0,0.0,0.0,True
TUN,Tunisia,Eastern Mediterranean Region,2019,Stool,Salmonella,Levofloxacin,26,11,2,18.1818181818182,18.181818181818183,1.7763568394002505e-14,True
TUN,Tunisia,Eastern Mediterranean Region,2019,Urine,Escherichia coli,Ampicillin,5444,3103,2215,71.3825330325491,71.38253303254915,-4.263256414560601e-14,True
TUN,Tunisia,Eastern Mediterranean Region,2019,Urine,Escherichia coli,Cefepime,5444,3663,519,14.1687141687142,14.16871416871417,3.019806626980426e-14,True
TUN,Tunisia,Eastern Mediterranean Region,2019,Urine,Escherichia coli,Cefotaxime,5444,3652,559,15.3066812705367,15.306681270536693,7.105427357601002e-15,True
TUN,Tunisia,Eastern Mediterranean Region,2019,Urine,Escherichia coli,Ceftazidime,5444,2168,257,11.8542435424354,11.854243542435425,-2.4868995751603507e-14,True
TUN,Tunisia,Eastern Mediterranean Region,2019,Urine,Escherichia coli,Ciprofloxacin,5444,3244,709,21.8557336621455,21.8557336621455,0.0,True
TUN,Tunisia,Eastern Mediterranean Region,2019,Urine,Escherichia coli,Colistin,5444,45,1,2.22222222222222,2.2222222222222223,-2.220446049250313e-15,True
TUN,Tunisia,Eastern Mediterranean Region,2019,Urine,Escherichia coli,Ertapenem,5444,4374,15,0.342935528120713,0.3429355281207133,-3.3306690738754696e-16,True
TUN,Tunisia,Eastern Mediterranean Region,2019,Urine,Escherichia coli,Imipenem,5444,3206,3,0.0935745477230193,0.09357454772301933,-2.7755575615628914e-17,True
TUN,Tunisia,Eastern Mediterranean Region,2019,Urine,Escherichia coli,Levofloxacin,5444,1466,415,28.3083219645293,28.30832196452933,-3.197442310920451e-14,True
TUN,Tunisia,Eastern Mediterranean Region,2019,Urine,Escherichia coli,Meropenem,5444,281,0,0.0,0.0,0.0,True
TUN,Tunisia,Eastern Mediterranean Region,2019,Urine,Escherichia coli,Trimethoprim/sulfamethoxazole,5444,3643,1356,37.222069722756,37.22206972275597,2.842170943040401e-14,True
TUN,Tunisia,Eastern Mediterranean Region,2019,Urine,Klebsiella pneumoniae,Cefepime,5444,726,236,32.5068870523416,32.5068870523416,0.0,True
TUN,Tunisia,Eastern Mediterranean Region,2019,Urine,Klebsiella pneumoniae,Cefotaxime,5444,706,244,34.5609065155807,34.56090651558073,-3.552713678800501e-14,True
TUN,Tunisia,Eastern Mediterranean Region,2019,Urine,Klebsiella pneumoniae,Ceftazidime,5444,372,123,33.0645161290323,33.064516129032256,4.263256414560601e-14,True
TUN,Tunisia,Eastern Mediterranean Region,2019,Urine,Klebsiella pneumoniae,Ciprofloxacin,5444,655,187,28.5496183206107,28.549618320610687,1.4210854715202004e-14,True
TUN,Tunisia,Eastern Mediterranean Region,2019,Urine,Klebsiella pneumoniae,Colistin,5444,94,7,7.4468085106383,7.446808510638298,2.6645352591003757e-15,True
TUN,Tunisia,Eastern Mediterranean Region,2019,Urine,Klebsiella pneumoniae,Ertapenem,5444,919,119,12.9488574537541,12.948857453754082,1.7763568394002505e-14,True
TUN,Tunisia,Eastern Mediterranean Region,2019,Urine,Klebsiella pneumoniae,Imipenem,5444,630,67,10.6349206349206,10.634920634920634,-3.375077994860476e-14,True
TUN,Tunisia,Eastern Mediterranean Region,2019,Urine,Klebsiella pneumoniae,Levofloxacin,5444,368,109,29.6195652173913,29.6195652173913,0.0,True
TUN,Tunisia,Eastern Mediterranean Region,2019,Urine,Klebsiella pneumoniae,Meropenem,5444,114,32,28.0701754385965,28.07017543859649,1.0658141036401503e-14,True
TUN,Tunisia,Eastern Mediterranean Region,2019,Urine,Klebsiella pneumoniae,Trimethoprim/sulfamethoxazole,5444,725,272,37.5172413793103,37.51724137931035,-4.973799150320701e-14,True
TUN,Tunisia,Eastern Mediterranean Region,2020,Blood,Acinetobacter,Imipenem,917,113,96,84.9557522123894,84.95575221238938,1.4210854715202004e-14,True
TUN,Tunisia,Eastern Mediterranean Region,2020,Blood,Acinetobacter,Meropenem,917,103,93,90.2912621359223,90.29126213592234,-4.263256414560601e-14,True
TUN,Tunisia,Eastern Mediterranean Region,2020,Blood,Escherichia coli,Ampicillin,917,67,50,74.6268656716418,74.6268656716418,0.0,True
TUN,Tunisia,Eastern Mediterranean Region,2020,Blood,Escherichia coli,Cefepime,917,80,23,28.75,28.749999999999996,3.552713678800501e-15,True
TUN,Tunisia,Eastern Mediterranean Region,2020,Blood,Escherichia coli,Cefotaxime,917,80,24,30.0,30.0,0.0,True
TUN,Tunisia,Eastern Mediterranean Region,2020,Blood,Escherichia coli,Ceftazidime,917,74,23,31.0810810810811,31.08108108108108,1.7763568394002505e-14,True
TUN,Tunisia,Eastern Mediterranean Region,2020,Blood,Escherichia coli,Ciprofloxacin,917,80,26,32.5,32.5,0.0,True
TUN,Tunisia,Eastern Mediterranean Region,2020,Blood,Escherichia coli,Ertapenem,917,77,3,3.8961038961039,3.896103896103896,3.9968028886505635e-15,True
TUN,Tunisia,Eastern Mediterranean Region,2020,Blood,Escherichia coli,Imipenem,917,84,0,0.0,0.0,0.0,True
TUN,Tunisia,Eastern Mediterranean Region,2020,Blood,Escherichia coli,Tinidazole,917,74,23,31.0810810810811,31.08108108108108,1.7763568394002505e-14,True
TUN,Tunisia,Eastern Mediterranean Region,2020,Blood,Klebsiella pneumoniae,Cefepime,917,186,111,59.6774193548387,59.67741935483871,-1.4210854715202004e-14,True
TUN,Tunisia,Eastern Mediterranean Region,2020,Blood,Klebsiella pneumoniae,Cefotaxime,917,204,130,63.7254901960784,63.725490196078425,-2.842170943040401e-14,True
TUN,Tunisia,Eastern Mediterranean Region,2020,Blood,Klebsiella pneumoniae,Ceftazidime,917,171,105,61.4035087719298,61.40350877192983,-2.842170943040401e-14,True
TUN,Tunisia,Eastern Mediterranean Region,2020,Blood,Klebsiella pneumoniae,Ciprofloxacin,917,193,92,47.6683937823834,47.66839378238342,-2.1316282072803006e-14,True
TUN,Tunisia,Eastern Mediterranean Region,2020,Blood,Klebsiella pneumoniae,Colistin,917,12,0,0.0,0.0,0.0,True
TUN,Tunisia,Eastern Mediterranean Region,2020,Blood,Klebsiella pneumoniae,Ertapenem,917,150,45,30.0,30.0,0.0,True
TUN,Tunisia,Eastern Mediterranean Region,2020,Blood,Klebsiella pneumoniae,Imipenem,917,174,27,15.5172413793103,15.517241379310345,-4.440892098500626e-14,True
TUN,Tunisia,Eastern Mediterranean Region,2020,Blood,Staphylococcus aureus,Meticillin,917,157,19,12.1019108280255,12.101910828025478,2.3092638912203256e-14,True
TUN,Tunisia,Eastern Mediterranean Region,2020,Urine,Escherichia coli,Ampicillin,5309,1512,989,65.4100529100529,65.41005291005291,-1.4210854715202004e-14,True
TUN,Tunisia,Eastern Mediterranean Region,2020,Urine,Escherichia coli,Cefepime,5309,2364,310,13.1133671742809,13.11336717428088,1.9539925233402755e-14,True
TUN,Tunisia,Eastern Mediterranean Region,2020,Urine,Escherichia coli,Cefotaxime,5309,2681,385,14.3603133159269,14.360313315926893,7.105427357601002e-15,True
TUN,Tunisia,Eastern Mediterranean Region,2020,Urine,Escherichia coli,Ceftazidime,5309,2243,297,13.2411948283549,13.241194828354882,1.7763568394002505e-14,True
TUN,Tunisia,Eastern Mediterranean Region,2020,Urine,Escherichia coli,Ciprofloxacin,5309,2710,605,22.3247232472325,22.324723247232473,2.842170943040401e-14,True
TUN,Tunisia,Eastern Mediterranean Region,2020,Urine,Escherichia coli,Colistin,5309,19,0,0.0,0.0,0.0,True
TUN,Tunisia,Eastern Mediterranean Region,2020,Urine,Escherichia coli,Ertapenem,5309,2638,9,0.341167551175133,0.3411675511751327,2.7755575615628914e-16,True
TUN,Tunisia,Eastern Mediterranean Region,2020,Urine,Escherichia coli,Imipenem,5309,2857,2,0.0700035001750088,0.07000350017500875,4.163336342344337e-17,True
TUN,Tunisia,Eastern Mediterranean Region,2020,Urine,Escherichia coli,Meropenem,5309,956,1,0.104602510460251,0.10460251046025104,-4.163336342344337e-17,True
TUN,Tunisia,Eastern Mediterranean Region,2020,Urine,Klebsiella pneumoniae,Cefepime,5309,599,207,34.5575959933222,34.5575959933222,0.0,True
TUN,Tunisia,Eastern Mediterranean Region,2020,Urine,Klebsiella pneumoniae,Cefotaxime,5309,681,243,35.6828193832599,35.68281938325991,-1.4210854715202004e-14,True
TUN,Tunisia,Eastern Mediterranean Region,2020,Urine,Klebsiella pneumoniae,Ceftazidime,5309,617,214,34.6839546191248,34.6839546191248,0.0,True
TUN,Tunisia,Eastern Mediterranean Region,2020,Urine,Klebsiella pneumoniae,Ciprofloxacin,5309,683,200,29.2825768667643,29.282576866764277,2.1316282072803006e-14,True
TUN,Tunisia,Eastern Mediterranean Region,2020,Urine,Klebsiella pneumoniae,Colistin,5309,27,0,0.0,0.0,0.0,True
TUN,Tunisia,Eastern Mediterranean Region,2020,Urine,Klebsiella pneumoniae,Ertapenem,5309,629,57,9.06200317965024,9.062003179650238,1.7763568394002505e-15,True
TUN,Tunisia,Eastern Mediterranean Region,2020,Urine,Klebsiella pneumoniae,Imipenem,5309,684,32,4.67836257309941,4.678362573099415,-5.329070518200751e-15,True
UGA,Uganda,African Region,2017,Blood,Klebsiella pneumoniae,Ceftazidime,112,11,10,90.9090909090909,90.9090909090909,0.0,True
UGA,Uganda,African Region,2017,Blood,Klebsiella pneumoniae,Ciprofloxacin,112,10,2,20.0,20.0,0.0,True
UGA,Uganda,African Region,2017,Blood,Klebsiella pneumoniae,Imipenem,112,10,0,0.0,0.0,0.0,True
UGA,Uganda,African Region,2017,Blood,Klebsiella pneumoniae,Trimethoprim/sulfamethoxazole,112,10,10,100.0,100.0,0.0,True
UGA,Uganda,African Region,2017,Blood,Salmonella,Ciprofloxacin,112,50,6,12.0,12.0,0.0,True
UGA,Uganda,African Region,2017,Genital,Neisseria gonorrhoeae,Cefixime,355,352,0,0.0,0.0,0.0,True
UGA,Uganda,African Region,2017,Genital,Neisseria gonorrhoeae,Ceftriaxone,355,353,3,0.84985835694051,0.84985835694051,0.0,True
UGA,Uganda,African Region,2017,Genital,Neisseria gonorrhoeae,Ciprofloxacin,355,355,355,100.0,100.0,0.0,True
UGA,Uganda,African Region,2018,Blood,Klebsiella pneumoniae,Ceftazidime,76,12,6,50.0,50.0,0.0,True
UGA,Uganda,African Region,2018,Blood,Klebsiella pneumoniae,Ciprofloxacin,76,12,2,16.6666666666667,16.666666666666664,3.552713678800501e-14,True
UGA,Uganda,African Region,2018,Blood,Klebsiella pneumoniae,Imipenem,76,12,1,8.33333333333333,8.333333333333332,-1.7763568394002505e-15,True
UGA,Uganda,African Region,2018,Blood,Klebsiella pneumoniae,Trimethoprim/sulfamethoxazole,76,12,10,83.3333333333333,83.33333333333334,-4.263256414560601e-14,True
UGA,Uganda,African Region,2018,Blood,Salmonella,Ciprofloxacin,76,49,4,8.16326530612245,8.16326530612245,0.0,True
UGA,Uganda,African Region,2018,Genital,Neisseria gonorrhoeae,Cefixime,340,340,3,0.882352941176471,0.8823529411764706,4.440892098500626e-16,True
UGA,Uganda,African Region,2018,Genital,Neisseria gonorrhoeae,Ceftriaxone,340,340,2,0.588235294117647,0.5882352941176471,-1.1102230246251565e-16,True
UGA,Uganda,African Region,2018,Genital,Neisseria gonorrhoeae,Ciprofloxacin,340,340,340,100.0,100.0,0.0,True
UGA,Uganda,African Region,2019,Blood,Escherichia coli,Ampicillin,62,10,8,80.0,80.0,0.0,True
UGA,Uganda,African Region,2019,Blood,Escherichia coli,Cefepime,62,13,5,38.4615384615385,38.46153846153847,3.552713678800501e-14,True
UGA,Uganda,African Region,2019,Blood,Escherichia coli,Cefotaxime,62,10,6,60.0,60.0,0.0,True
UGA,Uganda,African Region,2019,Blood,Escherichia coli,Ceftriaxone,62,10,4,40.0,40.0,0.0,True
UGA,Uganda,African Region,2019,Blood,Escherichia coli,Ciprofloxacin,62,14,9,64.2857142857143,64.28571428571429,1.4210854715202004e-14,True
UGA,Uganda,African Region,2019,Blood,Escherichia coli,Colistin,62,11,1,9.09090909090909,9.090909090909092,-1.7763568394002505e-15,True
UGA,Uganda,African Region,2019,Blood,Escherichia coli,Trimethoprim/sulfamethoxazole,62,12,11,91.6666666666667,91.66666666666666,4.263256414560601e-14,True
UGA,Uganda,African Region,2019,Blood,Klebsiella pneumoniae,Cefepime,62,16,10,62.5,62.5,0.0,True
UGA,Uganda,African Region,2019,Blood,Klebsiella pneumoniae,Ceftazidime,70,14,13,92.8571428571429,92.85714285714286,4.263256414560601e-14,True
UGA,Uganda,African Region,2019,Blood,Klebsiella pneumoniae,Ceftriaxone,62,18,16,88.8888888888889,88.88888888888889,1.4210854715202004e-14,True
UGA,Uganda,African Region,2019,Blood,Klebsiella pneumoniae,Ciprofloxacin,70,20,3,15.0,15.0,0.0,True
UGA,Uganda,African Region,2019,Blood,Klebsiella pneumoniae,Colistin,62,18,3,16.6666666666667,16.666666666666664,3.552713678800501e-14,True
UGA,Uganda,African Region,2019,Blood,Klebsiella pneumoniae,Imipenem,70,17,0,0.0,0.0,0.0,True
UGA,Uganda,African Region,2019,Blood,Klebsiella pneumoniae,Levofloxacin,62,10,1,10.0,10.0,0.0,True
UGA,Uganda,African Region,2019,Blood,Klebsiella pneumoniae,Meropenem,62,12,0,0.0,0.0,0.0,True
UGA,Uganda,African Region,2019,Blood,Klebsiella pneumoniae,Trimethoprim/sulfamethoxazole,70,14,12,85.7142857142857,85.71428571428571,-1.4210854715202004e-14,True
UGA,Uganda,African Region,2019,Blood,Salmonella,Ceftriaxone,62,11,5,45.4545454545455,45.45454545454545,4.973799150320701e-14,True
UGA,Uganda,African Region,2019,Blood,Salmonella,Ciprofloxacin,70,17,1,5.88235294117647,5.88235294117647,0.0,True
UGA,Uganda,African Region,2019,Blood,Salmonella,Imipenem,62,12,0,0.0,0.0,0.0,True
UGA,Uganda,African Region,2019,Blood,Staphylococcus aureus,Cefoxitin,62,10,0,0.0,0.0,0.0,True
UGA,Uganda,African Region,2019,Blood,Staphylococcus aureus,Oxacillin,62,10,0,0.0,0.0,0.0,True
UGA,Uganda,African Region,2019,Genital,Neisseria gonorrhoeae,Cefixime,329,328,0,0.0,0.0,0.0,True
UGA,Uganda,African Region,2019,Genital,Neisseria gonorrhoeae,Ceftriaxone,329,328,0,0.0,0.0,0.0,True
UGA,Uganda,African Region,2019,Genital,Neisseria gonorrhoeae,Ciprofloxacin,329,328,327,99.6951219512195,99.6951219512195,0.0,True
UGA,Uganda,African Region,2019,Genital,Neisseria gonorrhoeae,Gentamicin,329,327,1,0.305810397553517,0.3058103975535168,2.220446049250313e-16,True
UGA,Uganda,African Region,2019,Stool,Salmonella,Ceftriaxone,16,15,0,0.0,0.0,0.0,True
UGA,Uganda,African Region,2019,Stool,Salmonella,Ciprofloxacin,16,16,0,0.0,0.0,0.0,True
UGA,Uganda,African Region,2019,Stool,Salmonella,Imipenem,16,16,0,0.0,0.0,0.0,True
UGA,Uganda,African Region,2019,Stool,Salmonella,Meropenem,16,10,0,0.0,0.0,0.0,True
UGA,Uganda,African Region,2019,Urine,Escherichia coli,Ampicillin,214,162,143,88.2716049382716,88.27160493827161,-1.4210854715202004e-14,True
UGA,Uganda,African Region,2019,Urine,Escherichia coli,Cefepime,214,143,65,45.4545454545455,45.45454545454545,4.973799150320701e-14,True
UGA,Uganda,African Region,2019,Urine,Escherichia coli,Cefotaxime,214,91,43,47.2527472527472,47.25274725274725,-4.973799150320701e-14,True
UGA,Uganda,African Region,2019,Urine,Escherichia coli,Ceftazidime,214,83,31,37.3493975903614,37.34939759036144,-4.263256414560601e-14,True
UGA,Uganda,African Region,2019,Urine,Escherichia coli,Ceftriaxone,214,166,93,56.0240963855422,56.024096385542165,3.552713678800501e-14,True
UGA,Uganda,African Region,2019,Urine,Escherichia coli,Ciprofloxacin,214,177,94,53.1073446327684,53.10734463276836,4.263256414560601e-14,True
UGA,Uganda,African Region,2019,Urine,Escherichia coli,Colistin,214,155,19,12.258064516129,12.258064516129032,-3.197442310920451e-14,True
UGA,Uganda,African Region,2019,Urine,Escherichia coli,Doripenem,214,55,0,0.0,0.0,0.0,True
UGA,Uganda,African Region,2019,Urine,Escherichia coli,Ertapenem,214,50,5,10.0,10.0,0.0,True
UGA,Uganda,African Region,2019,Urine,Escherichia coli,Imipenem,214,154,1,0.649350649350649,0.6493506493506493,-3.3306690738754696e-16,True
UGA,Uganda,African Region,2019,Urine,Escherichia coli,Levofloxacin,214,67,36,53.7313432835821,53.73134328358209,7.105427357601002e-15,True
UGA,Uganda,African Region,2019,Urine,Escherichia coli,Meropenem,214,93,1,1.0752688172043,1.0752688172043012,-1.3322676295501878e-15,True
UGA,Uganda,African Region,2019,Urine,Escherichia coli,Trimethoprim/sulfamethoxazole,214,137,118,86.1313868613139,86.13138686131386,4.263256414560601e-14,True
UGA,Uganda,African Region,2019,Urine,Klebsiella pneumoniae,Cefepime,214,29,14,48.2758620689655,48.275862068965516,-1.4210854715202004e-14,True
UGA,Uganda,African Region,2019,Urine,Klebsiella pneumoniae,Cefotaxime,214,15,10,66.6666666666667,66.66666666666666,4.263256414560601e-14,True
UGA,Uganda,African Region,2019,Urine,Klebsiella pneumoniae,Ceftazidime,214,14,8,57.1428571428571,57.14285714285714,-3.552713678800501e-14,True
UGA,Uganda,African Region,2019,Urine,Klebsiella pneumoniae,Ceftriaxone,214,32,23,71.875,71.875,0.0,True
UGA,Uganda,African Region,2019,Urine,Klebsiella pneumoniae,Ciprofloxacin,214,33,12,36.3636363636364,36.36363636363637,3.552713678800501e-14,True
UGA,Uganda,African Region,2019,Urine,Klebsiella pneumoniae,Colistin,214,29,7,24.1379310344828,24.137931034482758,4.263256414560601e-14,True
UGA,Uganda,African Region,2019,Urine,Klebsiella pneumoniae,Imipenem,214,29,3,10.3448275862069,10.344827586206897,3.552713678800501e-15,True
UGA,Uganda,African Region,2019,Urine,Klebsiella pneumoniae,Levofloxacin,214,18,8,44.4444444444444,44.44444444444444,-4.263256414560601e-14,True
UGA,Uganda,African Region,2019,Urine,Klebsiella pneumoniae,Meropenem,214,17,0,0.0,0.0,0.0,True
UGA,Uganda,African Region,2019,Urine,Klebsiella pneumoniae,Trimethoprim/sulfamethoxazole,214,29,24,82.7586206896552,82.75862068965517,2.842170943040401e-14,True
UGA,Uganda,African Region,2020,Blood,Klebsiella pneumoniae,Ceftazidime,133,19,14,73.6842105263158,73.68421052631578,1.4210854715202004e-14,True
UGA,Uganda,African Region,2020,Blood,Klebsiella pneumoniae,Ciprofloxacin,133,26,6,23.0769230769231,23.076923076923077,2.4868995751603507e-14,True
UGA,Uganda,African Region,2020,Blood,Klebsiella pneumoniae,Imipenem,133,14,1,7.14285714285714,7.142857142857142,-2.6645352591003757e-15,True
UGA,Uganda,African Region,2020,Blood,Klebsiella pneumoniae,Trimethoprim/sulfamethoxazole,133,22,18,81.8181818181818,81.81818181818183,-2.842170943040401e-14,True
UGA,Uganda,African Region,2020,Blood,Salmonella,Ciprofloxacin,133,22,0,0.0,0.0,0.0,True
UGA,Uganda,African Region,2020,Genital,Neisseria gonorrhoeae,Cefixime,290,290,2,0.689655172413793,0.6896551724137931,-1.1102230246251565e-16,True
UGA,Uganda,African Region,2020,Genital,Neisseria gonorrhoeae,Ceftriaxone,290,290,1,0.344827586206897,0.3448275862068966,4.440892098500626e-16,True
UGA,Uganda,African Region,2020,Genital,Neisseria gonorrhoeae,Ciprofloxacin,290,290,290,100.0,100.0,0.0,True
YEM,Yemen,Eastern Mediterranean Region,2019,Urine,Escherichia coli,Ampicillin,320,46,44,95.6521739130435,95.65217391304348,1.4210854715202004e-14,True
YEM,Yemen,Eastern Mediterranean Region,2019,Urine,Escherichia coli,Cefepime,320,69,41,59.4202898550725,59.42028985507246,3.552713678800501e-14,True
YEM,Yemen,Eastern Mediterranean Region,2019,Urine,Escherichia coli,Cefotaxime,320,172,128,74.4186046511628,74.4186046511628,0.0,True
YEM,Yemen,Eastern Mediterranean Region,2019,Urine,Escherichia coli,Ceftazidime,320,60,43,71.6666666666667,71.66666666666667,2.842170943040401e-14,True
YEM,Yemen,Eastern Mediterranean Region,2019,Urine,Escherichia coli,Ceftriaxone,320,193,139,72.020725388601,72.02072538860104,-4.263256414560601e-14,True
YEM,Yemen,Eastern Mediterranean Region,2019,Urine,Escherichia coli,Ciprofloxacin,320,187,103,55.0802139037433,55.080213903743314,-1.4210854715202004e-14,True
YEM,Yemen,Eastern Mediterranean Region,2019,Urine,Escherichia coli,Imipenem,320,193,5,2.59067357512953,2.5906735751295336,-3.552713678800501e-15,True
YEM,Yemen,Eastern Mediterranean Region,2019,Urine,Escherichia coli,Levofloxacin,320,176,82,46.5909090909091,46.590909090909086,1.4210854715202004e-14,True
YEM,Yemen,Eastern Mediterranean Region,2019,Urine,Escherichia coli,Meropenem,320,138,17,12.3188405797101,12.318840579710146,-4.618527782440651e-14,True
YEM,Yemen,Eastern Mediterranean Region,2019,Urine,Escherichia coli,Trimethoprim/sulfamethoxazole,320,171,95,55.5555555555556,55.55555555555556,4.263256414560601e-14,True
ZAF,South Africa,African Region,2017,Blood,Acinetobacter,Amikacin,2931,486,366,75.3086419753086,75.30864197530865,-4.263256414560601e-14,True
ZAF,South Africa,African Region,2017,Blood,Acinetobacter,Gentamicin,2931,486,428,88.0658436213992,88.06584362139918,1.4210854715202004e-14,True
ZAF,South Africa,African Region,2017,Blood,Acinetobacter,Imipenem,2931,393,393,100.0,100.0,0.0,True
ZAF,South Africa,African Region,2017,Blood,Acinetobacter,Meropenem,2931,486,435,89.5061728395062,89.50617283950618,2.842170943040401e-14,True
ZAF,South Africa,African Region,2017,Blood,Staphylococcus aureus,Meticillin,2931,781,186,23.8156209987196,23.81562099871959,7.105427357601002e-15,True
ZAF,South Africa,African Region,2017,Blood,Streptococcus pneumoniae,Benzylpenicillin,2931,471,133,28.2377919320594,28.237791932059448,-4.618527782440651e-14,True
ZAF,South Africa,African Region,2017,Blood,Streptococcus pneumoniae,Trimethoprim/sulfamethoxazole,2931,471,155,32.9087048832272,32.90870488322717,2.842170943040401e-14,True
ZAF,South Africa,African Region,2017,Genital,Neisseria gonorrhoeae,Azithromycin,286,274,0,0.0,0.0,0.0,True
ZAF,South Africa,African Region,2017,Genital,Neisseria gonorrhoeae,Ceftriaxone,286,286,0,0.0,0.0,0.0,True
ZAF,South Africa,African Region,2017,Genital,Neisseria gonorrhoeae,Spectinomycin,286,274,0,0.0,0.0,0.0,True
ZAF,South Africa,African Region,2017,Stool,Salmonella,Ceftazidime,1338,399,47,11.7794486215539,11.779448621553884,1.5987211554602254e-14,True
ZAF,South Africa,African Region,2017,Stool,Salmonella,Ceftriaxone,1338,599,61,10.1836393989983,10.18363939899833,-3.019806626980426e-14,True
ZAF,South Africa,African Region,2017,Stool,Salmonella,Ciprofloxacin,1338,593,123,20.7419898819562,20.741989881956155,4.618527782440651e-14,True
ZAF,South Africa,African Region,2017,Stool,Salmonella,Ertapenem,1338,397,2,0.503778337531486,0.5037783375314862,-1.1102230246251565e-16,True
ZAF,South Africa,African Region,2017,Stool,Salmonella,Imipenem,1338,479,6,1.25260960334029,1.2526096033402923,-2.220446049250313e-15,True
ZAF,South Africa,African Region,2017,Stool,Shigella,Ceftazidime,1338,456,5,1.09649122807018,1.0964912280701753,4.6629367034256575e-15,True
ZAF,South Africa,African Region,2017,Stool,Shigella,Ceftriaxone,1338,628,5,0.796178343949045,0.7961783439490446,3.3306690738754696e-16,True
ZAF,South Africa,African Region,2017,Stool,Shigella,Ciprofloxacin,1338,650,0,0.0,0.0,0.0,True
ZAF,South Africa,African Region,2018,Blood,Acinetobacter,Amikacin,20691,1797,1175,65.386755703951,65.38675570395102,-2.842170943040401e-14,True
ZAF,South Africa,African Region,2018,Blood,Acinetobacter,Gentamicin,20691,2976,2215,74.4287634408602,74.42876344086021,-1.4210854715202004e-14,True
ZAF,South Africa,African Region,2018,Blood,Acinetobacter,Imipenem,20691,2980,2311,77.5503355704698,77.5503355704698,0.0,True
ZAF,South Africa,African Region,2018,Blood,Acinetobacter,Meropenem,20691,2977,2322,77.9979845482029,77.9979845482029,0.0,True
ZAF,South Africa,African Region,2018,Blood,Staphylococcus aureus,Meticillin,20691,5603,1379,24.6118150990541,24.611815099054077,2.1316282072803006e-14,True
ZAF,South Africa,African Region,2018,Blood,Streptococcus pneumoniae,Benzylpenicillin,20691,405,18,4.44444444444444,4.444444444444445,-4.440892098500626e-15,True
ZAF,South Africa,African Region,2018,Blood,Streptococcus pneumoniae,Trimethoprim/sulfamethoxazole,20691,405,155,38.2716049382716,38.2716049382716,0.0,True
ZAF,South Africa,African Region,2018,Genital,Neisseria gonorrhoeae,Azithromycin,167,163,0,0.0,0.0,0.0,True
ZAF,South Africa,African Region,2018,Genital,Neisseria gonorrhoeae,Ceftriaxone,167,167,0,0.0,0.0,0.0,True
ZAF,South Africa,African Region,2018,Genital,Neisseria gonorrhoeae,Spectinomycin,167,163,0,0.0,0.0,0.0,True
ZAF,South Africa,African Region,2018,Stool,Salmonella,Ceftazidime,1481,426,48,11.2676056338028,11.267605633802818,-1.7763568394002505e-14,True
ZAF,South Africa,African Region,2018,Stool,Salmonella,Ceftriaxone,1481,602,53,8.80398671096346,8.803986710963455,5.329070518200751e-15,True
ZAF,South Africa,African Region,2018,Stool,Salmonella,Ciprofloxacin,1481,629,66,10.4928457869634,10.492845786963434,-3.375077994860476e-14,True
ZAF,South Africa,African Region,2018,Stool,Salmonella,Ertapenem,1481,490,2,0.408163265306122,0.40816326530612246,-4.440892098500626e-16,True
ZAF,South Africa,African Region,2018,Stool,Salmonella,Imipenem,1481,483,1,0.20703933747412,0.2070393374741201,-8.326672684688674e-17,True
ZAF,South Africa,African Region,2018,Stool,Shigella,Ceftazidime,1481,605,10,1.65289256198347,1.6528925619834711,-1.1102230246251565e-15,True
ZAF,South Africa,African Region,2018,Stool,Shigella,Ceftriaxone,1481,739,13,1.75913396481732,1.7591339648173208,-6.661338147750939e-16,True
ZAF,South Africa,African Region,2018,Stool,Shigella,Ciprofloxacin,1481,759,2,0.263504611330698,0.2635046113306983,-2.7755575615628914e-16,True
ZAF,South Africa,African Region,2019,Blood,Acinetobacter,Amikacin,20489,1529,1073,70.1765860039241,70.17658600392413,-2.842170943040401e-14,True
ZAF,South Africa,African Region,2019,Blood,Acinetobacter,Gentamicin,20489,2355,1785,75.7961783439491,75.79617834394905,4.263256414560601e-14,True
ZAF,South Africa,African Region,2019,Blood,Acinetobacter,Imipenem,20489,2330,1843,79.0987124463519,79.09871244635193,-2.842170943040401e-14,True
ZAF,South Africa,African Region,2019,Blood,Acinetobacter,Meropenem,20489,2307,1836,79.5838751625488,79.58387516254876,2.842170943040401e-14,True
ZAF,South Africa,African Region,2019,Blood,Acinetobacter,Minocycline,20489,11,6,54.5454545454545,54.54545454545454,-4.263256414560601e-14,True
ZAF,South Africa,African Region,2019,Blood,Acinetobacter,Tigecycline,20489,1367,17,1.24359912216533,1.2435991221653255,4.440892098500626e-15,True
ZAF,South Africa,African Region,2019,Blood,Escherichia coli,Ampicillin,20489,3925,3344,85.1974522292994,85.19745222929936,4.263256414560601e-14,True
ZAF,South Africa,African Region,2019,Blood,Escherichia coli,Cefepime,20489,3956,1168,29.5247724974722,29.524772497472195,3.552713678800501e-15,True
ZAF,South Africa,African Region,2019,Blood,Escherichia coli,Cefotaxime,20489,3979,1223,30.7363659210857,30.7363659210857,0.0,True
ZAF,South Africa,African Region,2019,Blood,Escherichia coli,Ceftazidime,20489,3969,1180,29.7304106827916,29.730410682791636,-3.552713678800501e-14,True
ZAF,South Africa,African Region,2019,Blood,Escherichia coli,Ceftriaxone,20489,3979,1223,30.7363659210857,30.7363659210857,0.0,True
ZAF,South Africa,African Region,2019,Blood,Escherichia coli,Ciprofloxacin,20489,3960,1135,28.6616161616162,28.66161616161616,4.263256414560601e-14,True
ZAF,South Africa,African Region,2019,Blood,Escherichia coli,Ertapenem,20489,3902,22,0.563813429010764,0.5638134290107637,3.3306690738754696e-16,True
ZAF,South Africa,African Region,2019,Blood,Escherichia coli,Imipenem,20489,3978,15,0.377073906485671,0.3770739064856712,-1.6653345369377348e-16,True
ZAF,South Africa,African Region,2019,Blood,Escherichia coli,Meropenem,20489,3948,17,0.430597771023303,0.43059777102330293,5.551115123125783e-17,True
ZAF,South Africa,African Region,2019,Blood,Escherichia coli,Trimethoprim/sulfamethoxazole,20489,3952,2895,73.2540485829959,73.25404858299595,-4.263256414560601e-14,True
ZAF,South Africa,African Region,2019,Blood,Klebsiella pneumoniae,Cefepime,20489,5748,4171,72.5643702157272,72.56437021572721,-1.4210854715202004e-14,True
ZAF,South Africa,African Region,2019,Blood,Klebsiella pneumoniae,Cefotaxime,20489,5802,4254,73.3195449844881,73.3195449844881,0.0,True
ZAF,South Africa,African Region,2019,Blood,Klebsiella pneumoniae,Ceftazidime,20489,5732,4182,72.9588276343336,72.95882763433357,2.842170943040401e-14,True
ZAF,South Africa,African Region,2019,Blood,Klebsiella pneumoniae,Ceftriaxone,20489,5802,4254,73.3195449844881,73.3195449844881,0.0,True
ZAF,South Africa,African Region,2019,Blood,Klebsiella pneumoniae,Ciprofloxacin,20489,5767,2069,35.8765389283856,35.87653892838564,-4.263256414560601e-14,True
ZAF,South Africa,African Region,2019,Blood,Klebsiella pneumoniae,Ertapenem,20489,5395,768,14.2354031510658,14.235403151065801,-1.7763568394002505e-15,True
ZAF,South Africa,African Region,2019,Blood,Klebsiella pneumoniae,Imipenem,20489,5737,808,14.0840160362559,14.084016036255884,1.5987211554602254e-14,True
ZAF,South Africa,African Region,2019,Blood,Klebsiella pneumoniae,Meropenem,20489,5722,806,14.0859839217057,14.085983921705697,3.552713678800501e-15,True
ZAF,South Africa,African Region,2019,Blood,Klebsiella pneumoniae,Trimethoprim/sulfamethoxazole,20489,5761,4209,73.0602325985072,73.0602325985072,0.0,True
ZAF,South Africa,African Region,2019,Blood,Salmonella,Cefotaxime,20489,720,33,4.58333333333333,4.583333333333333,-2.6645352591003757e-15,True
ZAF,South Africa,African Region,2019,Blood,Salmonella,Ceftazidime,20489,527,32,6.07210626185958,6.072106261859583,-2.6645352591003757e-15,True
ZAF,South Africa,African Region,2019,Blood,Salmonella,Ceftriaxone,20489,720,33,4.58333333333333,4.583333333333333,-2.6645352591003757e-15,True
ZAF,South Africa,African Region,2019,Blood,Salmonella,Ciprofloxacin,20489,709,53,7.475317348378,7.475317348377997,2.6645352591003757e-15,True
ZAF,South Africa,African Region,2019,Blood,Salmonella,Ertapenem,20489,711,0,0.0,0.0,0.0,True
ZAF,South Africa,African Region,2019,Blood,Salmonella,Imipenem,20489,714,0,0.0,0.0,0.0,True
ZAF,South Africa,African Region,2019,Blood,Salmonella,Meropenem,20489,716,2,0.279329608938547,0.27932960893854747,-4.440892098500626e-16,True
ZAF,South Africa,African Region,2019,Blood,Staphylococcus aureus,Meticillin,20489,5762,1230,21.3467545990975,21.346754599097537,-3.552713678800501e-14,True
ZAF,South Africa,African Region,2019,Blood,Staphylococcus aureus,Oxacillin,20489,5762,1230,21.3467545990975,21.346754599097537,-3.552713678800501e-14,True
ZAF,South Africa,African Region,2019,Blood,Streptococcus pneumoniae,Benzylpenicillin,20489,428,28,6.54205607476635,6.5420560747663545,-4.440892098500626e-15,True
ZAF,South Africa,African Region,2019,Blood,Streptococcus pneumoniae,Ceftriaxone,20489,428,14,3.27102803738318,3.2710280373831773,2.6645352591003757e-15,True
ZAF,South Africa,African Region,2019,Blood,Streptococcus pneumoniae,Trimethoprim/sulfamethoxazole,20489,428,157,36.6822429906542,36.68224299065421,-7.105427357601002e-15,True
ZAF,South Africa,African Region,2019,Genital,Neisseria gonorrhoeae,Azithromycin,227,225,0,0.0,0.0,0.0,True
ZAF,South Africa,African Region,2019,Genital,Neisseria gonorrhoeae,Cefixime,227,227,1,0.440528634361234,0.4405286343612335,4.996003610813204e-16,True
ZAF,South Africa,African Region,2019,Genital,Neisseria gonorrhoeae,Ceftriaxone,227,227,0,0.0,0.0,0.0,True
ZAF,South Africa,African Region,2019,Genital,Neisseria gonorrhoeae,Spectinomycin,227,225,0,0.0,0.0,0.0,True
ZAF,South Africa,African Region,2019,Stool,Salmonella,Cefotaxime,1225,538,50,9.29368029739777,9.293680297397769,1.7763568394002505e-15,True
ZAF,South Africa,African Region,2019,Stool,Salmonella,Ceftazidime,1225,413,41,9.9273607748184,9.927360774818402,-1.7763568394002505e-15,True
ZAF,South Africa,African Region,2019,Stool,Salmonella,Ceftriaxone,1225,538,50,9.29368029739777,9.293680297397769,1.7763568394002505e-15,True
ZAF,South Africa,African Region,2019,Stool,Salmonella,Ciprofloxacin,1225,560,43,7.67857142857143,7.678571428571429,8.881784197001252e-16,True
ZAF,South Africa,African Region,2019,Stool,Salmonella,Ertapenem,1225,481,2,0.415800415800416,0.4158004158004158,1.6653345369377348e-16,True
ZAF,South Africa,African Region,2019,Stool,Salmonella,Imipenem,1225,462,1,0.216450216450216,0.21645021645021645,-4.440892098500626e-16,True
ZAF,South Africa,African Region,2019,Stool,Shigella,Cefotaxime,1225,626,3,0.479233226837061,0.4792332268370607,2.7755575615628914e-16,True
ZAF,South Africa,African Region,2019,Stool,Shigella,Ceftazidime,1225,533,3,0.562851782363977,0.5628517823639775,-4.440892098500626e-16,True
ZAF,South Africa,African Region,2019,Stool,Shigella,Ceftriaxone,1225,626,3,0.479233226837061,0.4792332268370607,2.7755575615628914e-16,True
ZAF,South Africa,African Region,2019,Stool,Shigella,Ciprofloxacin,1225,649,0,0.0,0.0,0.0,True
ZAF,South Africa,African Region,2020,Blood,Acinetobacter,Amikacin,23840,2606,1606,61.6270145817345,61.627014581734464,3.552713678800501e-14,True
ZAF,South Africa,African Region,2020,Blood,Acinetobacter,Gentamicin,23840,4544,3178,69.9383802816901,69.93838028169014,-4.263256414560601e-14,True
ZAF,South Africa,African Region,2020,Blood,Acinetobacter,Imipenem,23840,4452,3277,73.607367475292,73.60736747529201,-1.4210854715202004e-14,True
ZAF,South Africa,African Region,2020,Blood,Acinetobacter,Meropenem,23840,4502,3331,73.989338071968,73.989338071968,0.0,True
ZAF,South Africa,African Region,2020,Blood,Staphylococcus aureus,Meticillin,23840,6135,1205,19.641401792991,19.641401792991033,-3.197442310920451e-14,True
ZAF,South Africa,African Region,2020,Blood,Streptococcus pneumoniae,Benzylpenicillin,23840,265,16,6.0377358490566,6.037735849056604,-4.440892098500626e-15,True
ZAF,South Africa,African Region,2020,Blood,Streptococcus pneumoniae,Trimethoprim/sulfamethoxazole,23840,265,101,38.1132075471698,38.113207547169814,-1.4210854715202004e-14,True
ZAF,South Africa,African Region,2020,Genital,Neisseria gonorrhoeae,Azithromycin,316,316,0,0.0,0.0,0.0,True
ZAF,South Africa,African Region,2020,Genital,Neisseria gonorrhoeae,Ceftriaxone,316,316,0,0.0,0.0,0.0,True
ZAF,South Africa,African Region,2020,Genital,Neisseria gonorrhoeae,Spectinomycin,316,309,0,0.0,0.0,0.0,True
ZAF,South Africa,African Region,2020,Stool,Salmonella,Ceftazidime,1138,468,42,8.97435897435897,8.974358974358974,-5.329070518200751e-15,True
ZAF,South Africa,African Region,2020,Stool,Salmonella,Ceftriaxone,1138,571,51,8.93169877408056,8.93169877408056,0.0,True
ZAF,South Africa,African Region,2020,Stool,Salmonella,Ciprofloxacin,1138,580,41,7.06896551724138,7.06896551724138,0.0,True
ZAF,South Africa,African Region,2020,Stool,Salmonella,Ertapenem,1138,539,3,0.556586270871985,0.5565862708719851,-1.1102230246251565e-16,True
ZAF,South Africa,African Region,2020,Stool,Salmonella,Imipenem,1138,500,2,0.4,0.4,0.0,True
ZAF,South Africa,African Region,2020,Stool,Shigella,Ceftazidime,1138,441,6,1.36054421768707,1.3605442176870748,-4.884981308350689e-15,True
ZAF,South Africa,African Region,2020,Stool,Shigella,Ceftriaxone,1138,481,7,1.45530145530146,1.4553014553014554,4.6629367034256575e-15,True
ZAF,South Africa,African Region,2020,Stool,Shigella,Ciprofloxacin,1138,494,2,0.404858299595142,0.4048582995951417,3.3306690738754696e-16,True
ZMB,Zambia,African Region,2019,Blood,Acinetobacter,Gentamicin,477,17,9,52.9411764705882,52.94117647058824,-3.552713678800501e-14,True
ZMB,Zambia,African Region,2019,Blood,Acinetobacter,Imipenem,477,11,0,0.0,0.0,0.0,True
ZMB,Zambia,African Region,2019,Blood,Escherichia coli,Ampicillin,477,157,145,92.3566878980892,92.35668789808918,2.842170943040401e-14,True
ZMB,Zambia,African Region,2019,Blood,Escherichia coli,Cefotaxime,477,71,45,63.3802816901408,63.38028169014085,-4.973799150320701e-14,True
ZMB,Zambia,African Region,2019,Blood,Escherichia coli,Ceftazidime,477,36,19,52.7777777777778,52.77777777777778,2.1316282072803006e-14,True
ZMB,Zambia,African Region,2019,Blood,Escherichia coli,Ciprofloxacin,477,135,69,51.1111111111111,51.11111111111111,-7.105427357601002e-15,True
ZMB,Zambia,African Region,2019,Blood,Escherichia coli,Imipenem,477,32,1,3.125,3.125,0.0,True
ZMB,Zambia,African Region,2019,Blood,Escherichia coli,Trimethoprim/sulfamethoxazole,477,25,22,88.0,88.0,0.0,True
ZMB,Zambia,African Region,2019,Blood,Klebsiella pneumoniae,Cefotaxime,477,49,41,83.6734693877551,83.6734693877551,0.0,True
ZMB,Zambia,African Region,2019,Blood,Klebsiella pneumoniae,Ceftazidime,477,34,29,85.2941176470588,85.29411764705883,-2.842170943040401e-14,True
ZMB,Zambia,African Region,2019,Blood,Klebsiella pneumoniae,Ciprofloxacin,477,91,49,53.8461538461538,53.84615384615385,-4.973799150320701e-14,True
ZMB,Zambia,African Region,2019,Blood,Klebsiella pneumoniae,Imipenem,477,45,0,0.0,0.0,0.0,True
ZMB,Zambia,African Region,2019,Blood,Klebsiella pneumoniae,Trimethoprim/sulfamethoxazole,477,14,12,85.7142857142857,85.71428571428571,-1.4210854715202004e-14,True
ZMB,Zambia,African Region,2019,Urine,Escherichia coli,Ampicillin,581,167,160,95.8083832335329,95.80838323353294,-4.263256414560601e-14,True
ZMB,Zambia,African Region,2019,Urine,Escherichia coli,Cefotaxime,581,40,21,52.5,52.5,0.0,True
ZMB,Zambia,African Region,2019,Urine,Escherichia coli,Ceftazidime,581,38,20,52.6315789473684,52.63157894736842,-1.4210854715202004e-14,True
ZMB,Zambia,African Region,2019,Urine,Escherichia coli,Ciprofloxacin,581,89,64,71.9101123595506,71.91011235955057,2.842170943040401e-14,True
ZMB,Zambia,African Region,2019,Urine,Escherichia coli,Imipenem,581,16,1,6.25,6.25,0.0,True
ZMB,Zambia,African Region,2019,Urine,Escherichia coli,Trimethoprim/sulfamethoxazole,581,22,16,72.7272727272727,72.72727272727273,-2.842170943040401e-14,True
ZMB,Zambia,African Region,2019,Urine,Klebsiella pneumoniae,Cefotaxime,581,14,5,35.7142857142857,35.714285714285715,-1.4210854715202004e-14,True
ZMB,Zambia,African Region,2019,Urine,Klebsiella pneumoniae,Ciprofloxacin,581,31,19,61.2903225806452,61.29032258064516,4.263256414560601e-14,True
ZMB,Zambia,African Region,2019,Urine,Klebsiella pneumoniae,Imipenem,581,20,0,0.0,0.0,0.0,True
